﻿<?xml version="1.0" encoding="utf-8"?>
<forms xmlns:xsi="http://www.w3.org/2001/XMLSchema-instance">
  <systemform>
    <formid>{fbd4628c-1c73-4482-9e33-0f9527060018}</formid>
    <IntroducedVersion>1.0</IntroducedVersion>
    <FormPresentation>1</FormPresentation>
    <FormActivationState>1</FormActivationState>
    <form>
      <tabs>
        <tab verticallayout="true" id="{e9353f86-2428-4976-956a-f77f984561bf}" name="StageStep3" locklevel="0" expanded="true" visible="false" labelid="{376452c4-9ac6-4f57-9332-3588b93c459e}">
          <labels>
            <label description="Shortlisting" languagecode="1033" />
          </labels>
          <columns>
            <column width="100%">
              <sections>
                <section showbar="false" columns="1" id="{ba96626d-257b-d0f8-96c6-9873cc635644}" name="StageStep3_section1" labelid="{4dd4ca17-f601-476a-83c6-9deaeadbc247}">
                  <labels>
                    <label description="Shortlisting" languagecode="1033" />
                  </labels>
                  <rows>
                    <row>
                      <cell id="{6ef0c7fc-2916-4ce5-b463-e076f56e3aa3}" showlabel="true" visible="true" labelid="{e0fe6e17-affe-4921-8c6b-04c2e9183155}">
                        <labels>
                          <label description="Application Source" languagecode="1033" />
                        </labels>
                        <control id="bpf_pfc_vacancyapplication_new_recruitmenttracker:pfc_applicationsource" classid="{3ef39988-22bb-4f0b-bbbe-64b5a3748aee}" datafieldname="pfc_applicationsource" relationship="bpf_pfc_vacancyapplication_new_recruitmenttracker" isrequired="true" disabled="false" />
                      </cell>
                    </row>
                    <row>
                      <cell id="{f5825ea1-e100-4611-9e58-8fd4bb4bb85a}" showlabel="true" visible="true" labelid="{7a1fc55e-a458-4112-8e25-18626cb1aa23}">
                        <labels>
                          <label description="Date Application, VBQ &amp; Docs Reviewed" languagecode="1033" />
                        </labels>
                        <control id="bpf_pfc_vacancyapplication_new_recruitmenttracker:pfc_dateapplicationvbqdocsreviewed" classid="{5b773807-9fb2-42db-97c3-7a91eff8adff}" datafieldname="pfc_dateapplicationvbqdocsreviewed" relationship="bpf_pfc_vacancyapplication_new_recruitmenttracker" isrequired="true" disabled="false" />
                      </cell>
                    </row>
                    <row>
                      <cell id="{ae1a9968-4427-4236-9486-04f578967b67}" showlabel="true" visible="true" labelid="{e4a58d87-15dc-4b91-84e0-f8e441efba6a}">
                        <labels>
                          <label description="Is Application Shortlisted" languagecode="1033" />
                        </labels>
                        <control id="bpf_pfc_vacancyapplication_new_recruitmenttracker:pfc_isapplicationshortlisted" classid="{3ef39988-22bb-4f0b-bbbe-64b5a3748aee}" datafieldname="pfc_isapplicationshortlisted" relationship="bpf_pfc_vacancyapplication_new_recruitmenttracker" isrequired="true" disabled="false" />
                      </cell>
                    </row>
                    <row>
                      <cell id="{9d735a55-2604-46f8-a4c7-3fb73264fd10}" showlabel="true" visible="true" labelid="{fb18ab7a-e73d-40c8-b7de-150dc30e1bdc}">
                        <labels>
                          <label description="Bookings Calendar Published?" languagecode="1033" />
                        </labels>
                        <control id="bpf_pfc_vacancyapplication_new_recruitmenttracker:pfc_bookingscalendarpublished" classid="{3ef39988-22bb-4f0b-bbbe-64b5a3748aee}" datafieldname="pfc_bookingscalendarpublished" relationship="bpf_pfc_vacancyapplication_new_recruitmenttracker" isrequired="false" disabled="false" />
                      </cell>
                    </row>
                    <row>
                      <cell id="{e12ec4b8-d6da-4ec8-93fe-401c558b4ed1}" showlabel="true" visible="true" labelid="{31621cee-a8b6-487c-b49f-13d1188a37de}">
                        <labels>
                          <label description="Telephone Interview Start Date" languagecode="1033" />
                        </labels>
                        <control id="bpf_pfc_vacancyapplication_new_recruitmenttracker:pfc_telephoneinterviewstartdate" classid="{5b773807-9fb2-42db-97c3-7a91eff8adff}" datafieldname="pfc_telephoneinterviewstartdate" relationship="bpf_pfc_vacancyapplication_new_recruitmenttracker" isrequired="false" disabled="false" />
                      </cell>
                    </row>
                    <row>
                      <cell id="{feb90a69-ee06-4f65-8224-b0ab07133aa5}" showlabel="true" visible="true" labelid="{4c78a9da-4eae-4335-823d-672efe8874ca}">
                        <labels>
                          <label description="Telephone Interview End Date" languagecode="1033" />
                        </labels>
                        <control id="bpf_pfc_vacancyapplication_new_recruitmenttracker:pfc_telephoneinterviewenddate" classid="{5b773807-9fb2-42db-97c3-7a91eff8adff}" datafieldname="pfc_telephoneinterviewenddate" relationship="bpf_pfc_vacancyapplication_new_recruitmenttracker" isrequired="false" disabled="false" />
                      </cell>
                    </row>
                    <row>
                      <cell id="{9298ccd4-6a82-47be-8b0c-005407eb2341}" showlabel="true" visible="true" labelid="{2239d2c2-5ca6-4316-b02f-25f83eaad6ae}">
                        <labels>
                          <label description="Reason for Deferral" languagecode="1033" />
                        </labels>
                        <control id="bpf_pfc_vacancyapplication_new_recruitmenttracker:pfc_reasonfordeferral" classid="{3ef39988-22bb-4f0b-bbbe-64b5a3748aee}" datafieldname="pfc_reasonfordeferral" relationship="bpf_pfc_vacancyapplication_new_recruitmenttracker" isrequired="false" disabled="false" />
                      </cell>
                    </row>
                    <row>
                      <cell id="{81405b77-1fe0-4370-aee0-e495367c86f9}" showlabel="true" visible="true" labelid="{71cdf28d-6ea6-4665-9a02-a1f0a8c28ffe}">
                        <labels>
                          <label description="Send Shortlisting Decision Email" languagecode="1033" />
                        </labels>
                        <control id="Step_20:0422141e-994b-eb11-a812-000d3a86ad30_flowstep" classid="{00ad73da-bd4d-49c6-88a8-2f4f4cad4a20}" datafieldname="Step_20" isrequired="false" disabled="false" />
                      </cell>
                    </row>
                    <row>
                      <cell id="{6a65203c-87a1-4476-87ee-84efb98cd132}" showlabel="true" visible="true" labelid="{bbf16cb6-52a2-4093-b772-a3d522a2d9da}">
                        <labels>
                          <label description="Date Shortlisting Email Sent" languagecode="1033" />
                        </labels>
                        <control id="bpf_pfc_vacancyapplication_new_recruitmenttracker:pfc_dateshortlistingemailsent" classid="{5b773807-9fb2-42db-97c3-7a91eff8adff}" datafieldname="pfc_dateshortlistingemailsent" relationship="bpf_pfc_vacancyapplication_new_recruitmenttracker" isrequired="true" disabled="false" />
                      </cell>
                    </row>
                  </rows>
                </section>
              </sections>
            </column>
          </columns>
        </tab>
        <tab verticallayout="true" id="{c50c7e3e-27ba-4493-84dd-1099a6f0fad7}" name="StageStep24" locklevel="0" expanded="true" visible="false" labelid="{cbed63ca-24b1-4c3b-8470-41acd24fa974}">
          <labels>
            <label description="Telephone Interview" languagecode="1033" />
          </labels>
          <columns>
            <column width="100%">
              <sections>
                <section showbar="false" columns="1" id="{eb592e30-ca4a-2cac-116b-86ea232c5b08}" name="StageStep24_section1" labelid="{8da703c4-c65d-4ea6-9c8d-327df176f3b4}">
                  <labels>
                    <label description="Telephone Interview" languagecode="1033" />
                  </labels>
                  <rows>
                    <row>
                      <cell id="{81032170-0121-4873-a274-92b40aa7fa08}" showlabel="true" visible="true" labelid="{b0f39784-cfb3-40bd-a946-22716b92b777}">
                        <labels>
                          <label description="Date Telephone Interview Scheduled" languagecode="1033" />
                        </labels>
                        <control id="bpf_pfc_vacancyapplication_new_recruitmenttracker:pfc_datetelephoneinterviewscheduled" classid="{5b773807-9fb2-42db-97c3-7a91eff8adff}" datafieldname="pfc_datetelephoneinterviewscheduled" relationship="bpf_pfc_vacancyapplication_new_recruitmenttracker" isrequired="false" disabled="false" />
                      </cell>
                    </row>
                    <row>
                      <cell id="{b3e0ae9b-9a53-4dc2-9bd0-445eb3d341a8}" showlabel="true" visible="true" labelid="{292c0044-0f69-4102-8eb8-ad7314ab885d}">
                        <labels>
                          <label description="Progress To Face To Face Interview" languagecode="1033" />
                        </labels>
                        <control id="bpf_pfc_vacancyapplication_new_recruitmenttracker:pfc_progresstofacetofaceinterview" classid="{3ef39988-22bb-4f0b-bbbe-64b5a3748aee}" datafieldname="pfc_progresstofacetofaceinterview" relationship="bpf_pfc_vacancyapplication_new_recruitmenttracker" isrequired="false" disabled="false" />
                      </cell>
                    </row>
                    <row>
                      <cell id="{dfc76b41-bb42-4aae-a04b-52e8908d4ae7}" showlabel="true" visible="true" labelid="{6ff0a628-3597-4773-8e50-5e814b78a19b}">
                        <labels>
                          <label description="Bookings Calendar Published?" languagecode="1033" />
                        </labels>
                        <control id="bpf_pfc_vacancyapplication_new_recruitmenttracker:pfc_facebookingscalendarpublished" classid="{3ef39988-22bb-4f0b-bbbe-64b5a3748aee}" datafieldname="pfc_facebookingscalendarpublished" relationship="bpf_pfc_vacancyapplication_new_recruitmenttracker" isrequired="false" disabled="false" />
                      </cell>
                    </row>
                    <row>
                      <cell id="{70750bb6-bf56-4b64-9268-b19a0860db74}" showlabel="true" visible="true" labelid="{4867d044-afe4-48de-b64d-56688e9f1539}">
                        <labels>
                          <label description="Face to Face Interview Start Date" languagecode="1033" />
                        </labels>
                        <control id="bpf_pfc_vacancyapplication_new_recruitmenttracker:pfc_facetofaceinterviewstartdate" classid="{5b773807-9fb2-42db-97c3-7a91eff8adff}" datafieldname="pfc_facetofaceinterviewstartdate" relationship="bpf_pfc_vacancyapplication_new_recruitmenttracker" isrequired="false" disabled="false" />
                      </cell>
                    </row>
                    <row>
                      <cell id="{33494437-dd56-4909-a75c-64197cd5c591}" showlabel="true" visible="true" labelid="{7a967cd2-6259-4ca9-8655-9b36a6afa42c}">
                        <labels>
                          <label description="Face to Face Interview End Date" languagecode="1033" />
                        </labels>
                        <control id="bpf_pfc_vacancyapplication_new_recruitmenttracker:pfc_facetofaceinterviewenddate" classid="{5b773807-9fb2-42db-97c3-7a91eff8adff}" datafieldname="pfc_facetofaceinterviewenddate" relationship="bpf_pfc_vacancyapplication_new_recruitmenttracker" isrequired="false" disabled="false" />
                      </cell>
                    </row>
                    <row>
                      <cell id="{6c524f81-6782-401b-8797-ebbca0933bc7}" showlabel="true" visible="true" labelid="{b116c8a8-127a-421b-9765-50db65dff55b}">
                        <labels>
                          <label description="Reason For Deferral" languagecode="1033" />
                        </labels>
                        <control id="bpf_pfc_vacancyapplication_new_recruitmenttracker:pfc_reasonfordeferraltelephone" classid="{3ef39988-22bb-4f0b-bbbe-64b5a3748aee}" datafieldname="pfc_reasonfordeferraltelephone" relationship="bpf_pfc_vacancyapplication_new_recruitmenttracker" isrequired="false" disabled="false" />
                      </cell>
                    </row>
                    <row>
                      <cell id="{9b7ca42c-bbe4-4b78-b2fe-9066e5a1be42}" showlabel="true" visible="true" labelid="{ce9fd347-8f40-471e-87e5-9c9deadab87d}">
                        <labels>
                          <label description="Send Feedback Email" languagecode="1033" />
                        </labels>
                        <control id="Step_39:22fb395b-184d-eb11-a812-000d3a86ad30_flowstep" classid="{00ad73da-bd4d-49c6-88a8-2f4f4cad4a20}" datafieldname="Step_39" isrequired="false" disabled="false" />
                      </cell>
                    </row>
                    <row>
                      <cell id="{96c6b3c0-3019-408f-a842-d7537cc0c75d}" showlabel="true" visible="true" labelid="{50673d0b-3408-4719-a7aa-c3183ea4dc6c}">
                        <labels>
                          <label description="Date Telephone Interview Feedback Sent" languagecode="1033" />
                        </labels>
                        <control id="bpf_pfc_vacancyapplication_new_recruitmenttracker:pfc_datetelephoneinterviewfeedbacksent" classid="{5b773807-9fb2-42db-97c3-7a91eff8adff}" datafieldname="pfc_datetelephoneinterviewfeedbacksent" relationship="bpf_pfc_vacancyapplication_new_recruitmenttracker" isrequired="true" disabled="false" />
                      </cell>
                    </row>
                  </rows>
                </section>
              </sections>
            </column>
          </columns>
        </tab>
        <tab verticallayout="true" id="{22874cdc-eeb4-48b8-9efa-183521bc0ed8}" name="StageStep43" locklevel="0" expanded="true" visible="false" labelid="{0a016702-70cf-4cb8-9a1e-f3263e243016}">
          <labels>
            <label description="Face To Face Interview" languagecode="1033" />
          </labels>
          <columns>
            <column width="100%">
              <sections>
                <section showbar="false" columns="1" id="{ef62a180-de7c-9dd6-26ac-a4f3150d878f}" name="StageStep43_section1" labelid="{ac25b486-fbfc-4203-aafd-c933770eaace}">
                  <labels>
                    <label description="Face To Face Interview" languagecode="1033" />
                  </labels>
                  <rows>
                    <row>
                      <cell id="{51b7614f-2d40-401a-a954-0998062a53b8}" showlabel="true" visible="true" labelid="{b13ac6fe-dfec-4426-8cff-2fee2e2a069f}">
                        <labels>
                          <label description="Date Face to Face Interview Scheduled" languagecode="1033" />
                        </labels>
                        <control id="bpf_pfc_vacancyapplication_new_recruitmenttracker:pfc_datefacetofaceinterviewscheduled" classid="{5b773807-9fb2-42db-97c3-7a91eff8adff}" datafieldname="pfc_datefacetofaceinterviewscheduled" relationship="bpf_pfc_vacancyapplication_new_recruitmenttracker" isrequired="false" disabled="false" />
                      </cell>
                    </row>
                    <row>
                      <cell id="{f6e481a3-1757-4613-8057-ae0132643aab}" showlabel="true" visible="true" labelid="{0e309db1-61ce-4d02-95b6-b3399a20fbb2}">
                        <labels>
                          <label description="Outcome of Group Exercise" languagecode="1033" />
                        </labels>
                        <control id="bpf_pfc_vacancyapplication_new_recruitmenttracker:pfc_outcomeofgroupexercise" classid="{3ef39988-22bb-4f0b-bbbe-64b5a3748aee}" datafieldname="pfc_outcomeofgroupexercise" relationship="bpf_pfc_vacancyapplication_new_recruitmenttracker" isrequired="true" disabled="false" />
                      </cell>
                    </row>
                    <row>
                      <cell id="{bc7fecb4-e765-4abb-97bb-f9231a98b1c9}" showlabel="true" visible="true" labelid="{5a1ae291-dca6-40fc-bd7f-897db5247a17}">
                        <labels>
                          <label description="Outcome of Written Exercise" languagecode="1033" />
                        </labels>
                        <control id="bpf_pfc_vacancyapplication_new_recruitmenttracker:pfc_outcomeofwrittenexercise" classid="{3ef39988-22bb-4f0b-bbbe-64b5a3748aee}" datafieldname="pfc_outcomeofwrittenexercise" relationship="bpf_pfc_vacancyapplication_new_recruitmenttracker" isrequired="true" disabled="false" />
                      </cell>
                    </row>
                    <row>
                      <cell id="{1b5eec4c-f783-4d3b-8437-0f4bb260c910}" showlabel="true" visible="true" labelid="{030dfec0-e07e-495e-8889-2ed396b6f841}">
                        <labels>
                          <label description="Outcome of Panel Interview" languagecode="1033" />
                        </labels>
                        <control id="bpf_pfc_vacancyapplication_new_recruitmenttracker:pfc_outcomeofpanelinterview" classid="{3ef39988-22bb-4f0b-bbbe-64b5a3748aee}" datafieldname="pfc_outcomeofpanelinterview" relationship="bpf_pfc_vacancyapplication_new_recruitmenttracker" isrequired="true" disabled="false" />
                      </cell>
                    </row>
                    <row>
                      <cell id="{1903dca3-2132-4fa4-b201-bcab90f0785f}" showlabel="true" visible="true" labelid="{5e260ecd-1344-4546-a4cb-83be4dbe2941}">
                        <labels>
                          <label description="Offer Applicant Position?" languagecode="1033" />
                        </labels>
                        <control id="bpf_pfc_vacancyapplication_new_recruitmenttracker:pfc_appointapplicanttoposition" classid="{3ef39988-22bb-4f0b-bbbe-64b5a3748aee}" datafieldname="pfc_appointapplicanttoposition" relationship="bpf_pfc_vacancyapplication_new_recruitmenttracker" isrequired="true" disabled="false" />
                      </cell>
                    </row>
                    <row>
                      <cell id="{b39a8254-77f5-4017-b849-5f527c4fe3c0}" showlabel="true" visible="true" labelid="{cab922a5-0c5f-45fa-bff3-eb62c740ebaf}">
                        <labels>
                          <label description="Reason For Deferral" languagecode="1033" />
                        </labels>
                        <control id="bpf_pfc_vacancyapplication_new_recruitmenttracker:pfc_reasonfordeferralfacetoface" classid="{3ef39988-22bb-4f0b-bbbe-64b5a3748aee}" datafieldname="pfc_reasonfordeferralfacetoface" relationship="bpf_pfc_vacancyapplication_new_recruitmenttracker" isrequired="false" disabled="false" />
                      </cell>
                    </row>
                  </rows>
                </section>
              </sections>
            </column>
          </columns>
        </tab>
        <tab verticallayout="true" id="{35068192-efd1-40f1-93c6-69cf481b50df}" name="StageStep58" locklevel="0" expanded="true" visible="false" labelid="{d50c6acc-ab05-4e30-9430-d4995b5e31cd}">
          <labels>
            <label description="Courtesy Call" languagecode="1033" />
          </labels>
          <columns>
            <column width="100%">
              <sections>
                <section showbar="false" columns="1" id="{85c21bb6-b271-1c89-ae54-467ac18c2cd3}" name="StageStep58_section1" labelid="{2a58e869-6a02-4dbf-8972-3f8788ee1515}">
                  <labels>
                    <label description="Courtesy Call" languagecode="1033" />
                  </labels>
                  <rows>
                    <row>
                      <cell id="{00a15efa-c4a4-48c1-bb34-fc820df94b0c}" showlabel="true" visible="true" labelid="{1037ac96-194c-4119-a34b-c080fae60477}">
                        <labels>
                          <label description="Date of Courtesy Call" languagecode="1033" />
                        </labels>
                        <control id="bpf_pfc_vacancyapplication_new_recruitmenttracker:pfc_dateofcourtesycall" classid="{5b773807-9fb2-42db-97c3-7a91eff8adff}" datafieldname="pfc_dateofcourtesycall" relationship="bpf_pfc_vacancyapplication_new_recruitmenttracker" isrequired="true" disabled="false" />
                      </cell>
                    </row>
                    <row>
                      <cell id="{1afc754c-b08f-4842-8c40-24c616278d21}" showlabel="true" visible="true" labelid="{360ab9fc-035c-4804-b5b9-a58c4390e194}">
                        <labels>
                          <label description="Courtesy Call Outcome " languagecode="1033" />
                        </labels>
                        <control id="bpf_pfc_vacancyapplication_new_recruitmenttracker:pfc_courtesycalloutcome" classid="{3ef39988-22bb-4f0b-bbbe-64b5a3748aee}" datafieldname="pfc_courtesycalloutcome" relationship="bpf_pfc_vacancyapplication_new_recruitmenttracker" isrequired="true" disabled="false" />
                      </cell>
                    </row>
                    <row>
                      <cell id="{a4745d17-a7db-4297-9ea0-7dfabef11e72}" showlabel="true" visible="true" labelid="{aec3c167-4681-483f-a176-a33e9012a825}">
                        <labels>
                          <label description="Reason For Deferral" languagecode="1033" />
                        </labels>
                        <control id="bpf_pfc_vacancyapplication_new_recruitmenttracker:pfc_reasonfordeferralcourtesy" classid="{3ef39988-22bb-4f0b-bbbe-64b5a3748aee}" datafieldname="pfc_reasonfordeferralcourtesy" relationship="bpf_pfc_vacancyapplication_new_recruitmenttracker" isrequired="false" disabled="false" />
                      </cell>
                    </row>
                  </rows>
                </section>
              </sections>
            </column>
          </columns>
        </tab>
        <tab verticallayout="true" id="{117d20f4-844a-4176-85b7-f2b8e12d03d9}" name="StageStep66" locklevel="0" expanded="true" visible="false" labelid="{70b33751-2e2c-4e21-8331-1b8505281c88}">
          <labels>
            <label description="Follow Up" languagecode="1033" />
          </labels>
          <columns>
            <column width="100%">
              <sections>
                <section showbar="false" columns="1" id="{cf2fca0b-fd45-185b-956e-0459138a7a35}" name="StageStep66_section1" labelid="{95272447-e522-429e-b680-28a741506d58}">
                  <labels>
                    <label description="Follow Up" languagecode="1033" />
                  </labels>
                  <rows>
                    <row>
                      <cell id="{6461be44-6a38-4df1-95a5-fd17d9b9cc0f}" showlabel="true" visible="true" labelid="{0aa49354-637c-4021-86a4-3efee45e07c6}">
                        <labels>
                          <label description="Send Follow Up Email" languagecode="1033" />
                        </labels>
                        <control id="Step_69:f705a061-af5f-eb11-a812-0022481a7dc3_flowstep" classid="{00ad73da-bd4d-49c6-88a8-2f4f4cad4a20}" datafieldname="Step_69" isrequired="false" disabled="false" />
                      </cell>
                    </row>
                    <row>
                      <cell id="{6d3c77a8-1928-410e-8df9-56b2e679b30f}" showlabel="true" visible="true" labelid="{af2e3589-f84c-4620-bcdc-eeee5b868ff5}">
                        <labels>
                          <label description="Date Follow Up Email Sent" languagecode="1033" />
                        </labels>
                        <control id="bpf_pfc_vacancyapplication_new_recruitmenttracker:pfc_datecourtesycallfollowup" classid="{5b773807-9fb2-42db-97c3-7a91eff8adff}" datafieldname="pfc_datecourtesycallfollowup" relationship="bpf_pfc_vacancyapplication_new_recruitmenttracker" isrequired="false" disabled="false" />
                      </cell>
                    </row>
                    <row>
                      <cell id="{c472908c-c148-4072-a034-b87b9e5cab2e}" showlabel="true" visible="true" labelid="{6c47fad6-24b9-473a-930c-5eeb9c9bc350}">
                        <labels>
                          <label description="Follow Up Outcome" languagecode="1033" />
                        </labels>
                        <control id="bpf_pfc_vacancyapplication_new_recruitmenttracker:pfc_followupoutcome" classid="{3ef39988-22bb-4f0b-bbbe-64b5a3748aee}" datafieldname="pfc_followupoutcome" relationship="bpf_pfc_vacancyapplication_new_recruitmenttracker" isrequired="false" disabled="false" />
                      </cell>
                    </row>
                    <row>
                      <cell id="{6e984503-fb5f-4ba9-b6e1-1552ad9f72a3}" showlabel="true" visible="true" labelid="{a5d642ac-bd04-4c2c-971f-01b26576aa9f}">
                        <labels>
                          <label description="Reason For Deferral (Follow Up)" languagecode="1033" />
                        </labels>
                        <control id="bpf_pfc_vacancyapplication_new_recruitmenttracker:pfc_reasonfordeferralfollowup" classid="{3ef39988-22bb-4f0b-bbbe-64b5a3748aee}" datafieldname="pfc_reasonfordeferralfollowup" relationship="bpf_pfc_vacancyapplication_new_recruitmenttracker" isrequired="false" disabled="false" />
                      </cell>
                    </row>
                  </rows>
                </section>
              </sections>
            </column>
          </columns>
        </tab>
        <tab verticallayout="true" id="{967fcc88-0490-4647-92cc-8c71caa0855a}" name="StageStep77" locklevel="0" expanded="true" visible="false" labelid="{af48d2b9-e567-49f8-bdd2-2c73ab72d32f}">
          <labels>
            <label description="Formal Offer" languagecode="1033" />
          </labels>
          <columns>
            <column width="100%">
              <sections>
                <section showbar="false" columns="1" id="{8b08cce1-052e-b291-b9c8-97f4acf26511}" name="StageStep77_section1" labelid="{148218eb-ef4d-4a25-ab2f-2363145cb8c1}">
                  <labels>
                    <label description="Formal Offer" languagecode="1033" />
                  </labels>
                  <rows>
                    <row>
                      <cell id="{de856f2d-28ee-4ef6-a1d7-ec873f7b33d9}" showlabel="true" visible="true" labelid="{4860f811-e50d-40e6-8ab0-60249333c6e4}">
                        <labels>
                          <label description="Modified On" languagecode="1033" />
                        </labels>
                        <control id="bpf_pfc_vacancyapplication_new_recruitmenttracker:modifiedon" classid="{5b773807-9fb2-42db-97c3-7a91eff8adff}" datafieldname="modifiedon" relationship="bpf_pfc_vacancyapplication_new_recruitmenttracker" isrequired="false" disabled="false" />
                      </cell>
                    </row>
                  </rows>
                </section>
              </sections>
            </column>
          </columns>
        </tab>
        <tab verticallayout="true" id="{fd775091-bcfb-4f97-8520-7fe76a865912}" name="StageStep81" locklevel="0" expanded="true" visible="false" labelid="{9f3e3f6c-ae95-407f-b9e0-7e4db29f4314}">
          <labels>
            <label description="Offer Rejected" languagecode="1033" />
          </labels>
          <columns>
            <column width="100%">
              <sections>
                <section showbar="false" columns="1" id="{3b090296-6df2-c42e-c5dc-c5c3c7e874a2}" name="StageStep81_section1" labelid="{7a022378-dfc7-42f5-8064-3be52357d837}">
                  <labels>
                    <label description="Offer Rejected" languagecode="1033" />
                  </labels>
                  <rows>
                    <row>
                      <cell id="{4f2034ee-5f86-4049-a90b-3f41fc717cda}" showlabel="true" visible="true" labelid="{536de716-1fca-4545-8d64-0a7e42154c78}">
                        <labels>
                          <label description="Send Offer Rejected Email" languagecode="1033" />
                        </labels>
                        <control id="Step_84:5aec595c-e348-eb11-a812-000d3a86ad30_flowstep" classid="{00ad73da-bd4d-49c6-88a8-2f4f4cad4a20}" datafieldname="Step_84" isrequired="false" disabled="false" />
                      </cell>
                    </row>
                    <row>
                      <cell id="{9ae8b61e-5a22-4fb3-838d-4c8be162ed11}" showlabel="true" visible="true" labelid="{f48313f8-30ba-4370-96ce-edcfb53d9c39}">
                        <labels>
                          <label description="Date Email Sent" languagecode="1033" />
                        </labels>
                        <control id="bpf_pfc_vacancyapplication_new_recruitmenttracker:pfc_dateofferrejectedemailsent" classid="{5b773807-9fb2-42db-97c3-7a91eff8adff}" datafieldname="pfc_dateofferrejectedemailsent" relationship="bpf_pfc_vacancyapplication_new_recruitmenttracker" isrequired="false" disabled="false" />
                      </cell>
                    </row>
                  </rows>
                </section>
              </sections>
            </column>
          </columns>
        </tab>
        <tab verticallayout="true" id="{c5eac0d7-0c35-4aea-81b1-225914ff5d16}" name="StageStep88" locklevel="0" expanded="true" visible="false" labelid="{9a9e6284-fd13-44f1-bc8b-fbf2629cd028}">
          <labels>
            <label description="Offer Rejected" languagecode="1033" />
          </labels>
          <columns>
            <column width="100%">
              <sections>
                <section showbar="false" columns="1" id="{4d4227f2-8d99-2024-b1a3-506b0a6e9ec5}" name="StageStep88_section1" labelid="{5a0708ad-064e-43ad-8187-8abd622f35eb}">
                  <labels>
                    <label description="Offer Rejected" languagecode="1033" />
                  </labels>
                  <rows>
                    <row>
                      <cell id="{905e82a7-fd2f-4a8d-ad50-ea4d8347ee04}" showlabel="true" visible="true" labelid="{9323d638-7b7a-4f02-a1e7-637cbb85c3c7}">
                        <labels>
                          <label description="Send Offer Rejected Email" languagecode="1033" />
                        </labels>
                        <control id="Step_91:5aec595c-e348-eb11-a812-000d3a86ad30_flowstep" classid="{00ad73da-bd4d-49c6-88a8-2f4f4cad4a20}" datafieldname="Step_91" isrequired="false" disabled="false" />
                      </cell>
                    </row>
                    <row>
                      <cell id="{806ec784-0dd3-4004-8553-a9e4decd0da2}" showlabel="true" visible="true" labelid="{8a08c996-f505-4e5d-91cb-b6fa76746577}">
                        <labels>
                          <label description="Date Email Sent" languagecode="1033" />
                        </labels>
                        <control id="bpf_pfc_vacancyapplication_new_recruitmenttracker:pfc_dateofferrejectedemailsent" classid="{5b773807-9fb2-42db-97c3-7a91eff8adff}" datafieldname="pfc_dateofferrejectedemailsent" relationship="bpf_pfc_vacancyapplication_new_recruitmenttracker" isrequired="false" disabled="false" />
                      </cell>
                    </row>
                  </rows>
                </section>
              </sections>
            </column>
          </columns>
        </tab>
        <tab verticallayout="true" id="{50408937-dae0-4a64-bf67-880ac85cce0a}" name="StageStep95" locklevel="0" expanded="true" visible="false" labelid="{e24e71f4-4b3f-4a4d-97cc-a00779ecc781}">
          <labels>
            <label description="Not Offered Position" languagecode="1033" />
          </labels>
          <columns>
            <column width="100%">
              <sections>
                <section showbar="false" columns="1" id="{c4fa68d0-ad7d-5fc2-ae26-1bf67fd3cbb3}" name="StageStep95_section1" labelid="{f0bb1495-2cca-4a26-880f-ec93655b875f}">
                  <labels>
                    <label description="Not Offered Position" languagecode="1033" />
                  </labels>
                  <rows>
                    <row>
                      <cell id="{e258b4e5-58d3-4ac7-8220-5d9d10d067e5}" showlabel="true" visible="true" labelid="{834fbdae-89b6-4556-aef7-9e669748cdf3}">
                        <labels>
                          <label description="Feedback" languagecode="1033" />
                        </labels>
                        <control id="bpf_pfc_vacancyapplication_new_recruitmenttracker:pfc_notofferedpositionfeedback" classid="{e0dece4b-6fc8-4a8f-a065-082708572369}" datafieldname="pfc_notofferedpositionfeedback" relationship="bpf_pfc_vacancyapplication_new_recruitmenttracker" isrequired="true" disabled="false" />
                      </cell>
                    </row>
                    <row>
                      <cell id="{2b174b7a-9bbc-4829-a56f-6a04b08e801f}" showlabel="true" visible="true" labelid="{f128da99-231c-49d5-92f8-68164e444f21}">
                        <labels>
                          <label description="Send Feedback Email" languagecode="1033" />
                        </labels>
                        <control id="Step_100:45b87e23-f191-eb11-b1ac-000d3a870be5_flowstep" classid="{00ad73da-bd4d-49c6-88a8-2f4f4cad4a20}" datafieldname="Step_100" isrequired="false" disabled="false" />
                      </cell>
                    </row>
                    <row>
                      <cell id="{96402f39-47de-4e85-9154-70514311582e}" showlabel="true" visible="true" labelid="{d1bc2f36-802b-40eb-b47c-30d8ece1b4e9}">
                        <labels>
                          <label description="Date Face To Face Interview Feedback Sent" languagecode="1033" />
                        </labels>
                        <control id="bpf_pfc_vacancyapplication_new_recruitmenttracker:pfc_datefacetofaceinterviewfeedbacksent" classid="{5b773807-9fb2-42db-97c3-7a91eff8adff}" datafieldname="pfc_datefacetofaceinterviewfeedbacksent" relationship="bpf_pfc_vacancyapplication_new_recruitmenttracker" isrequired="false" disabled="false" />
                      </cell>
                    </row>
                  </rows>
                </section>
              </sections>
            </column>
          </columns>
        </tab>
      </tabs>
    </form>
    <IsCustomizable>1</IsCustomizable>
    <CanBeDeleted>1</CanBeDeleted>
    <LocalizedNames>
      <LocalizedName description="Information" languagecode="1033" />
    </LocalizedNames>
    <Descriptions>
      <Description description="A form for this entity." languagecode="1033" />
    </Descriptions>
  </systemform>
</forms>