﻿<?xml version="1.0" encoding="utf-8"?>
<forms xmlns:xsi="http://www.w3.org/2001/XMLSchema-instance">
  <systemform>
    <formid>{05e08293-f6cf-ea11-a813-000d3a86a8cf}</formid>
    <IntroducedVersion>1.0.0.0</IntroducedVersion>
    <FormPresentation>1</FormPresentation>
    <FormActivationState>1</FormActivationState>
    <form>
      <tabs>
        <tab id="ACBA75B7-97B6-4116-AA55-51312992B721" name="relatives_tab" showlabel="false" labelid="{0dd83468-173f-44f4-8fc1-5f95a060f04e}">
          <labels>
            <label description="Relatives" languagecode="1033" />
          </labels>
          <columns>
            <column width="100%">
              <sections>
                <section id="AD49B5BF-256F-46A8-9C75-947146172EB9" name="relatives_tab_section" columns="1" showlabel="false" showbar="false" IsUserDefined="0" labelwidth="130" labelid="{d6c90e20-660f-4642-ada3-f0cc16422e8c}">
                  <labels>
                    <label description="Relatives" languagecode="1033" />
                  </labels>
                  <rows>
                    <row>
                      <cell showlabel="true" locklevel="0" id="{1e12b821-38f7-4ec0-9baa-d58c1ec2014e}" rowspan="1" colspan="1" labelid="{1980356d-2bed-4957-9eb6-f31e568182bd}">
                        <labels>
                          <label description="Relatives (Employees of Pathway For Care Ltd)" languagecode="1033" />
                        </labels>
                        <control id="relatives_subgrid" classid="{E7A81278-8635-4D9E-8D4D-59480B391C5B}" indicationOfSubgrid="true">
                          <parameters>
                            <TargetEntityType>pfc_relatives</TargetEntityType>
                            <ViewId>{39F8A80F-DA53-479C-9743-BD2968EBC212}</ViewId>
                            <ViewIds>{39F8A80F-DA53-479C-9743-BD2968EBC212}</ViewIds>
                            <EnableViewPicker>false</EnableViewPicker>
                            <RelationshipName>pfc_relatives_applicant</RelationshipName>
                          </parameters>
                        </control>
                      </cell>
                    </row>
                  </rows>
                </section>
              </sections>
            </column>
          </columns>
        </tab>
      </tabs>
      <DisplayConditions Order="4" FallbackForm="true">
        <Role Id="{627090ff-40a3-4053-8790-584edc5be201}" />
        <Role Id="{119f245c-3cc8-4b62-b31c-d1a046ced15d}" />
      </DisplayConditions>
    </form>
    <IsCustomizable>1</IsCustomizable>
    <CanBeDeleted>1</CanBeDeleted>
    <LocalizedNames>
      <LocalizedName description="Relatives Quick View Form" languagecode="1033" />
    </LocalizedNames>
    <Descriptions>
      <Description description="Relatives Quick View Form" languagecode="1033" />
    </Descriptions>
  </systemform>
</forms>