﻿<?xml version="1.0" encoding="utf-8"?>
<forms xmlns:xsi="http://www.w3.org/2001/XMLSchema-instance">
  <systemform>
    <formid>{0bec42b6-91cd-ea11-a812-002248005e55}</formid>
    <IntroducedVersion>1.0.0.0</IntroducedVersion>
    <FormPresentation>1</FormPresentation>
    <FormActivationState>1</FormActivationState>
    <form>
      <tabs>
        <tab id="ACBA75B7-97B6-4116-AA55-51312992B721" name="education_ tab" showlabel="false" labelid="{2b8f3a5d-2006-43b4-aeac-25d3e8271f17}">
          <labels>
            <label description="Education &amp; Training" languagecode="1033" />
          </labels>
          <columns>
            <column width="100%">
              <sections>
                <section id="AD49B5BF-256F-46A8-9C75-947146172EB9" name="education_tab_section" columns="1" showlabel="false" showbar="false" IsUserDefined="0" labelwidth="130" labelid="{bdce4908-a843-4704-8336-444318bf0a83}">
                  <labels>
                    <label description="Education" languagecode="1033" />
                  </labels>
                  <rows>
                    <row>
                      <cell showlabel="true" locklevel="0" id="{0884feee-9829-4da8-b9d8-d234a99c31e4}" rowspan="1" colspan="1" labelid="{f07d7f8a-5040-4751-810b-df67f1b48b8b}">
                        <labels>
                          <label description="Relevant Education &amp; Training" languagecode="1033" />
                        </labels>
                        <control id="education_subgrid" classid="{E7A81278-8635-4D9E-8D4D-59480B391C5B}" indicationOfSubgrid="true">
                          <parameters>
                            <TargetEntityType>pfc_educationandtraining</TargetEntityType>
                            <ViewId>{CF727F31-4591-4DC5-B0AE-EC07A5EB1A5E}</ViewId>
                            <ViewIds>{CF727F31-4591-4DC5-B0AE-EC07A5EB1A5E}</ViewIds>
                            <EnableViewPicker>false</EnableViewPicker>
                            <RelationshipName>pfc_education_applicant</RelationshipName>
                          </parameters>
                        </control>
                      </cell>
                    </row>
                  </rows>
                </section>
              </sections>
            </column>
          </columns>
        </tab>
      </tabs>
      <DisplayConditions Order="3" FallbackForm="true">
        <Role Id="{627090ff-40a3-4053-8790-584edc5be201}" />
        <Role Id="{119f245c-3cc8-4b62-b31c-d1a046ced15d}" />
        <Role Id="{6c7b90a2-04b3-48a1-ad5e-e29dd60111b2}" />
      </DisplayConditions>
    </form>
    <IsCustomizable>1</IsCustomizable>
    <CanBeDeleted>1</CanBeDeleted>
    <LocalizedNames>
      <LocalizedName description="Related Education Quick View" languagecode="1033" />
    </LocalizedNames>
  </systemform>
</forms>