﻿<?xml version="1.0" encoding="utf-8"?>
<forms xmlns:xsi="http://www.w3.org/2001/XMLSchema-instance">
  <systemform>
    <formid>{16d69406-a4d1-ea11-a813-002248005e55}</formid>
    <IntroducedVersion>1.0.0.0</IntroducedVersion>
    <FormPresentation>1</FormPresentation>
    <FormActivationState>1</FormActivationState>
    <form>
      <tabs>
        <tab id="ACBA75B7-97B6-4116-AA55-51312992B721" name="referee_tab" showlabel="false" labelid="{d3ae55c0-611d-407a-961f-1628f2694dbf}">
          <labels>
            <label description="Referee" languagecode="1033" />
          </labels>
          <columns>
            <column width="100%">
              <sections>
                <section id="AD49B5BF-256F-46A8-9C75-947146172EB9" name="referee_tab_section" columns="1" showlabel="false" showbar="false" IsUserDefined="0" labelwidth="130" labelid="{7fc1b8b5-fe0a-476b-bd2c-6b8ad16580e6}">
                  <labels>
                    <label description="Referee" languagecode="1033" />
                  </labels>
                  <rows>
                    <row>
                      <cell showlabel="true" locklevel="0" id="{27949534-5f97-4d45-bc0f-3afaecc871fc}" rowspan="1" colspan="1" labelid="{c93dfa9c-f4a9-40f1-beb2-ce83e77ac879}">
                        <labels>
                          <label description="Referee" languagecode="1033" />
                        </labels>
                        <control id="referee_subgrid" classid="{E7A81278-8635-4D9E-8D4D-59480B391C5B}" indicationOfSubgrid="true">
                          <parameters>
                            <TargetEntityType>contact</TargetEntityType>
                            <ViewId>{0650F382-93D1-EA11-A813-002248005E55}</ViewId>
                            <ViewIds>{62FB3605-E4C1-EA11-A812-000D3A86A8CF},{0650F382-93D1-EA11-A813-002248005E55}</ViewIds>
                            <EnableViewPicker>false</EnableViewPicker>
                            <RelationshipName>contact_customer_contacts</RelationshipName>
                          </parameters>
                        </control>
                      </cell>
                    </row>
                  </rows>
                </section>
              </sections>
            </column>
          </columns>
        </tab>
      </tabs>
      <DisplayConditions Order="8" FallbackForm="true">
        <Role Id="{627090ff-40a3-4053-8790-584edc5be201}" />
        <Role Id="{119f245c-3cc8-4b62-b31c-d1a046ced15d}" />
      </DisplayConditions>
    </form>
    <IsCustomizable>1</IsCustomizable>
    <CanBeDeleted>1</CanBeDeleted>
    <LocalizedNames>
      <LocalizedName description="Referee Quick View Form" languagecode="1033" />
    </LocalizedNames>
    <Descriptions>
      <Description description="Referee Quick View Form" languagecode="1033" />
    </Descriptions>
  </systemform>
</forms>