﻿<?xml version="1.0" encoding="utf-8"?>
<forms xmlns:xsi="http://www.w3.org/2001/XMLSchema-instance">
  <systemform>
    <formid>{23dbe243-9576-eb11-a812-0022481a6366}</formid>
    <IntroducedVersion>1.0.0.187</IntroducedVersion>
    <FormPresentation>1</FormPresentation>
    <FormActivationState>1</FormActivationState>
    <form>
      <tabs>
        <tab id="ACBA75B7-97B6-4116-AA55-51312992B721" name="general" showlabel="false" labelid="{04df3b3b-ef7b-4ef8-9bec-528fa58a97f9}">
          <labels>
            <label description="General" languagecode="1033" />
          </labels>
          <columns>
            <column width="100%">
              <sections>
                <section id="AD49B5BF-256F-46A8-9C75-947146172EB9" name="information" columns="1" showlabel="false" showbar="false" IsUserDefined="0" labelwidth="130" labelid="{f42f5ebe-6bb2-4b7e-8327-53647fccfcee}">
                  <labels>
                    <label description="Contact Details" languagecode="1033" />
                  </labels>
                  <rows>
                    <row>
                      <cell id="{5f80e35b-19ef-49a0-a45e-9c6027c0eac7}" locklevel="0" labelid="{1d3b1c71-7775-44c5-b767-408b17b69780}">
                        <labels>
                          <label description="Email" languagecode="1033" />
                        </labels>
                        <control id="emailaddress1" classid="{ADA2203E-B4CD-49BE-9DDF-234642B43B52}" datafieldname="emailaddress1" disabled="false" />
                      </cell>
                    </row>
                    <row>
                      <cell id="{b8569d89-0535-4036-94dc-0b8e701cc040}" locklevel="0" labelid="{9b68836f-a8dc-417a-8982-b0a24bd7e9de}">
                        <labels>
                          <label description="Mobile Phone" languagecode="1033" />
                        </labels>
                        <control id="mobilephone" classid="{4273EDBD-AC1D-40D3-9FB2-095C621B552D}" datafieldname="mobilephone" disabled="false" />
                      </cell>
                    </row>
                  </rows>
                </section>
              </sections>
            </column>
          </columns>
        </tab>
      </tabs>
      <DisplayConditions Order="10" FallbackForm="true">
        <Role Id="{627090ff-40a3-4053-8790-584edc5be201}" />
        <Role Id="{119f245c-3cc8-4b62-b31c-d1a046ced15d}" />
        <Role Id="{9610cad1-c0a0-426d-b56a-0e815eda0126}" />
        <Role Id="{2b779093-0618-4a52-8996-180bf0e34e75}" />
        <Role Id="{0ad83390-1b48-45e1-b4cb-1a0257c1c58b}" />
        <Role Id="{e0c3c5e2-9cb6-456c-8c8e-2eca3010c410}" />
        <Role Id="{52c97507-9206-4df3-a9b3-3579ceb41a2c}" />
        <Role Id="{bcb4f2b1-9e9c-4885-8b7f-3beb7a01e7d3}" />
        <Role Id="{b4f6c3ef-b88c-4166-814a-45930f8b5682}" />
        <Role Id="{1d238bd4-1c79-4fe5-93af-71e2a1c86c31}" />
        <Role Id="{8cbbb192-09b1-4114-8614-aac829bbf7fb}" />
        <Role Id="{4bad0a38-fed7-466d-86dd-ccea55c9959d}" />
        <Role Id="{aac42a11-b907-478b-951a-ce6390976b3b}" />
        <Role Id="{a0f5d1cf-0dc9-4a09-897c-d5daaefa86ee}" />
        <Role Id="{5fec8fd0-5b40-4f41-a947-d6a185d4524e}" />
      </DisplayConditions>
    </form>
    <IsCustomizable>1</IsCustomizable>
    <CanBeDeleted>1</CanBeDeleted>
    <LocalizedNames>
      <LocalizedName description="Primary Contact Quick View Form" languagecode="1033" />
    </LocalizedNames>
  </systemform>
</forms>