﻿<?xml version="1.0" encoding="utf-8"?>
<forms xmlns:xsi="http://www.w3.org/2001/XMLSchema-instance">
  <systemform>
    <formid>{23dbe243-9576-eb11-a812-0022481a6366}</formid>
    <IntroducedVersion>1.0.0.187</IntroducedVersion>
    <FormPresentation>1</FormPresentation>
    <FormActivationState>1</FormActivationState>
    <form>
      <tabs>
        <tab id="ACBA75B7-97B6-4116-AA55-51312992B721" name="general" showlabel="false" labelid="{04df3b3b-ef7b-4ef8-9bec-528fa58a97f9}">
          <labels>
            <label description="General" languagecode="1033" />
          </labels>
          <columns>
            <column width="100%">
              <sections>
                <section id="AD49B5BF-256F-46A8-9C75-947146172EB9" name="information" columns="1" showlabel="false" showbar="false" IsUserDefined="0" labelwidth="130" labelid="{f42f5ebe-6bb2-4b7e-8327-53647fccfcee}">
                  <labels>
                    <label description="Contact Details" languagecode="1033" />
                  </labels>
                  <rows>
                    <row>
                      <cell id="{5f80e35b-19ef-49a0-a45e-9c6027c0eac7}" locklevel="0" labelid="{1d3b1c71-7775-44c5-b767-408b17b69780}">
                        <labels>
                          <label description="Email" languagecode="1033" />
                        </labels>
                        <control id="emailaddress1" classid="{ADA2203E-B4CD-49BE-9DDF-234642B43B52}" datafieldname="emailaddress1" disabled="false" />
                      </cell>
                    </row>
                    <row>
                      <cell id="{b8569d89-0535-4036-94dc-0b8e701cc040}" locklevel="0" labelid="{9b68836f-a8dc-417a-8982-b0a24bd7e9de}">
                        <labels>
                          <label description="Mobile Phone" languagecode="1033" />
                        </labels>
                        <control id="mobilephone" classid="{4273EDBD-AC1D-40D3-9FB2-095C621B552D}" datafieldname="mobilephone" disabled="false" />
                      </cell>
                    </row>
                  </rows>
                </section>
              </sections>
            </column>
          </columns>
        </tab>
      </tabs>
      <DisplayConditions Order="10" FallbackForm="true">
        <Role Id="{627090ff-40a3-4053-8790-584edc5be201}" />
        <Role Id="{119f245c-3cc8-4b62-b31c-d1a046ced15d}" />
      </DisplayConditions>
    </form>
    <IsCustomizable>1</IsCustomizable>
    <CanBeDeleted>1</CanBeDeleted>
    <LocalizedNames>
      <LocalizedName description="Primary Contact Quick View Form" languagecode="1033" />
    </LocalizedNames>
  </systemform>
</forms>