﻿<?xml version="1.0" encoding="utf-8"?>
<forms xmlns:xsi="http://www.w3.org/2001/XMLSchema-instance">
  <systemform>
    <formid>{5d53be2e-151c-eb11-a813-000d3a86ad30}</formid>
    <IntroducedVersion>1.0.0.52</IntroducedVersion>
    <FormPresentation>1</FormPresentation>
    <FormActivationState>1</FormActivationState>
    <form>
      <tabs>
        <tab id="ACBA75B7-97B6-4116-AA55-51312992B721" name="tab_1" showlabel="false" labelid="{889ee308-4e84-4a51-bcee-0565ce4b32fc}">
          <labels>
            <label description="Tab" languagecode="1033" />
          </labels>
          <columns>
            <column width="100%">
              <sections>
                <section id="AD49B5BF-256F-46A8-9C75-947146172EB9" name="tab_1_column_1_section_1" columns="1" showlabel="true" showbar="false" IsUserDefined="0" labelwidth="130" labelid="{d0cb20e4-d2d2-4ead-9666-62093e96c462}">
                  <labels>
                    <label description="Section" languagecode="1033" />
                  </labels>
                  <rows>
                    <row>
                      <cell locklevel="0" id="{556d4f33-dcb2-4a60-b81f-65ce738ef762}" rowspan="1" colspan="1" showlabel="false" labelid="{120c2308-f334-49fa-91ad-a4e675413fae}">
                        <labels>
                          <label description="New SG control 1604216290190" languagecode="1033" />
                        </labels>
                        <control id="Subgrid_1" classid="{E7A81278-8635-4D9E-8D4D-59480B391C5B}" indicationOfSubgrid="true">
                          <parameters>
                            <TargetEntityType>appointment</TargetEntityType>
                            <ViewId>{606EEA12-0C33-47D3-96E1-BA1529EE8205}</ViewId>
                            <ViewIds>{606EEA12-0C33-47D3-96E1-BA1529EE8205}</ViewIds>
                            <EnableViewPicker>false</EnableViewPicker>
                            <RelationshipName>Contact_Appointments</RelationshipName>
                          </parameters>
                        </control>
                      </cell>
                    </row>
                  </rows>
                </section>
              </sections>
            </column>
          </columns>
        </tab>
      </tabs>
      <DisplayConditions Order="9" FallbackForm="true">
        <Role Id="{627090ff-40a3-4053-8790-584edc5be201}" />
        <Role Id="{119f245c-3cc8-4b62-b31c-d1a046ced15d}" />
      </DisplayConditions>
    </form>
    <IsCustomizable>1</IsCustomizable>
    <CanBeDeleted>1</CanBeDeleted>
    <LocalizedNames>
      <LocalizedName description=" quick view form" languagecode="1033" />
    </LocalizedNames>
  </systemform>
</forms>