﻿<?xml version="1.0" encoding="utf-8"?>
<forms xmlns:xsi="http://www.w3.org/2001/XMLSchema-instance">
  <systemform>
    <formid>{99537c3e-c307-ec11-b6e6-000d3a86dcc5}</formid>
    <IntroducedVersion>1.0.0.191</IntroducedVersion>
    <FormPresentation>1</FormPresentation>
    <FormActivationState>1</FormActivationState>
    <form>
      <tabs>
        <tab id="ACBA75B7-97B6-4116-AA55-51312992B721" name="tab_1" showlabel="false" labelid="{75815d41-b012-4a86-980c-5b70b82f888b}">
          <labels>
            <label description="New Tab" languagecode="1033" />
          </labels>
          <columns>
            <column width="100%">
              <sections>
                <section id="AD49B5BF-256F-46A8-9C75-947146172EB9" name="tab_1_column_1_section_1" columns="1" showlabel="false" showbar="false" IsUserDefined="0" labelwidth="130" labelid="{58ef1bfc-d4c4-4205-b9cb-ed93682a8dd5}">
                  <labels>
                    <label description="New Section" languagecode="1033" />
                  </labels>
                  <rows>
                    <row>
                      <cell id="{c1811949-7a9a-498f-a253-75aa8c60fac1}" locklevel="0" colspan="1" rowspan="1" labelid="{b19a291e-93a2-4f45-a622-398953551ad0}">
                        <labels>
                          <label description="Email" languagecode="1033" />
                        </labels>
                        <control id="emailaddress1" classid="{ADA2203E-B4CD-49BE-9DDF-234642B43B52}" datafieldname="emailaddress1" disabled="false" />
                      </cell>
                    </row>
                    <row>
                      <cell id="{758fd1b6-36e6-407f-ad4a-cfb2571305af}" locklevel="0" colspan="1" rowspan="1" labelid="{1c621f5d-f454-4e40-aac4-04855e8071aa}">
                        <labels>
                          <label description="Mobile Phone" languagecode="1033" />
                        </labels>
                        <control id="mobilephone" classid="{4273EDBD-AC1D-40D3-9FB2-095C621B552D}" datafieldname="mobilephone" disabled="false" />
                      </cell>
                    </row>
                    <row>
                      <cell id="{2da3cbe1-390f-41bd-a19a-a834642db060}" locklevel="0" colspan="1" rowspan="1">
                        <labels>
                          <label description="Main Phone" languagecode="1033" />
                        </labels>
                        <control id="telephone1" classid="{4273EDBD-AC1D-40D3-9FB2-095C621B552D}" datafieldname="telephone1" disabled="false" />
                      </cell>
                    </row>
                  </rows>
                </section>
              </sections>
            </column>
          </columns>
        </tab>
      </tabs>
      <DisplayConditions Order="11" FallbackForm="true">
        <Role Id="{627090ff-40a3-4053-8790-584edc5be201}" />
        <Role Id="{119f245c-3cc8-4b62-b31c-d1a046ced15d}" />
      </DisplayConditions>
    </form>
    <IsCustomizable>1</IsCustomizable>
    <CanBeDeleted>1</CanBeDeleted>
    <LocalizedNames>
      <LocalizedName description="Contact Quick View" languagecode="1033" />
    </LocalizedNames>
  </systemform>
</forms>