﻿<?xml version="1.0" encoding="utf-8"?>
<forms xmlns:xsi="http://www.w3.org/2001/XMLSchema-instance">
  <systemform>
    <formid>{f0d72a4a-f7cf-ea11-a813-002248005e55}</formid>
    <IntroducedVersion>1.0.0.0</IntroducedVersion>
    <FormPresentation>1</FormPresentation>
    <FormActivationState>1</FormActivationState>
    <form>
      <tabs>
        <tab id="ACBA75B7-97B6-4116-AA55-51312992B721" name="employment_tab" showlabel="false" labelid="{510ef16d-289a-47ea-adb5-c8670ca27bcb}">
          <labels>
            <label description="Employment History" languagecode="1033" />
          </labels>
          <columns>
            <column width="100%">
              <sections>
                <section id="AD49B5BF-256F-46A8-9C75-947146172EB9" name="empoyment_tab_section" columns="1" showlabel="false" showbar="false" IsUserDefined="0" labelwidth="130" labelid="{5a574d31-3a99-4160-bb3a-213027111a2b}">
                  <labels>
                    <label description="Employment History" languagecode="1033" />
                  </labels>
                  <rows>
                    <row>
                      <cell showlabel="true" locklevel="0" id="{8d546485-18da-4521-a7ab-894362c34a91}" rowspan="1" colspan="1" labelid="{a9031f2b-f9e1-4da1-86b6-8d9a4e889c51}">
                        <labels>
                          <label description="Employment History" languagecode="1033" />
                        </labels>
                        <control id="employment_subgrid" classid="{E7A81278-8635-4D9E-8D4D-59480B391C5B}" indicationOfSubgrid="true">
                          <parameters>
                            <TargetEntityType>pfc_employmenthistory</TargetEntityType>
                            <ViewId>{F341AA07-F350-4647-9F04-290DF88B177A}</ViewId>
                            <ViewIds>{F341AA07-F350-4647-9F04-290DF88B177A}</ViewIds>
                            <EnableViewPicker>false</EnableViewPicker>
                            <RelationshipName>pfc_employmenthistory_applicant</RelationshipName>
                          </parameters>
                        </control>
                      </cell>
                    </row>
                  </rows>
                </section>
              </sections>
            </column>
          </columns>
        </tab>
      </tabs>
      <DisplayConditions Order="5" FallbackForm="true">
        <Role Id="{627090ff-40a3-4053-8790-584edc5be201}" />
        <Role Id="{119f245c-3cc8-4b62-b31c-d1a046ced15d}" />
      </DisplayConditions>
    </form>
    <IsCustomizable>1</IsCustomizable>
    <CanBeDeleted>1</CanBeDeleted>
    <LocalizedNames>
      <LocalizedName description="Employment History Quick View Form" languagecode="1033" />
    </LocalizedNames>
    <Descriptions>
      <Description description="Employment History Quick View Form" languagecode="1033" />
    </Descriptions>
  </systemform>
</forms>