﻿<?xml version="1.0" encoding="utf-8"?>
<savedqueries xmlns:xsi="http://www.w3.org/2001/XMLSchema-instance">
  <savedquery>
    <IsCustomizable>1</IsCustomizable>
    <CanBeDeleted>0</CanBeDeleted>
    <isquickfindquery>0</isquickfindquery>
    <isprivate>0</isprivate>
    <isdefault>1</isdefault>
    <savedqueryid>{2b97a541-1c82-4a17-af3e-2c8e83d8d275}</savedqueryid>
    <layoutxml>
      <grid name="resultset" jump="bpf_name" select="1" icon="1" preview="1">
        <row name="result" id="businessprocessflowinstanceid">
          <cell name="bpf_pfc_vacancyapplicationid" width="300" />
          <cell name="activestageid" width="150" />
          <cell name="statuscode" width="150" />
          <cell name="createdon" width="150" />
          <cell name="processid" width="300" />
        </row>
      </grid>
    </layoutxml>
    <querytype>1</querytype>
    <fetchxml>
      <fetch version="1.0" mapping="logical">
        <entity name="new_recruitmenttracker">
          <attribute name="businessprocessflowinstanceid" />
          <attribute name="bpf_name" />
          <attribute name="createdon" />
          <attribute name="bpf_pfc_vacancyapplicationid" />
          <attribute name="activestageid" />
          <attribute name="statecode" />
          <attribute name="createdby" />
          <attribute name="processid" />
          <order attribute="bpf_name" descending="false" />
        </entity>
      </fetch>
    </fetchxml>
    <IntroducedVersion>1.0</IntroducedVersion>
    <LocalizedNames>
      <LocalizedName description="Recruitment Tracker Advanced Find View" languagecode="1033" />
    </LocalizedNames>
  </savedquery>
</savedqueries>