﻿<?xml version="1.0" encoding="utf-8"?>
<savedqueries xmlns:xsi="http://www.w3.org/2001/XMLSchema-instance">
  <savedquery>
    <IsCustomizable>1</IsCustomizable>
    <CanBeDeleted>1</CanBeDeleted>
    <isquickfindquery>0</isquickfindquery>
    <isprivate>0</isprivate>
    <isdefault>0</isdefault>
    <savedqueryid>{a0afc7d2-507b-eb11-a812-0022481a6349}</savedqueryid>
    <layoutxml>
      <grid name="resultset" jump="bpf_name" select="1" icon="1" preview="1">
        <row name="result" id="businessprocessflowinstanceid">
          <cell name="activestagestartedon" width="100" />
          <cell name="a_fc9544ae1bf14338841eb742266d8d22.pfc_applicationsummary" width="294" />
          <cell name="a_fc9544ae1bf14338841eb742266d8d22.pfc_applicant" width="100" />
        </row>
      </grid>
    </layoutxml>
    <querytype>0</querytype>
    <fetchxml>
      <fetch version="1.0" output-format="xml-platform" mapping="logical">
        <entity name="new_recruitmenttracker">
          <attribute name="businessprocessflowinstanceid" />
          <filter type="and">
            <condition attribute="activestageid" operator="eq" value="{c50c7e3e-27ba-4493-84dd-1099a6f0fad7}" uiname="Telephone Interview" uitype="processstage" />
          </filter>
          <link-entity alias="a_fc9544ae1bf14338841eb742266d8d22" name="pfc_vacancyapplication" to="bpf_pfc_vacancyapplicationid" from="pfc_vacancyapplicationid" link-type="inner">
            <attribute name="pfc_applicant" />
            <attribute name="pfc_applicationsummary" />
            <filter type="and">
              <condition attribute="pfc_applicant" operator="not-null" />
              <condition attribute="pfc_vacancy" operator="not-null" />
              <condition attribute="pfc_applicationsummary" operator="not-null" />
            </filter>
          </link-entity>
          <attribute name="activestagestartedon" />
          <order attribute="activestagestartedon" descending="false" />
        </entity>
      </fetch>
    </fetchxml>
    <IntroducedVersion>1.0.0.187</IntroducedVersion>
    <LocalizedNames>
      <LocalizedName description="Telephone Interview Stage Vacancy Applications" languagecode="1033" />
    </LocalizedNames>
  </savedquery>
</savedqueries>