﻿<?xml version="1.0" encoding="utf-8"?>
<savedqueries xmlns:xsi="http://www.w3.org/2001/XMLSchema-instance">
  <savedquery>
    <IsCustomizable>1</IsCustomizable>
    <CanBeDeleted>1</CanBeDeleted>
    <isquickfindquery>0</isquickfindquery>
    <isprivate>0</isprivate>
    <isdefault>0</isdefault>
    <savedqueryid>{ca02541b-637b-eb11-a812-0022481a6349}</savedqueryid>
    <layoutxml>
      <grid name="resultset" jump="bpf_name" select="1" icon="1" preview="1">
        <row name="result" id="businessprocessflowinstanceid">
          <cell name="activestagestartedon" width="132" />
          <cell name="a_a57dc9e821894768b1fd395b9bff7f39.pfc_applicationsummary" width="285" />
          <cell name="a_a57dc9e821894768b1fd395b9bff7f39.pfc_applicant" width="100" />
        </row>
      </grid>
    </layoutxml>
    <querytype>0</querytype>
    <fetchxml>
      <fetch version="1.0" output-format="xml-platform" mapping="logical">
        <entity name="new_recruitmenttracker">
          <attribute name="businessprocessflowinstanceid" />
          <attribute name="activestagestartedon" />
          <filter type="and">
            <condition attribute="activestageid" operator="eq" value="{35068192-efd1-40f1-93c6-69cf481b50df}" uiname="Courtesy Call" uitype="processstage" />
          </filter>
          <link-entity alias="a_a57dc9e821894768b1fd395b9bff7f39" name="pfc_vacancyapplication" to="bpf_pfc_vacancyapplicationid" from="pfc_vacancyapplicationid" link-type="inner">
            <attribute name="pfc_applicant" />
            <attribute name="pfc_applicationsummary" />
            <filter type="and">
              <condition attribute="pfc_applicant" operator="not-null" />
              <condition attribute="pfc_vacancy" operator="not-null" />
              <filter type="or">
                <condition attribute="pfc_applicationsummary" operator="eq" value="229330006" />
                <condition attribute="pfc_applicationsummary" operator="eq" value="229330007" />
                <condition attribute="pfc_applicationsummary" operator="eq" value="229330008" />
              </filter>
            </filter>
          </link-entity>
          <order attribute="activestagestartedon" descending="false" />
        </entity>
      </fetch>
    </fetchxml>
    <IntroducedVersion>1.0.0.187</IntroducedVersion>
    <LocalizedNames>
      <LocalizedName description="Courtesy Call Stage Vacancy Applications" languagecode="1033" />
    </LocalizedNames>
  </savedquery>
</savedqueries>