﻿<?xml version="1.0" encoding="utf-8"?>
<savedqueries xmlns:xsi="http://www.w3.org/2001/XMLSchema-instance">
  <savedquery>
    <IsCustomizable>1</IsCustomizable>
    <CanBeDeleted>1</CanBeDeleted>
    <isquickfindquery>0</isquickfindquery>
    <isprivate>0</isprivate>
    <isdefault>0</isdefault>
    <savedqueryid>{eb34be15-547b-eb11-a812-0022481a6b70}</savedqueryid>
    <layoutxml>
      <grid name="resultset" jump="bpf_name" select="1" icon="1" preview="1">
        <row name="result" id="businessprocessflowinstanceid">
          <cell name="activestagestartedon" width="100" />
          <cell name="a_608549670d234bc8b77296d3313d0d2e.pfc_applicationsummary" width="291" />
          <cell name="a_608549670d234bc8b77296d3313d0d2e.pfc_applicant" width="100" />
        </row>
      </grid>
    </layoutxml>
    <querytype>0</querytype>
    <fetchxml>
      <fetch version="1.0" output-format="xml-platform" mapping="logical">
        <entity name="new_recruitmenttracker">
          <attribute name="businessprocessflowinstanceid" />
          <attribute name="activestagestartedon" />
          <filter type="and">
            <condition attribute="activestageid" operator="eq" value="{117d20f4-844a-4176-85b7-f2b8e12d03d9}" uiname="Follow Up" uitype="processstage" />
          </filter>
          <link-entity alias="a_608549670d234bc8b77296d3313d0d2e" name="pfc_vacancyapplication" to="bpf_pfc_vacancyapplicationid" from="pfc_vacancyapplicationid" link-type="inner">
            <attribute name="pfc_applicant" />
            <attribute name="pfc_applicationsummary" />
            <filter type="and">
              <condition attribute="pfc_applicant" operator="not-null" />
              <condition attribute="pfc_applicationsummary" operator="not-null" />
              <condition attribute="pfc_vacancy" operator="not-null" />
              <filter type="and">
                <filter type="or">
                  <condition attribute="pfc_applicationsummary" operator="eq" value="229330008" />
                  <condition attribute="pfc_applicationsummary" operator="eq" value="229330017" />
                </filter>
                <condition attribute="pfc_followupoutcome" operator="ne" value="229330000" />
              </filter>
            </filter>
          </link-entity>
          <order attribute="activestagestartedon" descending="true" />
        </entity>
      </fetch>
    </fetchxml>
    <IntroducedVersion>1.0.0.187</IntroducedVersion>
    <LocalizedNames>
      <LocalizedName description="Follow Up Stage Vacancy Applications" languagecode="1033" />
    </LocalizedNames>
  </savedquery>
</savedqueries>