﻿<?xml version="1.0" encoding="utf-8"?>
<savedqueries xmlns:xsi="http://www.w3.org/2001/XMLSchema-instance">
  <savedquery>
    <IsCustomizable>1</IsCustomizable>
    <CanBeDeleted>1</CanBeDeleted>
    <isquickfindquery>0</isquickfindquery>
    <isprivate>0</isprivate>
    <isdefault>0</isdefault>
    <savedqueryid>{f7ccbb4c-457b-eb11-a812-0022481a6b70}</savedqueryid>
    <layoutxml>
      <grid name="resultset" jump="bpf_name" select="1" icon="1" preview="1">
        <row name="result" id="businessprocessflowinstanceid">
          <cell name="activestagestartedon" width="124" />
          <cell name="a_08db481bb7d740d8984ef009e99fa390.pfc_applicationsummary" width="300" />
          <cell name="a_64fa92ac767b47dcb7850b10e54fbdfc.pfc_applicant" width="100" />
        </row>
      </grid>
    </layoutxml>
    <querytype>0</querytype>
    <fetchxml>
      <fetch version="1.0" output-format="xml-platform" mapping="logical">
        <entity name="new_recruitmenttracker">
          <attribute name="businessprocessflowinstanceid" />
          <attribute name="activestagestartedon" />
          <filter type="and">
            <condition attribute="activestageid" operator="eq" value="{e9353f86-2428-4976-956a-f77f984561bf}" uiname="Shortlisting" uitype="processstage" />
            <condition attribute="statecode" operator="eq" value="0" />
          </filter>
          <link-entity alias="a_08db481bb7d740d8984ef009e99fa390" name="pfc_vacancyapplication" to="bpf_pfc_vacancyapplicationid" from="pfc_vacancyapplicationid" link-type="inner">
            <attribute name="pfc_applicationsummary" />
            <filter type="and">
              <condition attribute="pfc_applicationsummary" operator="not-null" />
              <condition attribute="pfc_applicant" operator="not-null" />
              <condition attribute="pfc_vacancy" operator="not-null" />
            </filter>
          </link-entity>
          <order attribute="activestagestartedon" descending="false" />
          <link-entity alias="a_64fa92ac767b47dcb7850b10e54fbdfc" name="pfc_vacancyapplication" to="bpf_pfc_vacancyapplicationid" from="pfc_vacancyapplicationid" link-type="outer" visible="false">
            <attribute name="pfc_applicant" />
          </link-entity>
        </entity>
      </fetch>
    </fetchxml>
    <IntroducedVersion>1.0.0.187</IntroducedVersion>
    <LocalizedNames>
      <LocalizedName description="Shortlisting Stage Vacancy Applications " languagecode="1033" />
    </LocalizedNames>
  </savedquery>
</savedqueries>