﻿<?xml version="1.0" encoding="utf-8"?>
<savedqueries xmlns:xsi="http://www.w3.org/2001/XMLSchema-instance">
  <savedquery>
    <IsCustomizable>1</IsCustomizable>
    <CanBeDeleted>0</CanBeDeleted>
    <isquickfindquery>0</isquickfindquery>
    <isprivate>0</isprivate>
    <isdefault>1</isdefault>
    <savedqueryid>{22d2002f-c444-4ed3-8d25-dae309140683}</savedqueryid>
    <layoutxml>
      <grid name="pfc_referrals" jump="pfc_name" select="1" icon="1" preview="1">
        <row name="pfc_referral" id="pfc_referralid">
          <cell name="pfc_name" width="300" />
          <cell name="createdon" width="125" />
        </row>
      </grid>
    </layoutxml>
    <querytype>2</querytype>
    <fetchxml>
      <fetch version="1.0" mapping="logical">
        <entity name="pfc_referral">
          <attribute name="pfc_referralid" />
          <attribute name="pfc_name" />
          <attribute name="createdon" />
          <order attribute="pfc_name" descending="false" />
          <filter type="and">
            <condition attribute="statecode" operator="eq" value="0" />
          </filter>
        </entity>
      </fetch>
    </fetchxml>
    <IntroducedVersion>1.0.0.191</IntroducedVersion>
    <LocalizedNames>
      <LocalizedName description="Referral Associated View" languagecode="1033" />
    </LocalizedNames>
  </savedquery>
</savedqueries>