﻿<?xml version="1.0" encoding="utf-8"?>
<savedqueries xmlns:xsi="http://www.w3.org/2001/XMLSchema-instance">
  <savedquery>
    <IsCustomizable>1</IsCustomizable>
    <CanBeDeleted>1</CanBeDeleted>
    <isquickfindquery>0</isquickfindquery>
    <isprivate>0</isprivate>
    <isdefault>1</isdefault>
    <savedqueryid>{ddb45b73-ffa3-eb11-b1ac-000d3a86d149}</savedqueryid>
    <querytype>8192</querytype>
    <fetchxml>
      <fetch version="1.0" mapping="logical" output-format="xml-platform">
        <entity name="pfc_referral">
          <attribute name="pfc_referralid" />
          <filter type="and">
            <condition attribute="statecode" operator="eq" value="0" />
            <condition attribute="ownerid" operator="eq-userid" />
          </filter>
        </entity>
      </fetch>
    </fetchxml>
    <IntroducedVersion>1.0.0.191</IntroducedVersion>
    <LocalizedNames>
      <LocalizedName description="My Referrals" languagecode="1033" />
    </LocalizedNames>
    <Descriptions>
      <Description description="Active Referrals owned by me" languagecode="1033" />
    </Descriptions>
  </savedquery>
</savedqueries>