﻿<?xml version="1.0" encoding="utf-8"?>
<forms xmlns:xsi="http://www.w3.org/2001/XMLSchema-instance">
  <systemform>
    <formid>{e3590ce0-4a60-4f46-9199-68d066a5aaad}</formid>
    <IntroducedVersion>1.0.0.0</IntroducedVersion>
    <FormPresentation>1</FormPresentation>
    <FormActivationState>1</FormActivationState>
    <form headerdensity="HighWithControls">
      <tabs>
        <tab verticallayout="true" id="{444f03bc-f9d8-411c-a2f6-3eac82c09a77}" IsUserDefined="1" name="relatives_tab">
          <labels>
            <label description="Relatives" languagecode="1033" />
          </labels>
          <columns>
            <column width="100%">
              <sections>
                <section showlabel="false" showbar="false" IsUserDefined="0" id="{c387e1c6-8baa-484c-9c98-de25e53704c5}">
                  <labels>
                    <label description="General" languagecode="1033" />
                  </labels>
                  <rows>
                    <row>
                      <cell id="{8ccb83ee-a8fd-4b17-958b-3bd48ef53ad7}">
                        <labels>
                          <label description="Full Name" languagecode="1033" />
                        </labels>
                        <control id="pfc_name" classid="{4273EDBD-AC1D-40d3-9FB2-095C621B552D}" datafieldname="pfc_name" />
                      </cell>
                    </row>
                    <row>
                      <cell id="{0b81171f-7f36-41fd-8094-8141d9b4ffb9}" locklevel="0">
                        <labels>
                          <label description="Relative Type" languagecode="1033" />
                        </labels>
                        <control id="pfc_relativetype" classid="{3EF39988-22BB-4F0B-BBBE-64B5A3748AEE}" datafieldname="pfc_relativetype" disabled="false" />
                      </cell>
                    </row>
                    <row>
                      <cell id="{1919f658-182a-4251-a3b9-1ae11e0ffd58}" showlabel="true" locklevel="0">
                        <labels>
                          <label description="Place of Work" languagecode="1033" />
                        </labels>
                        <control id="pfc_placeofwork" classid="{3EF39988-22BB-4F0B-BBBE-64B5A3748AEE}" datafieldname="pfc_placeofwork" disabled="false" />
                      </cell>
                    </row>
                    <row>
                      <cell id="{ed61619e-8557-43e0-be7f-7c1671dd744a}" showlabel="true" locklevel="0" visible="false">
                        <labels>
                          <label description="Applicant" languagecode="1033" />
                        </labels>
                        <control id="pfc_applicant" classid="{270BD3DB-D9AF-4782-9025-509E298DEC0A}" datafieldname="pfc_applicant" disabled="false" uniqueid="{de633262-d902-5474-d6b5-ca7b57879377}">
                          <parameters>
                            <AvailableViewIds>{A2D479C5-53E3-4C69-ADDD-802327E67A0D}</AvailableViewIds>
                            <DisableViewPicker>true</DisableViewPicker>
                            <DefaultViewId>{62FB3605-E4C1-EA11-A812-000D3A86A8CF}</DefaultViewId>
                            <AutoResolve>true</AutoResolve>
                            <DisableMru>false</DisableMru>
                            <DisableQuickFind>false</DisableQuickFind>
                            <AllowFilterOff>false</AllowFilterOff>
                          </parameters>
                        </control>
                      </cell>
                    </row>
                  </rows>
                </section>
              </sections>
            </column>
          </columns>
        </tab>
      </tabs>
      <header id="{d06bdd9c-79ad-4a13-b7e4-97e8c21eb771}" celllabelposition="Top" columns="111" labelwidth="115" celllabelalignment="Left">
        <rows>
          <row>
            <cell id="{9f94be90-d8c9-4cac-90fa-57b0aba4bef4}" showlabel="false">
              <labels>
                <label description="" languagecode="1033" />
              </labels>
            </cell>
            <cell id="{a6a56b28-ff19-4a68-9433-09a1054feca2}" showlabel="false">
              <labels>
                <label description="" languagecode="1033" />
              </labels>
            </cell>
            <cell id="{83ac18e2-c51a-491d-a36e-e65765d40e19}" showlabel="false">
              <labels>
                <label description="" languagecode="1033" />
              </labels>
            </cell>
            <cell id="{dfe47caa-8d32-4050-8586-49a67758af61}">
              <labels>
                <label description="Owner" languagecode="1033" />
              </labels>
              <control id="header_ownerid" classid="{270BD3DB-D9AF-4782-9025-509E298DEC0A}" datafieldname="ownerid" />
            </cell>
          </row>
        </rows>
      </header>
      <footer id="{ae19bf57-774a-40a5-a6f1-0dd401ea3001}" celllabelposition="Top" columns="111" labelwidth="115" celllabelalignment="Left">
        <rows>
          <row>
            <cell id="{5f9e948d-db6a-4ac5-9976-5bf9d3804e07}" showlabel="false">
              <labels>
                <label description="" languagecode="1033" />
              </labels>
            </cell>
            <cell id="{8369a247-df11-49af-b19a-80b934da2bb3}" showlabel="false">
              <labels>
                <label description="" languagecode="1033" />
              </labels>
            </cell>
            <cell id="{e175ab40-5604-4bfe-943d-8d6bdc47f3f0}" showlabel="false">
              <labels>
                <label description="" languagecode="1033" />
              </labels>
            </cell>
          </row>
        </rows>
      </footer>
      <Navigation>
        <NavBar />
        <NavBarAreas>
          <NavBarArea Id="Info">
            <Titles>
              <Title LCID="1033" Text="Common" />
            </Titles>
          </NavBarArea>
          <NavBarArea Id="Sales">
            <Titles>
              <Title LCID="1033" Text="Sales" />
            </Titles>
          </NavBarArea>
          <NavBarArea Id="Service">
            <Titles>
              <Title LCID="1033" Text="Service" />
            </Titles>
          </NavBarArea>
          <NavBarArea Id="Marketing">
            <Titles>
              <Title LCID="1033" Text="Marketing" />
            </Titles>
          </NavBarArea>
          <NavBarArea Id="ProcessCenter">
            <Titles>
              <Title LCID="1033" Text="Process Sessions" />
            </Titles>
          </NavBarArea>
        </NavBarAreas>
      </Navigation>
      <controlDescriptions />
      <DisplayConditions Order="0" FallbackForm="true">
        <Everyone />
      </DisplayConditions>
    </form>
    <IsCustomizable>1</IsCustomizable>
    <CanBeDeleted>1</CanBeDeleted>
    <LocalizedNames>
      <LocalizedName description="Relatives Web Form" languagecode="1033" />
    </LocalizedNames>
    <Descriptions>
      <Description description="A form for this entity." languagecode="1033" />
    </Descriptions>
  </systemform>
</forms>