﻿<?xml version="1.0" encoding="utf-8"?>
<RibbonDiffXml xmlns:xsi="http://www.w3.org/2001/XMLSchema-instance">
  <CustomActions>
    <CustomAction Id="pfc.Mscrm.Form.pfc_vacancyapplication.Flows.RefreshCommandBar.CustomAction" Location="Mscrm.Form.pfc_vacancyapplication.MainTab.Workflow.Controls._children" Sequence="30">
      <CommandUIDefinition>
        <FlyoutAnchor Alt="$Resources:RefreshCommandBar.Flows" Command="Mscrm.Form.Flows.ManageRunFlow" Id="Mscrm.Form.pfc_vacancyapplication.Flows.RefreshCommandBar" Image16by16="/_imgs/Ribbon/OpenFlows_16.png" Image32by32="/_imgs/Ribbon/OpenFlows_32.png" LabelText="$Resources:RefreshCommandBar.Flows" PopulateDynamically="true" PopulateQueryCommand="Mscrm.DynamicMenu.Form.Flows.PopulateMenu" Sequence="30" TemplateAlias="o1" ToolTipTitle="$Resources:Ribbon.HomepageGrid.Data.Workflow.RunFlow" ToolTipDescription="$Resources(EntityDisplayName):Ribbon.Tooltip.RunFlow" ModernImage="Flows" />
      </CommandUIDefinition>
    </CustomAction>
    <CustomAction Id="pfc.Mscrm.Form.pfc_vacancyapplication.Flows.RefreshCommandBar.Flows.CustomAction" Location="Mscrm.Form.pfc_vacancyapplication.MainTab.Workflow.Controls._children" Sequence="35">
      <CommandUIDefinition>
        <FlyoutAnchor Alt="$Resources:RefreshCommandBar.Flows" Command="Mscrm.Form.Flows" Id="Mscrm.Form.pfc_vacancyapplication.Flows.RefreshCommandBar.Flows" Image16by16="/_imgs/Ribbon/OpenFlows_16.png" Image32by32="/_imgs/Ribbon/OpenFlows_32.png" LabelText="$Resources:RefreshCommandBar.Flows" Sequence="35" TemplateAlias="o1" ToolTipTitle="$Resources:Ribbon.HomepageGrid.Data.Workflow.Flows" ToolTipDescription="$Resources(EntityDisplayName):Ribbon.Tooltip.Flows" ModernImage="Flows">
          <Menu Id="Mscrm.Form.pfc_vacancyapplication.Flows.RefreshCommandBar.Flows.Menu">
            <MenuSection Id="Mscrm.Form.pfc_vacancyapplication.Flows.RefreshCommandBar.Flows.MenuSection" Sequence="10" DisplayMode="Menu16">
              <Controls Id="Mscrm.Form.pfc_vacancyapplication.Flows.RefreshCommandBar.Flows.MenuSection.Controls">
                <FlyoutAnchor Alt="$Resources:RefreshCommandBar.ManageFlows" Command="Mscrm.Form.Flows" Id="Mscrm.Form.pfc_vacancyapplication.Flows.RefreshCommandBar.ManageFlows" Image16by16="/_imgs/Ribbon/OpenFlows_16.png" Image32by32="/_imgs/Ribbon/OpenFlows_32.png" LabelText="$Resources:RefreshCommandBar.ManageFlows" PopulateDynamically="true" PopulateQueryCommand="Mscrm.DynamicMenu.Form.Flows.PopulateStaticFlowMenu" Sequence="10" TemplateAlias="o1" ToolTipTitle="$Resources:Ribbon.HomepageGrid.Data.Workflow.ManageFlows" ToolTipDescription="$Resources(EntityDisplayName):Ribbon.Tooltip.ManageFlows" ModernImage="Flows" />
                <FlyoutAnchor Alt="$Resources:RefreshCommandBar.RunFlow" Command="Mscrm.Form.Flows" Id="Mscrm.Form.pfc_vacancyapplication.Flows.RefreshCommandBar.RunFlow" Image16by16="/_imgs/Ribbon/OpenFlows_16.png" Image32by32="/_imgs/Ribbon/OpenFlows_32.png" LabelText="$Resources:RefreshCommandBar.RunFlow" PopulateDynamically="true" PopulateQueryCommand="Mscrm.DynamicMenu.Form.Flows.PopulateFlowMenu" Sequence="20" TemplateAlias="o1" ToolTipTitle="$Resources:Ribbon.HomepageGrid.Data.Workflow.RunFlow" ToolTipDescription="$Resources(EntityDisplayName):Ribbon.Tooltip.RunFlow" ModernImage="Flows" />
                <FlyoutAnchor Alt="$Resources:RefreshCommandBar.RunWorkflow" Command="Mscrm.Form.Flows.RunWorkflow" Id="Mscrm.Form.pfc_vacancyapplication.Flows.RefreshCommandBar.RunWorkflow" Image16by16="/_imgs/Ribbon/OpenFlows_16.png" Image32by32="/_imgs/Ribbon/OpenFlows_32.png" LabelText="$Resources:RefreshCommandBar.RunWorkflow" PopulateDynamically="true" PopulateQueryCommand="Mscrm.DynamicMenu.Form.Flows.PopulateWorkFlowMenu" Sequence="30" TemplateAlias="o1" ToolTipTitle="$Resources:Ribbon.HomepageGrid.Data.Workflow.RunWorkflow" ToolTipDescription="$Resources(EntityDisplayName):Ribbon.Tooltip.RunWorkflow" ModernImage="Flows" />
              </Controls>
            </MenuSection>
          </Menu>
        </FlyoutAnchor>
      </CommandUIDefinition>
    </CustomAction>
    <CustomAction Id="pfc.Mscrm.Form.pfc_vacancyapplication.Reports.CustomAction" Location="Mscrm.Form.pfc_vacancyapplication.MainTab.ExportData.Controls._children" Sequence="10">
      <CommandUIDefinition>
        <FlyoutAnchor Alt="$Resources:Ribbon.HomepageGrid.Data.Report.RunReport" Command="Mscrm.ReportMenu.Form" Id="Mscrm.Form.pfc_vacancyapplication.Reports" Image16by16="/_imgs/ribbon/RunReport_16.png" Image32by32="/_imgs/ribbon/runreport32.png" LabelText="$Resources:Ribbon.HomepageGrid.Data.Report.RunReport" PopulateDynamically="true" PopulateQueryCommand="Mscrm.ReportsMenu.Populate.Form" PopulateOnlyOnce="true" Sequence="10" TemplateAlias="o1" ToolTipTitle="$Resources:Ribbon.HomepageGrid.Data.Report.RunReport" ToolTipDescription="$Resources:Ribbon.Tooltip.RunReport" ModernImage="Report" />
      </CommandUIDefinition>
    </CustomAction>
    <CustomAction Id="pfc.Mscrm.Form.pfc_vacancyapplication.SendSelected.CustomAction" Location="Mscrm.Form.pfc_vacancyapplication.MainTab.Collaborate.Controls._children" Sequence="70">
      <CommandUIDefinition>
        <Button Alt="$Resources:Ribbon.HomepageGrid.Record.Shortcut.Send" Command="Mscrm.SendShortcutPrimary" Id="Mscrm.Form.pfc_vacancyapplication.SendSelected" Image32by32="/_imgs/ribbon/SendShortcut_32.png" Image16by16="/_imgs/ribbon/EmailLink_16.png" LabelText="$Resources:Ribbon.HomepageGrid.Record.Shortcut.Send" Sequence="70" TemplateAlias="o2" ToolTipTitle="$Resources:Ribbon.HomepageGrid.Record.Shortcut.Send" ToolTipDescription="$Resources:Ribbon.Tooltip.SendShortcut" ModernImage="EmailLink" />
      </CommandUIDefinition>
    </CustomAction>
    <CustomAction Id="pfc.Mscrm.HomepageGrid.pfc_vacancyapplication.Flows.RefreshCommandBar.CustomAction" Location="Mscrm.HomepageGrid.pfc_vacancyapplication.MainTab.Workflow.Controls._children" Sequence="60">
      <CommandUIDefinition>
        <FlyoutAnchor Alt="$Resources:RefreshCommandBar.Flows" Command="Mscrm.Form.Flows.ManageRunFlow" Id="Mscrm.HomepageGrid.pfc_vacancyapplication.Flows.RefreshCommandBar" Image16by16="/_imgs/Ribbon/OpenFlows_16.png" Image32by32="/_imgs/Ribbon/OpenFlows_32.png" LabelText="$Resources:RefreshCommandBar.Flows" PopulateDynamically="true" PopulateQueryCommand="Mscrm.DynamicMenu.Grid.Flows.PopulateMenu" Sequence="60" TemplateAlias="o1" ToolTipTitle="$Resources:Ribbon.HomepageGrid.Data.Workflow.RunFlow" ToolTipDescription="$Resources(EntityDisplayName):Ribbon.Tooltip.RunFlow" ModernImage="Flows" />
      </CommandUIDefinition>
    </CustomAction>
    <CustomAction Id="pfc.Mscrm.HomepageGrid.pfc_vacancyapplication.Flows.RefreshCommandBar.Flows.CustomAction" Location="Mscrm.HomepageGrid.pfc_vacancyapplication.MainTab.Workflow.Controls._children" Sequence="70">
      <CommandUIDefinition>
        <FlyoutAnchor Alt="$Resources:RefreshCommandBar.Flows" Command="Mscrm.Form.Flows" Id="Mscrm.HomepageGrid.pfc_vacancyapplication.Flows.RefreshCommandBar.Flows" Image16by16="/_imgs/Ribbon/OpenFlows_16.png" Image32by32="/_imgs/Ribbon/OpenFlows_32.png" LabelText="$Resources:RefreshCommandBar.Flows" Sequence="70" TemplateAlias="o1" ToolTipTitle="$Resources:Ribbon.HomepageGrid.Data.Workflow.Flows" ToolTipDescription="$Resources(EntityDisplayName):Ribbon.Tooltip.Flows" ModernImage="Flows">
          <Menu Id="Mscrm.HomepageGrid.pfc_vacancyapplication.Flows.RefreshCommandBar.Flows.Menu">
            <MenuSection Id="Mscrm.HomepageGrid.pfc_vacancyapplication.Flows.RefreshCommandBar.Flows.MenuSection" Sequence="10" DisplayMode="Menu16">
              <Controls Id="Mscrm.HomepageGrid.pfc_vacancyapplication.Flows.RefreshCommandBar.Flows.MenuSection.Controls">
                <FlyoutAnchor Alt="$Resources:RefreshCommandBar.ManageFlows" Command="Mscrm.Form.Flows" Id="Mscrm.HomepageGrid.pfc_vacancyapplication.Flows.RefreshCommandBar.ManageFlows" Image16by16="/_imgs/Ribbon/OpenFlows_16.png" Image32by32="/_imgs/Ribbon/OpenFlows_32.png" LabelText="$Resources:RefreshCommandBar.ManageFlows" PopulateDynamically="true" PopulateQueryCommand="Mscrm.DynamicMenu.Grid.Flows.PopulateStaticFlowMenu" Sequence="10" TemplateAlias="o1" ToolTipTitle="$Resources:Ribbon.HomepageGrid.Data.Workflow.ManageFlows" ToolTipDescription="$Resources(EntityDisplayName):Ribbon.Tooltip.ManageFlows" ModernImage="Flows" />
                <FlyoutAnchor Alt="$Resources:RefreshCommandBar.RunFlow" Command="Mscrm.Form.Flows" Id="Mscrm.HomepageGrid.pfc_vacancyapplication.Flows.RefreshCommandBar.RunFlow" Image16by16="/_imgs/Ribbon/OpenFlows_16.png" Image32by32="/_imgs/Ribbon/OpenFlows_32.png" LabelText="$Resources:RefreshCommandBar.RunFlow" PopulateDynamically="true" PopulateQueryCommand="Mscrm.DynamicMenu.Grid.Flows.PopulateFlowMenu" Sequence="20" TemplateAlias="o1" ToolTipTitle="$Resources:Ribbon.HomepageGrid.Data.Workflow.RunFlow" ToolTipDescription="$Resources(EntityDisplayName):Ribbon.Tooltip.RunFlow" ModernImage="Flows" />
                <FlyoutAnchor Alt="$Resources:RefreshCommandBar.RunWorkflow" Command="Mscrm.Form.Flows.RunWorkflow" Id="Mscrm.HomepageGrid.pfc_vacancyapplication.Flows.RefreshCommandBar.RunWorkflow" Image16by16="/_imgs/Ribbon/OpenFlows_16.png" Image32by32="/_imgs/Ribbon/OpenFlows_32.png" LabelText="$Resources:RefreshCommandBar.RunWorkflow" PopulateDynamically="true" PopulateQueryCommand="Mscrm.DynamicMenu.Grid.Flows.PopulateWorkFlowMenu" Sequence="30" TemplateAlias="o1" ToolTipTitle="$Resources:Ribbon.HomepageGrid.Data.Workflow.RunWorkflow" ToolTipDescription="$Resources(EntityDisplayName):Ribbon.Tooltip.RunWorkflow" ModernImage="Flows" />
              </Controls>
            </MenuSection>
          </Menu>
        </FlyoutAnchor>
      </CommandUIDefinition>
    </CustomAction>
    <CustomAction Id="pfc.Mscrm.HomepageGrid.pfc_vacancyapplication.RunReport.CustomAction" Location="Mscrm.HomepageGrid.pfc_vacancyapplication.MainTab.ExportData.Controls._children" Sequence="30">
      <CommandUIDefinition>
        <FlyoutAnchor Alt="$Resources:Ribbon.HomepageGrid.Data.Report.RunReport" Command="Mscrm.ReportMenu.Grid" Id="Mscrm.HomepageGrid.pfc_vacancyapplication.RunReport" Image16by16="/_imgs/ribbon/RunReport_16.png" Image32by32="/_imgs/ribbon/runreport32.png" LabelText="$Resources:Ribbon.HomepageGrid.Data.Report.RunReport" PopulateDynamically="true" PopulateQueryCommand="Mscrm.ReportsMenu.Populate.Grid" Sequence="30" TemplateAlias="o1" ToolTipTitle="$Resources:Ribbon.HomepageGrid.Data.Report.RunReport" ToolTipDescription="$Resources:Ribbon.Tooltip.RunReport" ModernImage="Report" />
      </CommandUIDefinition>
    </CustomAction>
    <CustomAction Id="pfc.Mscrm.HomepageGrid.pfc_vacancyapplication.Send.CustomAction" Location="Mscrm.HomepageGrid.pfc_vacancyapplication.MainTab.Collaborate.Controls._children" Sequence="61">
      <CommandUIDefinition>
        <SplitButton Command="Mscrm.SendShortcutSelected.AlwaysEnabled" Id="Mscrm.HomepageGrid.pfc_vacancyapplication.Send" Image32by32="/_imgs/ribbon/SendShortcut_32.png" Image16by16="/_imgs/ribbon/EmailLink_16.png" LabelText="$Resources:Ribbon.HomepageGrid.Record.Shortcut.Send" Sequence="61" TemplateAlias="o2" ToolTipTitle="$Resources:Ribbon.HomepageGrid.Record.Shortcut.Send" ToolTipDescription="$Resources:Mscrm_HomepageGrid_Other_MainTab_ExportData_Send_ToolTipDescription" ModernImage="EmailLink">
          <Menu Id="Mscrm.HomepageGrid.pfc_vacancyapplication.Send.Menu">
            <MenuSection Id="Mscrm.HomepageGrid.pfc_vacancyapplication.Send.MenuSection" Sequence="10" DisplayMode="Menu16">
              <Controls Id="Mscrm.HomepageGrid.pfc_vacancyapplication.Send.MenuSection.Controls">
                <Button Command="Mscrm.SendShortcutSelected" Id="Mscrm.HomepageGrid.pfc_vacancyapplication.Send.Selected" Image32by32="/_imgs/ribbon/SendShortcut_32.png" Image16by16="/_imgs/ribbon/EmailLink_16.png" LabelText="$Resources:Ribbon.HomepageGrid.Record.Shortcut.Selected" Sequence="10" ToolTipTitle="$Resources:Ribbon.HomepageGrid.Record.Shortcut.Selected" ToolTipDescription="$Resources:Ribbon.Tooltip.SendShortcut" ModernImage="EmailLink" />
                <Button Command="Mscrm.SendShortcutView" Id="Mscrm.HomepageGrid.pfc_vacancyapplication.Send.View" Image32by32="/_imgs/ribbon/SendView_32.png" Image16by16="/_imgs/ribbon/SendView_16.png" LabelText="$Resources:Ribbon.HomepageGrid.Record.Shortcut.View" Sequence="20" ToolTipTitle="$Resources:Ribbon.HomepageGrid.Record.Shortcut.View" ToolTipDescription="$Resources:Ribbon.Tooltip.SendShortcut_View" ModernImage="EmailLink" />
              </Controls>
            </MenuSection>
          </Menu>
        </SplitButton>
      </CommandUIDefinition>
    </CustomAction>
    <CustomAction Id="pfc.Mscrm.SubGrid.pfc_vacancyapplication.RunReport.CustomAction" Location="Mscrm.SubGrid.pfc_vacancyapplication.MainTab.ExportData.Controls._children" Sequence="10">
      <CommandUIDefinition>
        <FlyoutAnchor Alt="$Resources:Ribbon.HomepageGrid.Data.Report.RunReport" Command="Mscrm.ReportMenu.Grid" Id="Mscrm.SubGrid.pfc_vacancyapplication.RunReport" Image16by16="/_imgs/ribbon/RunReport_16.png" Image32by32="/_imgs/ribbon/runreport32.png" LabelText="$Resources:Ribbon.HomepageGrid.Data.Report.RunReport" PopulateDynamically="true" PopulateQueryCommand="Mscrm.ReportsMenu.Populate.Grid" PopulateOnlyOnce="true" Sequence="10" TemplateAlias="o1" ToolTipTitle="$Resources:Ribbon.HomepageGrid.Data.Report.RunReport" ToolTipDescription="$Resources:Ribbon.Tooltip.RunReport" ModernImage="Report" />
      </CommandUIDefinition>
    </CustomAction>
    <CustomAction Id="pfc.Mscrm.SubGrid.pfc_vacancyapplication.SendSelected.CustomAction" Location="Mscrm.SubGrid.pfc_vacancyapplication.MainTab.Collaborate.Controls._children" Sequence="80">
      <CommandUIDefinition>
        <Button Alt="$Resources:Ribbon.HomepageGrid.Record.Shortcut.Send" Command="Mscrm.SendShortcutSelected" Id="Mscrm.SubGrid.pfc_vacancyapplication.SendSelected" Image32by32="/_imgs/ribbon/SendShortcut_32.png" Image16by16="/_imgs/ribbon/EmailLink_16.png" LabelText="$Resources:Ribbon.HomepageGrid.Record.Shortcut.Send" Sequence="80" TemplateAlias="o4" ToolTipTitle="$Resources:Ribbon.HomepageGrid.Record.Shortcut.Send" ToolTipDescription="$Resources:Ribbon.Tooltip.SendShortcut" ModernImage="EmailLink" />
      </CommandUIDefinition>
    </CustomAction>
  </CustomActions>
  <Templates>
    <RibbonTemplates Id="Mscrm.Templates"></RibbonTemplates>
  </Templates>
  <CommandDefinitions>
    <CommandDefinition Id="Mscrm.Form.Flows.ManageRunFlow">
      <EnableRules>
        <EnableRule Id="Mscrm.IsMicrosoftFlowIntegrationEnabled" />
        <EnableRule Id="Mscrm.DisplayFlowSingleMenu" />
        <EnableRule Id="Mscrm.AnySelection" />
      </EnableRules>
      <DisplayRules>
        <DisplayRule Id="Mscrm.MicrosoftFlows" />
        <DisplayRule Id="Mscrm.HideOnOutlookClient" />
        <DisplayRule Id="pfc.pfc_vacancyapplication.HideNonAdmin" />
      </DisplayRules>
      <Actions />
    </CommandDefinition>
    <CommandDefinition Id="Mscrm.ReportMenu.Form">
      <EnableRules>
        <EnableRule Id="Mscrm.FormStateNotNew" />
        <EnableRule Id="Mscrm.ShowOnNonModernAndModernIfAllowed" />
      </EnableRules>
      <DisplayRules>
        <DisplayRule Id="Mscrm.ReadReport" />
        <DisplayRule Id="Mscrm.HideForTabletExperience" />
        <DisplayRule Id="Mscrm.HybridDialogReportsEnabled" />
        <DisplayRule Id="pfc.pfc_vacancyapplication.HideNonAdmin" />
      </DisplayRules>
      <Actions />
    </CommandDefinition>
    <CommandDefinition Id="Mscrm.ReportMenu.Grid">
      <EnableRules>
        <EnableRule Id="Mscrm.VisualizationPaneNotMaximized" />
        <EnableRule Id="Mscrm.IsValidForHierarchyView" />
        <EnableRule Id="Mscrm.ShowOnNonModernAndModernIfAllowed" />
        <EnableRule Id="Mscrm.AnySelection" />
      </EnableRules>
      <DisplayRules>
        <DisplayRule Id="Mscrm.ReadReport" />
        <DisplayRule Id="Mscrm.HideForTabletExperience" />
        <DisplayRule Id="Mscrm.HybridDialogReportsEnabled" />
        <DisplayRule Id="pfc.pfc_vacancyapplication.HideNonAdmin" />
      </DisplayRules>
      <Actions />
    </CommandDefinition>
    <CommandDefinition Id="Mscrm.SendShortcutPrimary">
      <EnableRules>
        <EnableRule Id="Mscrm.FormStateNotNew" />
      </EnableRules>
      <DisplayRules>
        <DisplayRule Id="pfc.pfc_vacancyapplication.HideNonAdmin" />
      </DisplayRules>
      <Actions>
        <JavaScriptFunction FunctionName="XrmCore.Commands.EmailCopyLink.emailCopyLinkPrimaryRecord" Library="$webresource:Main_system_library.js">
          <BoolParameter Value="true" />
          <CrmParameter Value="PrimaryControl" />
        </JavaScriptFunction>
      </Actions>
    </CommandDefinition>
    <CommandDefinition Id="Mscrm.SendShortcutSelected">
      <EnableRules>
        <EnableRule Id="Mscrm.SelectionCountAtLeastOne" />
        <EnableRule Id="Mscrm.VisualizationPaneNotMaximized" />
        <EnableRule Id="Mscrm.IsValidForHierarchyView" />
        <EnableRule Id="Mscrm.IsValidForHierarchyPageInUC" />
      </EnableRules>
      <DisplayRules>
        <DisplayRule Id="pfc.pfc_vacancyapplication.HideNonAdmin" />
      </DisplayRules>
      <Actions>
        <JavaScriptFunction FunctionName="XrmCore.Commands.EmailCopyLink.emailCopyLinkRecords" Library="$webresource:Main_system_library.js">
          <BoolParameter Value="true" />
          <CrmParameter Value="SelectedControlSelectedItemReferences" />
          <CrmParameter Value="SelectedEntityTypeName" />
        </JavaScriptFunction>
      </Actions>
    </CommandDefinition>
    <CommandDefinition Id="Mscrm.SendShortcutSelected.AlwaysEnabled">
      <EnableRules>
        <EnableRule Id="Mscrm.Enabled" />
        <EnableRule Id="Mscrm.IsValidForHierarchyView" />
        <EnableRule Id="Mscrm.IsValidForHierarchyPageInUC" />
      </EnableRules>
      <DisplayRules>
        <DisplayRule Id="pfc.pfc_vacancyapplication.HideNonAdmin" />
      </DisplayRules>
      <Actions>
        <JavaScriptFunction FunctionName="XrmCore.Commands.EmailCopyLink.emailCopyLinkRecords" Library="$webresource:Main_system_library.js">
          <BoolParameter Value="true" />
          <CrmParameter Value="SelectedControlSelectedItemReferences" />
          <CrmParameter Value="SelectedEntityTypeName" />
        </JavaScriptFunction>
      </Actions>
    </CommandDefinition>
  </CommandDefinitions>
  <RuleDefinitions>
    <TabDisplayRules />
    <DisplayRules>
      <DisplayRule Id="pfc.pfc_vacancyapplication.HideNonAdmin">
        <MiscellaneousPrivilegeRule PrivilegeName="ImportCustomization" PrivilegeDepth="Global" Default="false" />
      </DisplayRule>
    </DisplayRules>
    <EnableRules>
      <EnableRule Id="Mscrm.AnySelection">
        <SelectionCountRule AppliesTo="SelectedEntity" />
      </EnableRule>
      <EnableRule Id="Mscrm.DisplayFlowSingleMenu">
        <CustomRule FunctionName="XrmCore.Commands.Flows.displayFlowSingleMenu" Library="$webresource:Main_system_library.js" />
      </EnableRule>
      <EnableRule Id="Mscrm.Enabled">
        <CustomRule FunctionName="XrmCore.Rules.Enabled.alwaysEnabled" Library="$webresource:Main_system_library.js" />
      </EnableRule>
      <EnableRule Id="Mscrm.FormStateNotNew">
        <FormStateRule State="Create" InvertResult="true" />
      </EnableRule>
      <EnableRule Id="Mscrm.IsMicrosoftFlowIntegrationEnabled">
        <CustomRule FunctionName="XrmCore.Commands.Flows.isMicrosoftFlowEnabled" Library="$webresource:Main_system_library.js" />
      </EnableRule>
      <EnableRule Id="Mscrm.IsValidForHierarchyPageInUC">
        <CustomRule FunctionName="XrmCore.Rules.HierarchyView.isValidForHierarchyPageInUC" Library="$webresource:Main_system_library.js" />
      </EnableRule>
      <EnableRule Id="Mscrm.IsValidForHierarchyView">
        <CustomRule FunctionName="XrmCore.Rules.HierarchyView.isValidForHierarchyView" Library="$webresource:Main_system_library.js" />
      </EnableRule>
      <EnableRule Id="Mscrm.SelectionCountAtLeastOne">
        <SelectionCountRule AppliesTo="SelectedEntity" Minimum="1" />
      </EnableRule>
      <EnableRule Id="Mscrm.ShowOnNonModernAndModernIfAllowed">
        <OrRule>
          <Or>
            <CommandClientTypeRule Type="Modern" InvertResult="true" />
          </Or>
          <Or>
            <CustomRule FunctionName="XrmCore.InternalUtilities.DialogUtilities.isAllowLegacyDialogsEmbedding" Library="$webresource:Main_system_library.js" />
          </Or>
        </OrRule>
      </EnableRule>
      <EnableRule Id="Mscrm.VisualizationPaneNotMaximized">
        <OrRule>
          <Or>
            <CommandClientTypeRule Type="Modern" />
          </Or>
          <Or>
            <CustomRule FunctionName="Mscrm.GridCommandActions.disableButtonsWhenChartMaximized" Library="/_static/_common/scripts/CommandBarActions.js">
              <CrmParameter Value="SelectedControl" />
            </CustomRule>
          </Or>
        </OrRule>
      </EnableRule>
    </EnableRules>
  </RuleDefinitions>
  <LocLabels />
</RibbonDiffXml>