﻿<?xml version="1.0" encoding="utf-8"?>
<forms xmlns:xsi="http://www.w3.org/2001/XMLSchema-instance">
  <systemform>
    <formid>{0db954ed-4867-4e86-a8c6-0c8a08d99169}</formid>
    <IntroducedVersion>1.0.0.0</IntroducedVersion>
    <FormPresentation>1</FormPresentation>
    <FormActivationState>1</FormActivationState>
    <form>
      <tabs>
        <tab verticallayout="true" id="{785b75ab-4161-402c-b125-0252fba0ae6e}" IsUserDefined="1">
          <labels>
            <label description="" languagecode="1033" />
          </labels>
          <columns>
            <column width="100%">
              <sections>
                <section showlabel="false" showbar="false" IsUserDefined="0" id="{6a2d161a-8cad-42ad-8fb6-f8276ba6fe40}">
                  <labels>
                    <label description="GENERAL" languagecode="1033" />
                  </labels>
                  <rows>
                    <row>
                      <cell id="{d4ff595f-3e3c-4ab7-8583-a0eec6d83db4}" visible="false">
                        <labels>
                          <label description="Job Title" languagecode="1033" />
                        </labels>
                        <control id="pfc_jobtitle" classid="{4273EDBD-AC1D-40d3-9FB2-095C621B552D}" datafieldname="pfc_jobtitle" />
                      </cell>
                    </row>
                    <row>
                      <cell id="{25c6a6f7-7eed-4577-acd0-7bc9d48e1e29}" showlabel="true" visible="false">
                        <labels>
                          <label description="Owner" languagecode="1033" />
                        </labels>
                        <control id="ownerid" classid="{270BD3DB-D9AF-4782-9025-509E298DEC0A}" datafieldname="ownerid" />
                      </cell>
                    </row>
                    <row>
                      <cell id="{e80a3f7a-0490-4e31-9fd9-353fa7eeaedc}" showlabel="true" locklevel="0">
                        <labels>
                          <label description="Job Description" languagecode="1033" />
                        </labels>
                        <control id="pfc_jobdescription" classid="{E0DECE4B-6FC8-4A8F-A065-082708572369}" datafieldname="pfc_jobdescription" disabled="false" />
                      </cell>
                    </row>
                  </rows>
                </section>
              </sections>
            </column>
          </columns>
        </tab>
      </tabs>
      <DisplayConditions Order="0" FallbackForm="true">
        <Everyone />
      </DisplayConditions>
    </form>
    <IsCustomizable>1</IsCustomizable>
    <CanBeDeleted>1</CanBeDeleted>
    <LocalizedNames>
      <LocalizedName description="Information" languagecode="1033" />
    </LocalizedNames>
  </systemform>
</forms>