﻿<?xml version="1.0" encoding="utf-8"?>
<forms xmlns:xsi="http://www.w3.org/2001/XMLSchema-instance">
  <systemform>
    <formid>{b2c38dec-79d1-ea11-a813-000d3a86a8cf}</formid>
    <IntroducedVersion>1.0.0.0</IntroducedVersion>
    <FormPresentation>1</FormPresentation>
    <FormActivationState>1</FormActivationState>
    <form>
      <tabs>
        <tab id="ACBA75B7-97B6-4116-AA55-51312992B721" name="vacancy_tab" showlabel="false" labelid="{de40e470-3768-4f14-96a6-552003ddb48d}">
          <labels>
            <label description="Vacancy" languagecode="1033" />
          </labels>
          <columns>
            <column width="100%">
              <sections>
                <section id="AD49B5BF-256F-46A8-9C75-947146172EB9" name="vacancy_tab_section" columns="1" showlabel="true" showbar="false" IsUserDefined="0" labelwidth="130" labelid="{b7d6eefc-e4df-4626-83e5-69c43aade888}">
                  <labels>
                    <label description="Vacancy Details" languagecode="1033" />
                  </labels>
                  <rows>
                    <row>
                      <cell id="{0ec0c109-f48f-407e-8e2b-d48417cf2ed6}" showlabel="true" locklevel="0" labelid="{492401a7-cda0-40a2-843a-c475bfbb133e}" visible="false">
                        <labels>
                          <label description="Job Title" languagecode="1033" />
                        </labels>
                        <control id="pfc_jobtitle" classid="{4273EDBD-AC1D-40D3-9FB2-095C621B552D}" datafieldname="pfc_jobtitle" disabled="false" uniqueid="{063d0730-e29e-67c8-0e37-a2a5bb998391}" />
                      </cell>
                    </row>
                    <row>
                      <cell id="{b4602280-6a2b-5d26-b140-32255dbea4c8}" showlabel="true" locklevel="0">
                        <labels>
                          <label description="Job Title" languagecode="1033" />
                        </labels>
                        <control id="pfc_jobtitles" classid="{3EF39988-22BB-4f0b-BBBE-64B5A3748AEE}" datafieldname="pfc_jobtitles" disabled="false" />
                      </cell>
                    </row>
                    <row>
                      <cell id="{00d4fc78-2831-4234-97c6-45da667dfac3}" showlabel="true" locklevel="0" labelid="{c9367b37-26d9-44eb-8958-c78e7a6f7561}">
                        <labels>
                          <label description="Contracted Hours" languagecode="1033" />
                        </labels>
                        <control id="pfc_contractedhours" classid="{3EF39988-22BB-4F0B-BBBE-64B5A3748AEE}" datafieldname="pfc_contractedhours" disabled="false" />
                      </cell>
                    </row>
                    <row>
                      <cell id="{408e227d-6629-6a1e-9a52-807cd6e64ea0}" showlabel="true" locklevel="0">
                        <labels>
                          <label description="Contract Type" languagecode="1033" />
                        </labels>
                        <control id="pfc_contracttype" classid="{3EF39988-22BB-4f0b-BBBE-64B5A3748AEE}" datafieldname="pfc_contracttype" disabled="false" />
                      </cell>
                    </row>
                    <row>
                      <cell id="{3182c035-c23b-c7d1-b279-b7e7e590525e}" showlabel="true" locklevel="0">
                        <labels>
                          <label description="Reports To" languagecode="1033" />
                        </labels>
                        <control id="pfc_reportsto" classid="{270BD3DB-D9AF-4782-9025-509E298DEC0A}" datafieldname="pfc_reportsto" disabled="false" />
                      </cell>
                    </row>
                    <row>
                      <cell id="{5ce03a4a-c8b4-a093-ed62-955376e04843}" showlabel="true" locklevel="0">
                        <labels>
                          <label description="Site" languagecode="1033" />
                        </labels>
                        <control id="pfc_site" classid="{270BD3DB-D9AF-4782-9025-509E298DEC0A}" datafieldname="pfc_site" disabled="false" />
                      </cell>
                    </row>
                  </rows>
                </section>
              </sections>
            </column>
          </columns>
        </tab>
      </tabs>
      <DisplayConditions Order="1" FallbackForm="true">
        <Role Id="{627090ff-40a3-4053-8790-584edc5be201}" />
        <Role Id="{119f245c-3cc8-4b62-b31c-d1a046ced15d}" />
      </DisplayConditions>
    </form>
    <IsCustomizable>1</IsCustomizable>
    <CanBeDeleted>1</CanBeDeleted>
    <LocalizedNames>
      <LocalizedName description=" Vacancy Quick View Form" languagecode="1033" />
    </LocalizedNames>
    <Descriptions>
      <Description description=" Vacancy Quick View Form" languagecode="1033" />
    </Descriptions>
  </systemform>
</forms>