﻿<?xml version="1.0" encoding="utf-8"?>
<forms xmlns:xsi="http://www.w3.org/2001/XMLSchema-instance">
  <systemform>
    <formid>{b028db32-3619-48a5-ac51-cf3f947b0ef3}</formid>
    <IntroducedVersion>5.0.0.0</IntroducedVersion>
    <FormPresentation>0</FormPresentation>
    <FormActivationState>1</FormActivationState>
    <form hasmargin="false" shownavigationbar="false">
      <tabs showlabels="false">
        <tab name="general" verticallayout="true" id="{dc4254d3-733f-4c33-ae1a-0993c9b547e3}" IsUserDefined="0" ordinalvalue="0">
          <columns>
            <column width="100%" id="0">
              <sections>
                <section name="Cases" labelwidth="90" id="{1d81fbd9-b5a7-455a-a7d5-848cc9d06cdb}" IsUserDefined="0" showlabel="true" showbar="false" ordinalvalue="1" solutionaction="Removed" />
                <section name="Entitlements" labelwidth="90" id="{9dc56114-15f0-4815-b17d-c406de1723a5}" IsUserDefined="0" showlabel="true" showbar="false" ordinalvalue="2" solutionaction="Removed" />
              </sections>
            </column>
          </columns>
        </tab>
      </tabs>
      <DisplayConditions Order="0" FallbackForm="true" solutionaction="Added">
        <Everyone />
      </DisplayConditions>
    </form>
    <LocalizedNames>
      <LocalizedName description="account card" languagecode="1033" />
    </LocalizedNames>
    <Descriptions>
      <Description description="A form that displays the account card." languagecode="1033" />
    </Descriptions>
  </systemform>
</forms>