﻿<?xml version="1.0" encoding="utf-8"?>
<savedqueries xmlns:xsi="http://www.w3.org/2001/XMLSchema-instance">
  <savedquery>
    <IsCustomizable>1</IsCustomizable>
    <CanBeDeleted>0</CanBeDeleted>
    <isquickfindquery>0</isquickfindquery>
    <isprivate>0</isprivate>
    <isdefault>1</isdefault>
    <savedqueryid>{4d7c0225-c653-4ddf-bc15-d33d86232056}</savedqueryid>
    <layoutxml>
      <grid name="resultset" jump="pfc_employername" select="1" icon="1" preview="1">
        <row name="result" id="pfc_employmenthistoryid">
          <cell name="pfc_employername" width="300" />
          <cell name="createdon" width="125" />
        </row>
      </grid>
    </layoutxml>
    <querytype>1</querytype>
    <fetchxml>
      <fetch version="1.0" mapping="logical">
        <entity name="pfc_employmenthistory">
          <attribute name="pfc_employmenthistoryid" />
          <attribute name="pfc_employername" />
          <attribute name="createdon" />
          <order attribute="pfc_employername" descending="false" />
        </entity>
      </fetch>
    </fetchxml>
    <IntroducedVersion>1.0.0.0</IntroducedVersion>
    <LocalizedNames>
      <LocalizedName description="Employment History Advanced Find View" languagecode="1033" />
    </LocalizedNames>
  </savedquery>
</savedqueries>