﻿<?xml version="1.0" encoding="utf-8"?>
<savedqueries xmlns:xsi="http://www.w3.org/2001/XMLSchema-instance">
  <savedquery>
    <IsCustomizable>1</IsCustomizable>
    <CanBeDeleted>0</CanBeDeleted>
    <isquickfindquery>0</isquickfindquery>
    <isprivate>0</isprivate>
    <isdefault>1</isdefault>
    <savedqueryid>{4d8e39a3-e241-4a0b-83a3-66e1a93c89ff}</savedqueryid>
    <layoutxml>
      <grid name="pfc_employmenthistories" jump="pfc_employername" select="1" icon="1" preview="1">
        <row name="pfc_employmenthistory" id="pfc_employmenthistoryid">
          <cell name="pfc_employername" width="300" />
          <cell name="createdon" width="125" />
        </row>
      </grid>
    </layoutxml>
    <querytype>2</querytype>
    <fetchxml>
      <fetch version="1.0" mapping="logical">
        <entity name="pfc_employmenthistory">
          <attribute name="pfc_employmenthistoryid" />
          <attribute name="pfc_employername" />
          <attribute name="createdon" />
          <order attribute="pfc_employername" descending="false" />
          <filter type="and">
            <condition attribute="statecode" operator="eq" value="0" />
          </filter>
        </entity>
      </fetch>
    </fetchxml>
    <IntroducedVersion>1.0.0.0</IntroducedVersion>
    <LocalizedNames>
      <LocalizedName description="Employment History Associated View" languagecode="1033" />
    </LocalizedNames>
  </savedquery>
</savedqueries>