﻿<?xml version="1.0" encoding="utf-8"?>
<savedqueries xmlns:xsi="http://www.w3.org/2001/XMLSchema-instance">
  <savedquery>
    <IsCustomizable>1</IsCustomizable>
    <CanBeDeleted>0</CanBeDeleted>
    <isquickfindquery>0</isquickfindquery>
    <isprivate>0</isprivate>
    <isdefault>1</isdefault>
    <savedqueryid>{f341aa07-f350-4647-9f04-290df88b177a}</savedqueryid>
    <layoutxml>
      <grid name="resultset" jump="pfc_employername" select="1" icon="1" preview="1">
        <row name="result" id="pfc_employmenthistoryid">
          <cell name="pfc_employername" width="300" />
          <cell name="pfc_jobtitle" width="100" />
          <cell name="pfc_startdate" width="100" />
          <cell name="pfc_enddate" width="100" />
          <cell name="pfc_reasonforleaving" width="100" />
        </row>
      </grid>
    </layoutxml>
    <querytype>0</querytype>
    <fetchxml>
      <fetch version="1.0" mapping="logical">
        <entity name="pfc_employmenthistory">
          <attribute name="pfc_employmenthistoryid" />
          <attribute name="pfc_employername" />
          <filter type="and">
            <condition attribute="statecode" operator="eq" value="0" />
          </filter>
          <attribute name="pfc_jobtitle" />
          <attribute name="pfc_startdate" />
          <attribute name="pfc_enddate" />
          <attribute name="pfc_reasonforleaving" />
          <order attribute="pfc_startdate" descending="true" />
        </entity>
      </fetch>
    </fetchxml>
    <IntroducedVersion>1.0.0.0</IntroducedVersion>
    <LocalizedNames>
      <LocalizedName description="Active Employment Histories" languagecode="1033" />
    </LocalizedNames>
  </savedquery>
</savedqueries>