﻿<?xml version="1.0" encoding="utf-8"?>
<forms xmlns:xsi="http://www.w3.org/2001/XMLSchema-instance">
  <systemform>
    <formid>{085aa9e1-3458-4460-a367-dcd2d1a14b14}</formid>
    <IntroducedVersion>1.0.0.0</IntroducedVersion>
    <FormPresentation>1</FormPresentation>
    <FormActivationState>1</FormActivationState>
    <form headerdensity="HighWithControls">
      <tabs>
        <tab verticallayout="true" id="{b7ad7a07-c262-428d-a8c8-717118ac44ff}" IsUserDefined="1" name="education_details">
          <labels>
            <label description="Education Details" languagecode="1033" />
          </labels>
          <columns>
            <column width="100%">
              <sections>
                <section showlabel="false" showbar="false" IsUserDefined="0" id="{ab12404e-1790-4fc8-8b6e-c8046c3b30ab}">
                  <labels>
                    <label description="General" languagecode="1033" />
                  </labels>
                  <rows>
                    <row>
                      <cell id="{64b31774-4e34-4002-bd27-30423831705a}">
                        <labels>
                          <label description="School Name" languagecode="1033" />
                        </labels>
                        <control id="pfc_schoolname" classid="{4273EDBD-AC1D-40d3-9FB2-095C621B552D}" datafieldname="pfc_schoolname" />
                      </cell>
                    </row>
                    <row>
                      <cell id="{6be16335-569b-4883-bd34-b5b58338b5bd}" showlabel="true" locklevel="0">
                        <labels>
                          <label description="Start Date" languagecode="1033" />
                        </labels>
                        <control id="pfc_startdate" classid="{5B773807-9FB2-42DB-97C3-7A91EFF8ADFF}" datafieldname="pfc_startdate" disabled="false" />
                      </cell>
                    </row>
                    <row>
                      <cell id="{39f83702-fcc1-44ba-a1e1-a3212988230f}" showlabel="true" locklevel="0">
                        <labels>
                          <label description="End Date" languagecode="1033" />
                        </labels>
                        <control id="pfc_enddate" classid="{5B773807-9FB2-42DB-97C3-7A91EFF8ADFF}" datafieldname="pfc_enddate" disabled="false" />
                      </cell>
                    </row>
                    <row>
                      <cell id="{5488809f-d698-4654-9b85-e3525dc4db3d}" locklevel="0">
                        <labels>
                          <label description="Qualification Achieved" languagecode="1033" />
                        </labels>
                        <control id="pfc_qualificationcertificateachieved" classid="{4273EDBD-AC1D-40D3-9FB2-095C621B552D}" datafieldname="pfc_qualificationcertificateachieved" disabled="false" />
                      </cell>
                    </row>
                    <row>
                      <cell id="{5f221628-d7f6-4ea2-b96a-d4c95da0742d}" showlabel="true" locklevel="0">
                        <labels>
                          <label description="Grade Achieved" languagecode="1033" />
                        </labels>
                        <control id="pfc_gradeachieved" classid="{4273EDBD-AC1D-40D3-9FB2-095C621B552D}" datafieldname="pfc_gradeachieved" disabled="false" />
                      </cell>
                    </row>
                    <row>
                      <cell id="{e6b5d9d5-8318-4721-a3c6-05d8dca33fec}" showlabel="true" locklevel="0" visible="false">
                        <labels>
                          <label description="Applicant" languagecode="1033" />
                        </labels>
                        <control id="pfc_applicant" classid="{270BD3DB-D9AF-4782-9025-509E298DEC0A}" datafieldname="pfc_applicant" disabled="false" />
                      </cell>
                    </row>
                    <row>
                      <cell id="{33faefd5-4493-400a-8707-0ddf50c3bb91}" visible="false">
                        <labels>
                          <label description="Owner" languagecode="1033" />
                        </labels>
                        <control id="header_ownerid" classid="{270BD3DB-D9AF-4782-9025-509E298DEC0A}" datafieldname="ownerid" />
                      </cell>
                    </row>
                  </rows>
                </section>
              </sections>
            </column>
          </columns>
        </tab>
      </tabs>
      <header id="{9e1af32e-bdfc-4abc-91a7-de2e170c7321}" celllabelposition="Top" columns="111" labelwidth="115" celllabelalignment="Left">
        <rows>
          <row>
            <cell id="{9c504259-10fa-462c-b97c-b1d0aaad0d62}" showlabel="false">
              <labels>
                <label description="" languagecode="1033" />
              </labels>
            </cell>
            <cell id="{d524e5ba-2e46-4c62-a9d5-1089b6e23736}" showlabel="false">
              <labels>
                <label description="" languagecode="1033" />
              </labels>
            </cell>
            <cell id="{f72cb9a3-6a77-49cc-9685-15b127a00dd5}" showlabel="false">
              <labels>
                <label description="" languagecode="1033" />
              </labels>
            </cell>
          </row>
        </rows>
      </header>
      <footer id="{6e198847-85db-4cfb-86db-ccc9d57797c9}" celllabelposition="Top" columns="111" labelwidth="115" celllabelalignment="Left">
        <rows>
          <row>
            <cell id="{2bd9ac8d-3292-4d52-b100-be0f39422000}" showlabel="false">
              <labels>
                <label description="" languagecode="1033" />
              </labels>
            </cell>
            <cell id="{38b354aa-d2d0-4005-8d4e-d42821a70f44}" showlabel="false">
              <labels>
                <label description="" languagecode="1033" />
              </labels>
            </cell>
            <cell id="{a5a75a0a-f626-41b9-8a46-5d839c1152ff}" showlabel="false">
              <labels>
                <label description="" languagecode="1033" />
              </labels>
            </cell>
          </row>
        </rows>
      </footer>
      <DisplayConditions Order="0" FallbackForm="true">
        <Everyone />
      </DisplayConditions>
    </form>
    <IsCustomizable>1</IsCustomizable>
    <CanBeDeleted>1</CanBeDeleted>
    <LocalizedNames>
      <LocalizedName description="Education Main" languagecode="1033" />
    </LocalizedNames>
    <Descriptions>
      <Description description="A form for this entity." languagecode="1033" />
    </Descriptions>
  </systemform>
</forms>