﻿<?xml version="1.0" encoding="utf-8"?>
<forms xmlns:xsi="http://www.w3.org/2001/XMLSchema-instance">
  <systemform>
    <formid>{0ac6239e-73ca-ea11-a812-002248005e55}</formid>
    <IntroducedVersion>1.0.0.0</IntroducedVersion>
    <FormPresentation>1</FormPresentation>
    <FormActivationState>1</FormActivationState>
    <form headerdensity="HighWithControls">
      <tabs>
        <tab verticallayout="true" id="{b7ad7a07-c262-428d-a8c8-717118ac44ff}" IsUserDefined="1" labelid="{8ce6985c-8f40-4951-b1fa-9cb58c3e8d4e}" name="Education">
          <labels>
            <label description="Education &amp; Training" languagecode="1033" />
          </labels>
          <columns>
            <column width="100%">
              <sections>
                <section showlabel="false" showbar="false" IsUserDefined="0" id="{ab12404e-1790-4fc8-8b6e-c8046c3b30ab}" labelid="{bcdf0d35-311f-41dc-b68d-c2a6caf94e5c}" name="Education" columns="11">
                  <labels>
                    <label description="Education &amp; Training" languagecode="1033" />
                  </labels>
                  <rows>
                    <row>
                      <cell id="{64b31774-4e34-4002-bd27-30423831705a}" labelid="{476ed899-36ad-4d8e-8b72-b4281bf75cf9}">
                        <labels>
                          <label description="School Name" languagecode="1033" />
                        </labels>
                        <control id="pfc_schoolname" classid="{4273EDBD-AC1D-40d3-9FB2-095C621B552D}" datafieldname="pfc_schoolname" />
                      </cell>
                      <cell showlabel="false" locklevel="0" id="{c34d38da-7936-4215-a1a6-9690170d2684}">
                        <labels>
                          <label description="" languagecode="1033" />
                        </labels>
                      </cell>
                    </row>
                    <row>
                      <cell id="{6be16335-569b-4883-bd34-b5b58338b5bd}" showlabel="true" locklevel="0" labelid="{013cd46f-eaa5-4926-8200-a2cbc81e7512}">
                        <labels>
                          <label description="Start Date" languagecode="1033" />
                        </labels>
                        <control id="pfc_startdate" classid="{5B773807-9FB2-42DB-97C3-7A91EFF8ADFF}" datafieldname="pfc_startdate" disabled="false" />
                      </cell>
                      <cell showlabel="false" locklevel="0" id="{f35f5c94-dff1-45ce-85de-fb75315b33cd}">
                        <labels>
                          <label description="" languagecode="1033" />
                        </labels>
                      </cell>
                    </row>
                    <row>
                      <cell id="{39f83702-fcc1-44ba-a1e1-a3212988230f}" showlabel="true" locklevel="0" labelid="{53918574-0b96-49f6-aff8-d1676beb9e5f}">
                        <labels>
                          <label description="End Date" languagecode="1033" />
                        </labels>
                        <control id="pfc_enddate" classid="{5B773807-9FB2-42DB-97C3-7A91EFF8ADFF}" datafieldname="pfc_enddate" disabled="false" />
                      </cell>
                      <cell showlabel="false" locklevel="0" id="{72ea6b81-1a73-40f1-aae2-d656177304c8}">
                        <labels>
                          <label description="" languagecode="1033" />
                        </labels>
                      </cell>
                    </row>
                    <row>
                      <cell id="{ac4b081d-46ce-c9cc-eec4-cde3764ca9a4}" showlabel="true" locklevel="0">
                        <labels>
                          <label description="Qualification Achieved" languagecode="1033" />
                        </labels>
                        <control id="pfc_qualificationcertificateachieved" classid="{4273EDBD-AC1D-40d3-9FB2-095C621B552D}" datafieldname="pfc_qualificationcertificateachieved" disabled="false" />
                      </cell>
                      <cell showlabel="false" locklevel="0" id="{d79f194c-0849-4d91-8884-f0c420d7d862}">
                        <labels>
                          <label description="" languagecode="1033" />
                        </labels>
                      </cell>
                    </row>
                    <row>
                      <cell id="{5f221628-d7f6-4ea2-b96a-d4c95da0742d}" showlabel="true" locklevel="0" labelid="{72dba1b4-d78f-430c-9aa3-15aa8e23833b}">
                        <labels>
                          <label description="Grade Achieved" languagecode="1033" />
                        </labels>
                        <control id="pfc_gradeachieved" classid="{4273EDBD-AC1D-40D3-9FB2-095C621B552D}" datafieldname="pfc_gradeachieved" disabled="false" />
                      </cell>
                      <cell showlabel="false" locklevel="0" id="{fd176516-0c1b-40f0-acf0-6be759c11915}">
                        <labels>
                          <label description="" languagecode="1033" />
                        </labels>
                      </cell>
                    </row>
                    <row>
                      <cell id="{e6b5d9d5-8318-4721-a3c6-05d8dca33fec}" showlabel="true" locklevel="0" labelid="{75f9bac7-e0bb-4aab-b892-ef6aacc6e694}" visible="false">
                        <labels>
                          <label description="Applicant" languagecode="1033" />
                        </labels>
                        <control id="pfc_applicant" classid="{270BD3DB-D9AF-4782-9025-509E298DEC0A}" datafieldname="pfc_applicant" disabled="false">
                          <parameters>
                            <DefaultViewId>{62FB3605-E4C1-EA11-A812-000D3A86A8CF}</DefaultViewId>
                            <AvailableViewIds>{62FB3605-E4C1-EA11-A812-000D3A86A8CF},{00000000-0000-0000-00AA-000010001004},{80F93A8D-DAF8-EA11-A815-002248005E55},{0650F382-93D1-EA11-A813-002248005E55},{A2D479C5-53E3-4C69-ADDD-802327E67A0D}</AvailableViewIds>
                            <DisableViewPicker>true</DisableViewPicker>
                          </parameters>
                        </control>
                      </cell>
                      <cell showlabel="false" locklevel="0" id="{3abd1221-3f83-4b59-bdb2-b9d9c3726a44}">
                        <labels>
                          <label description="" languagecode="1033" />
                        </labels>
                      </cell>
                    </row>
                    <row>
                      <cell id="{33faefd5-4493-400a-8707-0ddf50c3bb91}" visible="false" labelid="{671f31e1-9e11-4ca8-8a63-029a513659bc}">
                        <labels>
                          <label description="Owner" languagecode="1033" />
                        </labels>
                        <control id="header_ownerid" classid="{270BD3DB-D9AF-4782-9025-509E298DEC0A}" datafieldname="ownerid" />
                      </cell>
                      <cell showlabel="false" locklevel="0" id="{5114c80e-9b97-4720-9231-22976d9ab60e}">
                        <labels>
                          <label description="" languagecode="1033" />
                        </labels>
                      </cell>
                    </row>
                  </rows>
                </section>
              </sections>
            </column>
          </columns>
        </tab>
      </tabs>
      <header id="{9e1af32e-bdfc-4abc-91a7-de2e170c7321}" celllabelposition="Top" columns="111" labelwidth="115" celllabelalignment="Left">
        <rows>
          <row>
            <cell id="{9c504259-10fa-462c-b97c-b1d0aaad0d62}" showlabel="false" labelid="{66577656-fe17-49df-b772-096a94bfacba}">
              <labels>
                <label description="" languagecode="1033" />
              </labels>
            </cell>
            <cell id="{d524e5ba-2e46-4c62-a9d5-1089b6e23736}" showlabel="false" labelid="{659a736d-76be-41ad-9bea-64fc39427d68}">
              <labels>
                <label description="" languagecode="1033" />
              </labels>
            </cell>
            <cell id="{f72cb9a3-6a77-49cc-9685-15b127a00dd5}" showlabel="false" labelid="{42d90c0e-d979-427c-b3ef-28322583924d}">
              <labels>
                <label description="" languagecode="1033" />
              </labels>
            </cell>
          </row>
        </rows>
      </header>
      <footer id="{6e198847-85db-4cfb-86db-ccc9d57797c9}" celllabelposition="Top" columns="111" labelwidth="115" celllabelalignment="Left">
        <rows>
          <row>
            <cell id="{2bd9ac8d-3292-4d52-b100-be0f39422000}" showlabel="false" labelid="{83b3c408-de57-411c-a8b7-440451817d2f}">
              <labels>
                <label description="" languagecode="1033" />
              </labels>
            </cell>
            <cell id="{38b354aa-d2d0-4005-8d4e-d42821a70f44}" showlabel="false" labelid="{1d17f7ee-abee-47c5-9656-3660e32dd660}">
              <labels>
                <label description="" languagecode="1033" />
              </labels>
            </cell>
            <cell id="{a5a75a0a-f626-41b9-8a46-5d839c1152ff}" showlabel="false" labelid="{7034f264-0210-45e8-89b5-f816d4f3e534}">
              <labels>
                <label description="" languagecode="1033" />
              </labels>
            </cell>
          </row>
        </rows>
      </footer>
      <Navigation>
        <NavBar />
        <NavBarAreas>
          <NavBarArea Id="Info">
            <Titles>
              <Title LCID="1033" Text="Common" />
            </Titles>
          </NavBarArea>
          <NavBarArea Id="Sales">
            <Titles>
              <Title LCID="1033" Text="Sales" />
            </Titles>
          </NavBarArea>
          <NavBarArea Id="Service">
            <Titles>
              <Title LCID="1033" Text="Service" />
            </Titles>
          </NavBarArea>
          <NavBarArea Id="Marketing">
            <Titles>
              <Title LCID="1033" Text="Marketing" />
            </Titles>
          </NavBarArea>
          <NavBarArea Id="ProcessCenter">
            <Titles>
              <Title LCID="1033" Text="Process Sessions" />
            </Titles>
          </NavBarArea>
        </NavBarAreas>
      </Navigation>
      <DisplayConditions Order="1" FallbackForm="true">
        <Role Id="{627090ff-40a3-4053-8790-584edc5be201}" />
        <Role Id="{119f245c-3cc8-4b62-b31c-d1a046ced15d}" />
        <Role Id="{6c7b90a2-04b3-48a1-ad5e-e29dd60111b2}" />
      </DisplayConditions>
    </form>
    <IsCustomizable>1</IsCustomizable>
    <CanBeDeleted>1</CanBeDeleted>
    <LocalizedNames>
      <LocalizedName description="Education/Training Web Portal" languagecode="1033" />
    </LocalizedNames>
    <Descriptions>
      <Description description="Education/Training Web Portal form." languagecode="1033" />
    </Descriptions>
  </systemform>
</forms>