﻿<?xml version="1.0" encoding="utf-8"?>
<RibbonDiffXml xmlns:xsi="http://www.w3.org/2001/XMLSchema-instance">
  <CustomActions>
    <CustomAction Id="pfc.pfc_enquiry.Button.Qualify.CustomAction" Location="Mscrm.Form.pfc_enquiry.MainTab.Save.Controls._children" Sequence="80">
      <CommandUIDefinition>
        <Button Command="pfc.pfc_enquiry.Form.QualifyEnquiry" Id="pfc.pfc_enquiry.Button.Qualify" LabelText="$LocLabels:pfc.pfc_enquiry.Button.Qualify.LabelText" Sequence="80" TemplateAlias="o2" ModernImage="$webresource:pfc_qualifyicon" />
      </CommandUIDefinition>
    </CustomAction>
  </CustomActions>
  <Templates>
    <RibbonTemplates Id="Mscrm.Templates"></RibbonTemplates>
  </Templates>
  <CommandDefinitions>
    <CommandDefinition Id="pfc.pfc_enquiry.Form.QualifyEnquiry">
      <EnableRules>
        <EnableRule Id="pfc.pfc_enquiry.FormStateNotNew" />
        <EnableRule Id="pfc.pfc_enquiry.EnableRuleFunction" />
      </EnableRules>
      <DisplayRules />
      <Actions>
        <JavaScriptFunction FunctionName="Enquiry.getCurrentRecordId" Library="$webresource:pfc_enquiryScripts">
          <CrmParameter Value="PrimaryControl" />
        </JavaScriptFunction>
      </Actions>
    </CommandDefinition>
  </CommandDefinitions>
  <RuleDefinitions>
    <TabDisplayRules />
    <DisplayRules />
    <EnableRules>
      <EnableRule Id="pfc.pfc_enquiry.EnableRuleFunction">
        <CustomRule FunctionName="Enquiry.enableRule" Library="$webresource:pfc_enquiryScripts" Default="false">
          <CrmParameter Value="PrimaryControl" />
        </CustomRule>
      </EnableRule>
      <EnableRule Id="pfc.pfc_enquiry.FormStateNotNew">
        <FormStateRule State="Create" InvertResult="true" />
      </EnableRule>
    </EnableRules>
  </RuleDefinitions>
  <LocLabels>
    <LocLabel Id="pfc.pfc_enquiry.Button.Qualify.LabelText">
      <Titles>
        <Title description="Qualify" languagecode="1033" />
      </Titles>
    </LocLabel>
  </LocLabels>
</RibbonDiffXml>