﻿<?xml version="1.0" encoding="utf-8"?>
<savedqueries xmlns:xsi="http://www.w3.org/2001/XMLSchema-instance">
  <savedquery>
    <IsCustomizable>1</IsCustomizable>
    <CanBeDeleted>1</CanBeDeleted>
    <isquickfindquery>0</isquickfindquery>
    <isprivate>0</isprivate>
    <isdefault>0</isdefault>
    <savedqueryid>{0650f382-93d1-ea11-a813-002248005e55}</savedqueryid>
    <layoutxml>
      <grid name="resultset" jump="fullname" select="1" icon="1" preview="1">
        <row name="result" id="contactid">
          <cell name="fullname" width="200" />
          <cell name="pfc_refereetype" width="100" />
          <cell name="emailaddress1" width="177" />
          <cell name="mobilephone" width="100" />
        </row>
      </grid>
    </layoutxml>
    <querytype>0</querytype>
    <fetchxml>
      <fetch version="1.0" output-format="xml-platform" mapping="logical">
        <entity name="contact">
          <attribute name="fullname" />
          <attribute name="contactid" />
          <attribute name="emailaddress1" />
          <attribute name="mobilephone" />
          <filter type="and">
            <condition attribute="accountrolecode" operator="eq" value="1" />
            <condition attribute="statecode" operator="eq" value="0" />
          </filter>
          <attribute name="pfc_refereetype" />
        </entity>
      </fetch>
    </fetchxml>
    <IntroducedVersion>1.0.0.0</IntroducedVersion>
    <LocalizedNames>
      <LocalizedName description="Active Referees" languagecode="1033" />
    </LocalizedNames>
    <Descriptions>
      <Description description="Active Referees" languagecode="1033" />
    </Descriptions>
  </savedquery>
</savedqueries>