﻿<?xml version="1.0" encoding="utf-8"?>
<savedqueries xmlns:xsi="http://www.w3.org/2001/XMLSchema-instance">
  <savedquery>
    <IsCustomizable>1</IsCustomizable>
    <CanBeDeleted>1</CanBeDeleted>
    <isquickfindquery>0</isquickfindquery>
    <isprivate>0</isprivate>
    <isdefault>1</isdefault>
    <savedqueryid>{62fb3605-e4c1-ea11-a812-000d3a86a8cf}</savedqueryid>
    <layoutxml>
      <grid name="resultset" jump="fullname" select="1" icon="1" preview="1">
        <row name="result" id="contactid">
          <cell name="fullname" width="200" />
          <cell name="emailaddress1" width="100" />
          <cell name="mobilephone" width="100" />
        </row>
      </grid>
    </layoutxml>
    <querytype>0</querytype>
    <fetchxml>
      <fetch version="1.0" output-format="xml-platform" mapping="logical">
        <entity name="contact">
          <attribute name="fullname" />
          <attribute name="contactid" />
          <attribute name="emailaddress1" />
          <attribute name="mobilephone" />
          <filter type="and">
            <filter type="and">
              <condition attribute="accountrolecode" operator="eq" value="2" />
              <condition attribute="statecode" operator="eq" value="0" />
            </filter>
          </filter>
        </entity>
      </fetch>
    </fetchxml>
    <IntroducedVersion>1.0.0.0</IntroducedVersion>
    <LocalizedNames>
      <LocalizedName description="Active Applicants" languagecode="1033" />
    </LocalizedNames>
  </savedquery>
</savedqueries>