﻿<?xml version="1.0" encoding="utf-8"?>
<savedqueries xmlns:xsi="http://www.w3.org/2001/XMLSchema-instance">
  <savedquery>
    <IsCustomizable>1</IsCustomizable>
    <CanBeDeleted>1</CanBeDeleted>
    <isquickfindquery>0</isquickfindquery>
    <isprivate>0</isprivate>
    <isdefault>0</isdefault>
    <savedqueryid>{80f93a8d-daf8-ea11-a815-002248005e55}</savedqueryid>
    <layoutxml>
      <grid name="resultset" jump="fullname" select="1" icon="1" preview="1">
        <row name="result" id="contactid">
          <cell name="fullname" width="200" />
        </row>
      </grid>
    </layoutxml>
    <querytype>0</querytype>
    <fetchxml>
      <fetch version="1.0" output-format="xml-platform" mapping="logical">
        <entity name="contact">
          <attribute name="fullname" />
          <attribute name="contactid" />
          <filter type="and">
            <filter type="and">
              <condition attribute="accountrolecode" operator="eq" value="229330002" />
              <condition attribute="statecode" operator="eq" value="0" />
            </filter>
          </filter>
        </entity>
      </fetch>
    </fetchxml>
    <IntroducedVersion>1.0.0.0</IntroducedVersion>
    <LocalizedNames>
      <LocalizedName description="Active Employees" languagecode="1033" />
    </LocalizedNames>
  </savedquery>
</savedqueries>