﻿<?xml version="1.0" encoding="utf-8"?>
<savedqueries xmlns:xsi="http://www.w3.org/2001/XMLSchema-instance">
  <savedquery>
    <IsCustomizable>1</IsCustomizable>
    <CanBeDeleted>1</CanBeDeleted>
    <isquickfindquery>0</isquickfindquery>
    <isprivate>0</isprivate>
    <isdefault>0</isdefault>
    <savedqueryid>{c2fa66a0-9276-eb11-a812-0022481a6366}</savedqueryid>
    <layoutxml>
      <grid name="resultset" jump="fullname" select="1" icon="1" preview="1">
        <row name="result" id="contactid">
          <cell name="fullname" width="200" />
          <cell name="emailaddress1" width="100" />
        </row>
      </grid>
    </layoutxml>
    <querytype>0</querytype>
    <fetchxml>
      <fetch version="1.0" output-format="xml-platform" mapping="logical">
        <entity name="contact">
          <attribute name="fullname" />
          <attribute name="contactid" />
          <attribute name="emailaddress1" />
          <order attribute="fullname" descending="false" />
          <filter type="and">
            <condition attribute="statecode" operator="eq" value="0" />
          </filter>
        </entity>
      </fetch>
    </fetchxml>
    <IntroducedVersion>1.0.0.187</IntroducedVersion>
    <LocalizedNames>
      <LocalizedName description="Active Contacts Subgrid View" languagecode="1033" />
    </LocalizedNames>
    <Descriptions>
      <Description description="Displays the Name, Email and Job Title of active contacts." languagecode="1033" />
    </Descriptions>
  </savedquery>
</savedqueries>