﻿<?xml version="1.0" encoding="utf-8"?>
<savedqueries xmlns:xsi="http://www.w3.org/2001/XMLSchema-instance">
  <savedquery>
    <IsCustomizable>1</IsCustomizable>
    <CanBeDeleted>1</CanBeDeleted>
    <isquickfindquery>0</isquickfindquery>
    <isprivate>0</isprivate>
    <isdefault>0</isdefault>
    <savedqueryid>{cb384cdb-ab5c-eb11-a812-000d3a0cc44c}</savedqueryid>
    <layoutxml>
      <grid name="resultset" jump="fullname" select="1" icon="1" preview="1">
        <row name="result" id="contactid">
          <cell name="fullname" width="200" />
        </row>
      </grid>
    </layoutxml>
    <querytype>0</querytype>
    <fetchxml>
      <fetch version="1.0" output-format="xml-platform" mapping="logical">
        <entity name="contact">
          <attribute name="fullname" />
          <attribute name="contactid" />
          <filter type="and">
            <condition attribute="pfc_facebookapplicant" operator="eq" value="1" />
          </filter>
        </entity>
      </fetch>
    </fetchxml>
    <IntroducedVersion>1.0.0.109</IntroducedVersion>
    <LocalizedNames>
      <LocalizedName description="Facebook Applicants" languagecode="1033" />
    </LocalizedNames>
  </savedquery>
</savedqueries>