﻿<?xml version="1.0" encoding="utf-8"?>
<savedqueries xmlns:xsi="http://www.w3.org/2001/XMLSchema-instance">
  <savedquery>
    <IsCustomizable>1</IsCustomizable>
    <CanBeDeleted>1</CanBeDeleted>
    <isquickfindquery>0</isquickfindquery>
    <isprivate>0</isprivate>
    <isdefault>0</isdefault>
    <savedqueryid>{fbfe239f-7f09-eb11-a813-000d3a86ad30}</savedqueryid>
    <layoutxml>
      <grid name="resultset" jump="fullname" select="1" icon="1" preview="1">
        <row name="result" id="contactid">
          <cell name="fullname" width="200" />
          <cell name="pfc_probationaryperiodenddate" width="100" />
          <cell name="pfc_extendprobationaryperiod" width="100" />
          <cell name="pfc_probationextensionenddate" width="100" />
        </row>
      </grid>
    </layoutxml>
    <querytype>0</querytype>
    <fetchxml>
      <fetch version="1.0" output-format="xml-platform" mapping="logical">
        <entity name="contact">
          <attribute name="fullname" />
          <attribute name="contactid" />
          <filter type="and">
            <condition attribute="accountrolecode" operator="eq" value="229330001" />
          </filter>
          <attribute name="pfc_probationaryperiodenddate" />
          <attribute name="pfc_probationextensionenddate" />
          <attribute name="pfc_extendprobationaryperiod" />
        </entity>
      </fetch>
    </fetchxml>
    <IntroducedVersion>1.0.0.0</IntroducedVersion>
    <LocalizedNames>
      <LocalizedName description="Active Probationers" languagecode="1033" />
    </LocalizedNames>
  </savedquery>
</savedqueries>