﻿<?xml version="1.0" encoding="utf-8"?>
<savedqueries xmlns:xsi="http://www.w3.org/2001/XMLSchema-instance">
  <savedquery>
    <IsCustomizable>1</IsCustomizable>
    <CanBeDeleted>0</CanBeDeleted>
    <isquickfindquery>0</isquickfindquery>
    <isprivate>0</isprivate>
    <isdefault>1</isdefault>
    <savedqueryid>{39f8a80f-da53-479c-9743-bd2968ebc212}</savedqueryid>
    <layoutxml>
      <grid name="resultset" jump="pfc_name" select="1" icon="1" preview="1">
        <row name="result" id="pfc_relativesid">
          <cell name="pfc_name" width="300" />
          <cell name="pfc_placeofwork" width="100" />
          <cell name="pfc_relativetype" width="100" />
        </row>
      </grid>
    </layoutxml>
    <querytype>0</querytype>
    <fetchxml>
      <fetch version="1.0" mapping="logical">
        <entity name="pfc_relatives">
          <attribute name="pfc_relativesid" />
          <attribute name="pfc_name" />
          <order attribute="pfc_name" descending="false" />
          <filter type="and">
            <condition attribute="statecode" operator="eq" value="0" />
          </filter>
          <attribute name="pfc_placeofwork" />
          <attribute name="pfc_relativetype" />
        </entity>
      </fetch>
    </fetchxml>
    <IntroducedVersion>1.0.0.0</IntroducedVersion>
    <LocalizedNames>
      <LocalizedName description="Active Relatives" languagecode="1033" />
    </LocalizedNames>
  </savedquery>
</savedqueries>