﻿<?xml version="1.0" encoding="utf-8"?>
<EntityRelationships xmlns:xsi="http://www.w3.org/2001/XMLSchema-instance">
  <EntityRelationship Name="adx_webrole_account">
    <EntityRelationshipType>ManyToMany</EntityRelationshipType>
    <IntroducedVersion>7.0.3</IntroducedVersion>
    <IsHierarchical>0</IsHierarchical>
    <FirstEntityName>Adx_webrole</FirstEntityName>
    <SecondEntityName>Account</SecondEntityName>
    <IntersectEntityName>adx_webrole_account</IntersectEntityName>
    <IsValidForAdvancedFind>1</IsValidForAdvancedFind>
    <EntityRelationshipRoles>
      <EntityRelationshipRole>
        <NavPaneDisplayOption>UseCollectionName</NavPaneDisplayOption>
        <NavPaneArea>Details</NavPaneArea>
        <NavPaneOrder>100600</NavPaneOrder>
        <NavigationPropertyName>adx_webrole_account</NavigationPropertyName>
        <CustomLabels>
          <CustomLabel description="" languagecode="1033" />
        </CustomLabels>
        <AssociationRoleOrdinal>1</AssociationRoleOrdinal>
      </EntityRelationshipRole>
      <EntityRelationshipRole>
        <NavPaneDisplayOption>UseCollectionName</NavPaneDisplayOption>
        <NavPaneArea>Details</NavPaneArea>
        <NavPaneOrder>100100</NavPaneOrder>
        <NavigationPropertyName>adx_webrole_account</NavigationPropertyName>
        <CustomLabels>
          <CustomLabel description="" languagecode="1033" />
        </CustomLabels>
        <AssociationRoleOrdinal>2</AssociationRoleOrdinal>
      </EntityRelationshipRole>
    </EntityRelationshipRoles>
  </EntityRelationship>
  <EntityRelationship Name="adx_webrole_systemuser">
    <EntityRelationshipType>ManyToMany</EntityRelationshipType>
    <IntroducedVersion>7.0.3</IntroducedVersion>
    <IsHierarchical>0</IsHierarchical>
    <FirstEntityName>Adx_webrole</FirstEntityName>
    <SecondEntityName>SystemUser</SecondEntityName>
    <IntersectEntityName>adx_webrole_systemuser</IntersectEntityName>
    <IsValidForAdvancedFind>1</IsValidForAdvancedFind>
    <EntityRelationshipRoles>
      <EntityRelationshipRole>
        <NavPaneDisplayOption>UseCollectionName</NavPaneDisplayOption>
        <NavPaneArea>Details</NavPaneArea>
        <NavPaneOrder>10000</NavPaneOrder>
        <NavigationPropertyName>adx_webrole_systemuser</NavigationPropertyName>
        <CustomLabels>
          <CustomLabel description="" languagecode="1033" />
        </CustomLabels>
        <AssociationRoleOrdinal>1</AssociationRoleOrdinal>
      </EntityRelationshipRole>
      <EntityRelationshipRole>
        <NavPaneDisplayOption>UseCollectionName</NavPaneDisplayOption>
        <NavPaneArea>Details</NavPaneArea>
        <NavPaneOrder>100900</NavPaneOrder>
        <NavigationPropertyName>adx_webrole_systemuser</NavigationPropertyName>
        <CustomLabels>
          <CustomLabel description="" languagecode="1033" />
        </CustomLabels>
        <AssociationRoleOrdinal>2</AssociationRoleOrdinal>
      </EntityRelationshipRole>
    </EntityRelationshipRoles>
  </EntityRelationship>
</EntityRelationships>