﻿<?xml version="1.0" encoding="utf-8"?>
<EntityRelationships xmlns:xsi="http://www.w3.org/2001/XMLSchema-instance">
  <EntityRelationship Name="adx_website_sponsor">
    <EntityRelationshipType>ManyToMany</EntityRelationshipType>
    <IntroducedVersion>1.0.21</IntroducedVersion>
    <IsHierarchical>0</IsHierarchical>
    <FirstEntityName>Adx_website</FirstEntityName>
    <SecondEntityName>Account</SecondEntityName>
    <IntersectEntityName>adx_website_sponsor</IntersectEntityName>
    <IsValidForAdvancedFind>1</IsValidForAdvancedFind>
    <EntityRelationshipRoles>
      <EntityRelationshipRole>
        <NavPaneDisplayOption>DoNotDisplay</NavPaneDisplayOption>
        <NavPaneArea>Details</NavPaneArea>
        <NavigationPropertyName>adx_website_sponsor</NavigationPropertyName>
        <CustomLabels>
          <CustomLabel description="" languagecode="1033" />
        </CustomLabels>
        <AssociationRoleOrdinal>1</AssociationRoleOrdinal>
      </EntityRelationshipRole>
      <EntityRelationshipRole>
        <NavPaneDisplayOption>DoNotDisplay</NavPaneDisplayOption>
        <NavPaneArea>Details</NavPaneArea>
        <NavigationPropertyName>adx_website_sponsor</NavigationPropertyName>
        <CustomLabels>
          <CustomLabel description="" languagecode="1033" />
        </CustomLabels>
        <AssociationRoleOrdinal>2</AssociationRoleOrdinal>
      </EntityRelationshipRole>
    </EntityRelationshipRoles>
  </EntityRelationship>
</EntityRelationships>