﻿<?xml version="1.0" encoding="utf-8"?>
<EntityRelationships xmlns:xsi="http://www.w3.org/2001/XMLSchema-instance">
  <EntityRelationship Name="msdyn_appconfiguration_systemuser">
    <EntityRelationshipType>ManyToMany</EntityRelationshipType>
    <IntroducedVersion>9.0.0.1</IntroducedVersion>
    <IsHierarchical>0</IsHierarchical>
    <FirstEntityName>msdyn_appconfiguration</FirstEntityName>
    <SecondEntityName>SystemUser</SecondEntityName>
    <IntersectEntityName>msdyn_appconfiguration_systemuser</IntersectEntityName>
    <IsValidForAdvancedFind>1</IsValidForAdvancedFind>
    <EntityRelationshipRoles>
      <EntityRelationshipRole>
        <NavPaneDisplayOption>DoNotDisplay</NavPaneDisplayOption>
        <NavigationPropertyName>msdyn_appconfiguration_systemuser</NavigationPropertyName>
        <AssociationRoleOrdinal>1</AssociationRoleOrdinal>
      </EntityRelationshipRole>
      <EntityRelationshipRole>
        <NavPaneDisplayOption>DoNotDisplay</NavPaneDisplayOption>
        <NavigationPropertyName>msdyn_appconfiguration_systemuser</NavigationPropertyName>
        <AssociationRoleOrdinal>2</AssociationRoleOrdinal>
      </EntityRelationshipRole>
    </EntityRelationshipRoles>
  </EntityRelationship>
</EntityRelationships>