﻿<?xml version="1.0" encoding="utf-8"?>
<EntityRelationships xmlns:xsi="http://www.w3.org/2001/XMLSchema-instance">
  <EntityRelationship Name="msdyn_flow_basicapprovalmodelrelationship_systemuser">
    <EntityRelationshipType>ManyToMany</EntityRelationshipType>
    <IntroducedVersion>2.0.0.0</IntroducedVersion>
    <IsHierarchical>0</IsHierarchical>
    <FirstEntityName>msdyn_flow_basicapprovalmodel</FirstEntityName>
    <SecondEntityName>SystemUser</SecondEntityName>
    <IntersectEntityName>msdyn_flow_basicapprovalmodel_systemuser</IntersectEntityName>
    <IsValidForAdvancedFind>1</IsValidForAdvancedFind>
    <EntityRelationshipRoles>
      <EntityRelationshipRole>
        <NavPaneDisplayOption>DoNotDisplay</NavPaneDisplayOption>
        <NavigationPropertyName>msdyn_flow_basicapprovalmodelrelationship_systemuser</NavigationPropertyName>
        <CustomLabels>
          <CustomLabel description="" languagecode="1033" />
        </CustomLabels>
        <AssociationRoleOrdinal>1</AssociationRoleOrdinal>
      </EntityRelationshipRole>
      <EntityRelationshipRole>
        <NavPaneDisplayOption>DoNotDisplay</NavPaneDisplayOption>
        <NavigationPropertyName>msdyn_flow_basicapprovalmodelrelationship_systemuser</NavigationPropertyName>
        <CustomLabels>
          <CustomLabel description="" languagecode="1033" />
        </CustomLabels>
        <AssociationRoleOrdinal>2</AssociationRoleOrdinal>
      </EntityRelationshipRole>
    </EntityRelationshipRoles>
  </EntityRelationship>
</EntityRelationships>