﻿<?xml version="1.0" encoding="utf-8"?>
<forms xmlns:xsi="http://www.w3.org/2001/XMLSchema-instance">
  <systemform>
    <formid>{d61ad27e-7c3f-41a7-8624-f37e508a03b9}</formid>
    <IntroducedVersion>1.0.0.0</IntroducedVersion>
    <FormPresentation>1</FormPresentation>
    <FormActivationState>1</FormActivationState>
    <form>
      <tabs>
        <tab name="general" verticallayout="true" id="{d3305b8e-6be8-4b67-bc56-c5595527b064}" IsUserDefined="0">
          <labels>
            <label description="" languagecode="1033" />
          </labels>
          <columns>
            <column width="25%">
              <sections>
                <section name="ColorStrip" showlabel="false" showbar="false" columns="1" IsUserDefined="0" id="{c25be4c8-203b-4e9e-9961-7d95689e8b99}">
                  <labels>
                    <label description="ColorStrip" languagecode="1033" />
                  </labels>
                  <rows>
                    <row>
                      <cell id="{18cf2925-5893-4c3f-8676-7990aa49248a}">
                        <labels>
                          <label description="" languagecode="1033" />
                        </labels>
                      </cell>
                    </row>
                  </rows>
                </section>
              </sections>
            </column>
            <column width="75%">
              <sections>
                <section name="CardHeader" showlabel="false" showbar="false" columns="111" id="{5ffbab30-9823-45a9-ac28-03bb4b145195}" IsUserDefined="0">
                  <labels>
                    <label description="Header" languagecode="1033" />
                  </labels>
                  <rows>
                    <row>
                      <cell id="{9fbba316-6ae5-459e-b602-e2dac9fb6676}" showlabel="true" locklevel="0">
                        <labels>
                          <label description="Status Reason" languagecode="1033" />
                        </labels>
                        <control id="statuscode" classid="{5D68B988-0661-4db2-BC3E-17598AD3BE6C}" datafieldname="statuscode" disabled="false" />
                      </cell>
                      <cell id="{374ea86b-bf05-422c-bed4-58cb80edf90c}" showlabel="true" locklevel="0">
                        <labels>
                          <label description="" languagecode="1033" />
                        </labels>
                      </cell>
                      <cell id="{c84b3683-acc3-4a47-af41-f66d2b99f755}" showlabel="true" locklevel="0">
                        <labels>
                          <label description="" languagecode="1033" />
                        </labels>
                      </cell>
                    </row>
                  </rows>
                </section>
                <section name="CardDetails" showlabel="false" showbar="false" columns="1" id="{5c4df866-11fc-4981-8ad0-2a3f67bf0afc}" IsUserDefined="0">
                  <labels>
                    <label description="Details" languagecode="1033" />
                  </labels>
                  <rows>
                    <row>
                      <cell id="{62161b5a-bdd2-4552-9d6f-eda757c8a292}" showlabel="true" locklevel="0">
                        <labels>
                          <label description="No" languagecode="1033" />
                        </labels>
                        <control id="pfc_no" classid="{4273EDBD-AC1D-40d3-9FB2-095C621B552D}" datafieldname="pfc_no" disabled="false" />
                      </cell>
                    </row>
                    <row>
                      <cell id="{286e7d74-8c27-b6e1-c4d2-11e248d9c1b8}" showlabel="true" locklevel="0">
                        <labels>
                          <label description="Applicant" languagecode="1033" />
                        </labels>
                        <control id="pfc_applicant" classid="{270BD3DB-D9AF-4782-9025-509E298DEC0A}" datafieldname="pfc_applicant" disabled="false" />
                      </cell>
                    </row>
                    <row>
                      <cell id="{4ed90aee-a5c6-2bb1-1508-6845ecb56725}" showlabel="true" locklevel="0">
                        <labels>
                          <label description="Vacancy" languagecode="1033" />
                        </labels>
                        <control id="pfc_vacancy" classid="{270BD3DB-D9AF-4782-9025-509E298DEC0A}" datafieldname="pfc_vacancy" disabled="false" />
                      </cell>
                    </row>
                  </rows>
                </section>
                <section name="CardFooter" showlabel="false" columns="1111" showbar="false" id="{657e9df1-028a-4d10-aae7-8002885bb713}" IsUserDefined="0">
                  <labels>
                    <label description="Footer" languagecode="1033" />
                  </labels>
                  <rows>
                    <row>
                      <cell id="{4a9a8769-1030-4327-95c7-b596d51ec828}" showlabel="true" locklevel="0">
                        <labels>
                          <label description="Owner" languagecode="1033" />
                        </labels>
                        <control id="ownerid" classid="{270BD3DB-D9AF-4782-9025-509E298DEC0A}" datafieldname="ownerid" disabled="false" />
                      </cell>
                      <cell id="{292c6675-b23f-4b8d-ad38-5151f097b84b}" showlabel="true" locklevel="0">
                        <labels>
                          <label description="Created On" languagecode="1033" />
                        </labels>
                        <control id="createdon" classid="{270BD3DB-D9AF-4782-9025-509E298DEC0A}" datafieldname="createdon" disabled="false" />
                      </cell>
                      <cell id="{5f73c029-97df-454a-a276-8b6f2ea3d0d5}" showlabel="true" locklevel="0">
                        <labels>
                          <label description="" languagecode="1033" />
                        </labels>
                      </cell>
                      <cell id="{0e1969c7-2bc4-4c47-9926-9d1757fe2ce7}" showlabel="true" locklevel="0">
                        <labels>
                          <label description="" languagecode="1033" />
                        </labels>
                      </cell>
                    </row>
                  </rows>
                </section>
              </sections>
            </column>
          </columns>
        </tab>
      </tabs>
    </form>
    <IsCustomizable>1</IsCustomizable>
    <CanBeDeleted>1</CanBeDeleted>
    <LocalizedNames>
      <LocalizedName description="Information" languagecode="1033" />
    </LocalizedNames>
    <Descriptions>
      <Description description="A card form for this entity." languagecode="1033" />
    </Descriptions>
  </systemform>
</forms>