﻿<?xml version="1.0" encoding="utf-8"?>
<Workflow WorkflowId="{042d4e41-6656-4d46-a3bc-b1dd146fa5da}" Name="Application to Job Offer Courtesy Call" xmlns:xsi="http://www.w3.org/2001/XMLSchema-instance">
  <XamlFileName>/Workflows/ApplicationtoJobOfferCourtesyCall-042D4E41-6656-4D46-A3BC-B1DD146FA5DA.xaml</XamlFileName>
  <Type>1</Type>
  <Subprocess>0</Subprocess>
  <Category>4</Category>
  <Mode>0</Mode>
  <Scope>4</Scope>
  <OnDemand>0</OnDemand>
  <TriggerOnCreate>1</TriggerOnCreate>
  <TriggerOnDelete>0</TriggerOnDelete>
  <AsyncAutodelete>0</AsyncAutodelete>
  <SyncWorkflowLogOnFailure>0</SyncWorkflowLogOnFailure>
  <StateCode>1</StateCode>
  <StatusCode>2</StatusCode>
  <processorder>100</processorder>
  <RunAs>1</RunAs>
  <UniqueName>new_recruitmenttracker</UniqueName>
  <IsTransacted>1</IsTransacted>
  <IntroducedVersion>1.0</IntroducedVersion>
  <IsCustomizable>1</IsCustomizable>
  <BusinessProcessType>0</BusinessProcessType>
  <IsCustomProcessingStepAllowedForOtherPublishers>1</IsCustomProcessingStepAllowedForOtherPublishers>
  <ProcessTriggerScope>1</ProcessTriggerScope>
  <PrimaryEntity>pfc_VacancyApplication</PrimaryEntity>
  <LocalizedNames>
    <LocalizedName languagecode="1033" description="Application to Job Offer Courtesy Call" />
  </LocalizedNames>
  <labels>
    <steplabels id="{e9353f86-2428-4976-956a-f77f984561bf}">
      <label languagecode="1033" description="Shortlisting" />
    </steplabels>
    <steplabels id="{6ef0c7fc-2916-4ce5-b463-e076f56e3aa3}">
      <label languagecode="1033" description="Application Source" />
    </steplabels>
    <steplabels id="{f5825ea1-e100-4611-9e58-8fd4bb4bb85a}">
      <label languagecode="1033" description="Date Application, VBQ &amp; Docs Reviewed" />
    </steplabels>
    <steplabels id="{ae1a9968-4427-4236-9486-04f578967b67}">
      <label languagecode="1033" description="Is Application Shortlisted" />
    </steplabels>
    <steplabels id="{9d735a55-2604-46f8-a4c7-3fb73264fd10}">
      <label languagecode="1033" description="Bookings Calendar Published?" />
    </steplabels>
    <steplabels id="{e12ec4b8-d6da-4ec8-93fe-401c558b4ed1}">
      <label languagecode="1033" description="Telephone Interview Start Date" />
    </steplabels>
    <steplabels id="{feb90a69-ee06-4f65-8224-b0ab07133aa5}">
      <label languagecode="1033" description="Telephone Interview End Date" />
    </steplabels>
    <steplabels id="{9298ccd4-6a82-47be-8b0c-005407eb2341}">
      <label languagecode="1033" description="Reason for Deferral" />
    </steplabels>
    <steplabels id="{81405b77-1fe0-4370-aee0-e495367c86f9}">
      <label languagecode="1033" description="Send Shortlisting Decision Email" />
    </steplabels>
    <steplabels id="{6a65203c-87a1-4476-87ee-84efb98cd132}">
      <label languagecode="1033" description="Date Shortlisting Email Sent" />
    </steplabels>
    <steplabels id="{c50c7e3e-27ba-4493-84dd-1099a6f0fad7}">
      <label languagecode="1033" description="Telephone Interview" />
    </steplabels>
    <steplabels id="{81032170-0121-4873-a274-92b40aa7fa08}">
      <label languagecode="1033" description="Date Telephone Interview Scheduled" />
    </steplabels>
    <steplabels id="{b3e0ae9b-9a53-4dc2-9bd0-445eb3d341a8}">
      <label languagecode="1033" description="Progress To Face To Face Interview" />
    </steplabels>
    <steplabels id="{dfc76b41-bb42-4aae-a04b-52e8908d4ae7}">
      <label languagecode="1033" description="Bookings Calendar Published?" />
    </steplabels>
    <steplabels id="{70750bb6-bf56-4b64-9268-b19a0860db74}">
      <label languagecode="1033" description="Face to Face Interview Start Date" />
    </steplabels>
    <steplabels id="{33494437-dd56-4909-a75c-64197cd5c591}">
      <label languagecode="1033" description="Face to Face Interview End Date" />
    </steplabels>
    <steplabels id="{6c524f81-6782-401b-8797-ebbca0933bc7}">
      <label languagecode="1033" description="Reason For Deferral" />
    </steplabels>
    <steplabels id="{9b7ca42c-bbe4-4b78-b2fe-9066e5a1be42}">
      <label languagecode="1033" description="Send Feedback Email" />
    </steplabels>
    <steplabels id="{96c6b3c0-3019-408f-a842-d7537cc0c75d}">
      <label languagecode="1033" description="Date Telephone Interview Feedback Sent" />
    </steplabels>
    <steplabels id="{22874cdc-eeb4-48b8-9efa-183521bc0ed8}">
      <label languagecode="1033" description="Face To Face Interview" />
    </steplabels>
    <steplabels id="{51b7614f-2d40-401a-a954-0998062a53b8}">
      <label languagecode="1033" description="Date Face to Face Interview Scheduled" />
    </steplabels>
    <steplabels id="{f6e481a3-1757-4613-8057-ae0132643aab}">
      <label languagecode="1033" description="Outcome of Group Exercise" />
    </steplabels>
    <steplabels id="{bc7fecb4-e765-4abb-97bb-f9231a98b1c9}">
      <label languagecode="1033" description="Outcome of Written Exercise" />
    </steplabels>
    <steplabels id="{1b5eec4c-f783-4d3b-8437-0f4bb260c910}">
      <label languagecode="1033" description="Outcome of Panel Interview" />
    </steplabels>
    <steplabels id="{1903dca3-2132-4fa4-b201-bcab90f0785f}">
      <label languagecode="1033" description="Offer Applicant Position?" />
    </steplabels>
    <steplabels id="{b39a8254-77f5-4017-b849-5f527c4fe3c0}">
      <label languagecode="1033" description="Reason For Deferral" />
    </steplabels>
    <steplabels id="{35068192-efd1-40f1-93c6-69cf481b50df}">
      <label languagecode="1033" description="Courtesy Call" />
    </steplabels>
    <steplabels id="{00a15efa-c4a4-48c1-bb34-fc820df94b0c}">
      <label languagecode="1033" description="Date of Courtesy Call" />
    </steplabels>
    <steplabels id="{1afc754c-b08f-4842-8c40-24c616278d21}">
      <label languagecode="1033" description="Courtesy Call Outcome " />
    </steplabels>
    <steplabels id="{a4745d17-a7db-4297-9ea0-7dfabef11e72}">
      <label languagecode="1033" description="Reason For Deferral" />
    </steplabels>
    <steplabels id="{117d20f4-844a-4176-85b7-f2b8e12d03d9}">
      <label languagecode="1033" description="Follow Up" />
    </steplabels>
    <steplabels id="{6461be44-6a38-4df1-95a5-fd17d9b9cc0f}">
      <label languagecode="1033" description="Send Follow Up Email" />
    </steplabels>
    <steplabels id="{6d3c77a8-1928-410e-8df9-56b2e679b30f}">
      <label languagecode="1033" description="Date Follow Up Email Sent" />
    </steplabels>
    <steplabels id="{c472908c-c148-4072-a034-b87b9e5cab2e}">
      <label languagecode="1033" description="Follow Up Outcome" />
    </steplabels>
    <steplabels id="{6e984503-fb5f-4ba9-b6e1-1552ad9f72a3}">
      <label languagecode="1033" description="Reason For Deferral (Follow Up)" />
    </steplabels>
    <steplabels id="{967fcc88-0490-4647-92cc-8c71caa0855a}">
      <label languagecode="1033" description="Formal Offer" />
    </steplabels>
    <steplabels id="{de856f2d-28ee-4ef6-a1d7-ec873f7b33d9}">
      <label languagecode="1033" description="Modified On" />
    </steplabels>
    <steplabels id="{fd775091-bcfb-4f97-8520-7fe76a865912}">
      <label languagecode="1033" description="Offer Rejected" />
    </steplabels>
    <steplabels id="{4f2034ee-5f86-4049-a90b-3f41fc717cda}">
      <label languagecode="1033" description="Send Offer Rejected Email" />
    </steplabels>
    <steplabels id="{9ae8b61e-5a22-4fb3-838d-4c8be162ed11}">
      <label languagecode="1033" description="Date Email Sent" />
    </steplabels>
    <steplabels id="{c5eac0d7-0c35-4aea-81b1-225914ff5d16}">
      <label languagecode="1033" description="Offer Rejected" />
    </steplabels>
    <steplabels id="{905e82a7-fd2f-4a8d-ad50-ea4d8347ee04}">
      <label languagecode="1033" description="Send Offer Rejected Email" />
    </steplabels>
    <steplabels id="{806ec784-0dd3-4004-8553-a9e4decd0da2}">
      <label languagecode="1033" description="Date Email Sent" />
    </steplabels>
    <steplabels id="{50408937-dae0-4a64-bf67-880ac85cce0a}">
      <label languagecode="1033" description="Not Offered Position" />
    </steplabels>
    <steplabels id="{e258b4e5-58d3-4ac7-8220-5d9d10d067e5}">
      <label languagecode="1033" description="Feedback" />
    </steplabels>
    <steplabels id="{2b174b7a-9bbc-4829-a56f-6a04b08e801f}">
      <label languagecode="1033" description="Send Feedback Email" />
    </steplabels>
    <steplabels id="{96402f39-47de-4e85-9154-70514311582e}">
      <label languagecode="1033" description="Date Face To Face Interview Feedback Sent" />
    </steplabels>
  </labels>
</Workflow>