{"properties":{"connectionReferences":{"shared_commondataserviceforapps":{"runtimeSource":"embedded","connection":{"connectionReferenceLogicalName":"pfc_sharedcommondataserviceforapps_17e15"},"api":{"name":"shared_commondataserviceforapps"}}},"definition":{"$schema":"https://schema.management.azure.com/providers/Microsoft.Logic/schemas/2016-06-01/workflowdefinition.json#","contentVersion":"1.0.0.0","parameters":{"$connections":{"defaultValue":{},"type":"Object"},"$authentication":{"defaultValue":{},"type":"SecureObject"}},"triggers":{"When_a_vacancy_application_row_is_modified":{"type":"OpenApiConnectionWebhook","inputs":{"host":{"connectionName":"shared_commondataserviceforapps","operationId":"SubscribeWebhookTrigger","apiId":"/providers/Microsoft.PowerApps/apis/shared_commondataserviceforapps"},"parameters":{"subscriptionRequest/message":3,"subscriptionRequest/entityname":"pfc_vacancyapplication","subscriptionRequest/scope":4,"subscriptionRequest/filteringattributes":"pfc_supportingotherscriteriamet,pfc_mistakesandlearningcriteriamet,pfc_importanceoftolerancecriteriamet,pfc_demonstrationofintegritycriteriamet,pfc_selfmotivationcriteriamet,pfc_likesanddislikescriteriamet,pfc_askingquestionscriteriamet,pfc_importanceofteamworkcriteriamet,pfc_encouragingindependencecriteriamet,pfc_respectfulbehaviourcriteriamet"},"authentication":"@parameters('$authentication')"}}},"actions":{"Initialize_varScore":{"runAfter":{},"type":"InitializeVariable","inputs":{"variables":[{"name":"Score","type":"integer","value":0}]}},"Initialize_varCriteria":{"runAfter":{"Initialize_varScore":["Succeeded"]},"type":"InitializeVariable","inputs":{"variables":[{"name":"Criteria","type":"array","value":["@triggerOutputs()?['body/pfc_importanceofcompassion']","@triggerOutputs()?['body/pfc_likesanddislikescriteriamet']","@triggerOutputs()?['body/pfc_demonstrationofintegritycriteriamet']","@triggerOutputs()?['body/pfc_respectfulbehaviourcriteriamet']","@triggerOutputs()?['body/pfc_mistakesandlearningcriteriamet']"]}]}},"Apply_to_each":{"foreach":"@variables('Criteria')","actions":{"isMet":{"actions":{"Increment_varScore":{"runAfter":{},"type":"IncrementVariable","inputs":{"name":"Score","value":1}}},"runAfter":{},"expression":{"equals":["@items('Apply_to_each')",true]},"type":"If"}},"runAfter":{"Initialize_varCriteria":["Succeeded"]},"type":"Foreach"},"isMostlyMet":{"actions":{"Update_a_vacancy_application_row_met":{"runAfter":{},"type":"OpenApiConnection","inputs":{"host":{"connectionName":"shared_commondataserviceforapps","operationId":"UpdateRecord","apiId":"/providers/Microsoft.PowerApps/apis/shared_commondataserviceforapps"},"parameters":{"entityName":"pfc_vacancyapplications","recordId":"@triggerOutputs()?['body/pfc_vacancyapplicationid']","item/pfc_mostofcriteriamet":true,"item/pfc_score":"@variables('Score')"},"authentication":"@parameters('$authentication')"}}},"runAfter":{"Apply_to_each":["Succeeded"]},"else":{"actions":{"Update_a_vacancy_application_row_not_met":{"runAfter":{},"type":"OpenApiConnection","inputs":{"host":{"connectionName":"shared_commondataserviceforapps","operationId":"UpdateRecord","apiId":"/providers/Microsoft.PowerApps/apis/shared_commondataserviceforapps"},"parameters":{"entityName":"pfc_vacancyapplications","recordId":"@triggerOutputs()?['body/pfc_vacancyapplicationid']","item/pfc_mostofcriteriamet":false,"item/pfc_score":"@variables('Score')"},"authentication":"@parameters('$authentication')"}}}},"expression":{"greater":["@variables('Score')",2]},"type":"If"}},"outputs":{}}},"schemaVersion":"1.0.0.0"}