{"properties":{"connectionReferences":{"shared_commondataserviceforapps_1":{"runtimeSource":"embedded","connection":{"connectionReferenceLogicalName":"pfc_sharedcommondataserviceforapps_17e15"},"api":{"name":"shared_commondataserviceforapps"}}},"definition":{"$schema":"https://schema.management.azure.com/providers/Microsoft.Logic/schemas/2016-06-01/workflowdefinition.json#","contentVersion":"1.0.0.0","parameters":{"$connections":{"defaultValue":{},"type":"Object"},"$authentication":{"defaultValue":{},"type":"SecureObject"}},"triggers":{"When_a_record_is_created,_updated_or_deleted":{"type":"OpenApiConnectionWebhook","inputs":{"host":{"connectionName":"shared_commondataserviceforapps_1","operationId":"SubscribeWebhookTrigger","apiId":"/providers/Microsoft.PowerApps/apis/shared_commondataserviceforapps"},"parameters":{"subscriptionRequest/message":3,"subscriptionRequest/entityname":"pfc_vacancyapplication","subscriptionRequest/scope":4,"subscriptionRequest/filteringattributes":"pfc_relevanttrainingcriteriamet,pfc_salarycriteriamet,pfc_priorexperiencecriteriamet,pfc_microsoftofficeexperiencecriteriamet,pfc_weekendsbankholidaycriteriamet,pfc_eligibilitytoworkinukcriteriamet,pfc_flexibilitycriteriamet,pfc_dbscheckcriteriamet,pfc_hoursperweekcriteriamet,pfc_shiftchangescriteriamet,pfc_promptsandassistancecriteriamet,pfc_locationcriteriamet,pfc_otherspersonalhygienecriteriamet,pfc_whyapplycriteriamet,pfc_punctualitycriteriamet,pfc_noticeperiodcriteriamet"},"authentication":"@parameters('$authentication')"}}},"actions":{"Compose":{"runAfter":{"Init_varCriteria":["Succeeded"]},"type":"Compose","inputs":"@variables('Criteria')"},"Init_varScore":{"runAfter":{},"type":"InitializeVariable","inputs":{"variables":[{"name":"Score","type":"integer","value":0}]}},"Init_varCriteria":{"runAfter":{"Init_varScore":["Succeeded"]},"type":"InitializeVariable","inputs":{"variables":[{"name":"Criteria","type":"array","value":["@triggerOutputs()?['body/pfc_relevanttrainingcriteriamet']","@triggerOutputs()?['body/pfc_salarycriteriamet']","@triggerOutputs()?['body/pfc_priorexperiencecriteriamet']","@triggerOutputs()?['body/pfc_microsoftofficeexperiencecriteriamet']","@triggerOutputs()?['body/pfc_weekendsbankholidaycriteriamet']","@triggerOutputs()?['body/pfc_eligibilitytoworkinukcriteriamet']","@triggerOutputs()?['body/pfc_flexibilitycriteriamet']","@triggerOutputs()?['body/pfc_dbscheckcriteriamet']","@triggerOutputs()?['body/pfc_hoursperweekcriteriamet']","@triggerOutputs()?['body/pfc_shiftchangescriteriamet']","@triggerOutputs()?['body/pfc_promptsandassistancecriteriamet']","@triggerOutputs()?['body/pfc_locationcriteriamet']","@triggerOutputs()?['body/pfc_otherspersonalhygienecriteriamet']","@triggerOutputs()?['body/pfc_whyapplycriteriamet']","@triggerOutputs()?['body/pfc_punctualitycriteriamet']","@triggerOutputs()?['body/pfc_noticeperiodcriteriamet']"]}]}},"Apply_to_each":{"foreach":"@variables('Criteria')","actions":{"isMet":{"actions":{"Increment_varScore":{"runAfter":{},"type":"IncrementVariable","inputs":{"name":"Score","value":1}}},"runAfter":{},"expression":{"equals":["@items('Apply_to_each')",true]},"type":"If"}},"runAfter":{"Compose":["Succeeded"]},"type":"Foreach"},"isMostlyMet":{"actions":{"Update_vacancy_application_record_mostly_met":{"runAfter":{},"type":"OpenApiConnection","inputs":{"host":{"connectionName":"shared_commondataserviceforapps_1","operationId":"UpdateRecord","apiId":"/providers/Microsoft.PowerApps/apis/shared_commondataserviceforapps"},"parameters":{"entityName":"pfc_vacancyapplications","recordId":"@triggerOutputs()?['body/pfc_vacancyapplicationid']","item/pfc_meetsmostcriteria":true,"item/pfc_overallscore":"@variables('Score')","item/pfc_telephoneinterviewscore":"@variables('Score')"},"authentication":"@parameters('$authentication')"}}},"runAfter":{"Apply_to_each":["Succeeded"]},"else":{"actions":{"Update_vacancy_application_record_not_mostly_met":{"runAfter":{},"type":"OpenApiConnection","inputs":{"host":{"connectionName":"shared_commondataserviceforapps_1","operationId":"UpdateRecord","apiId":"/providers/Microsoft.PowerApps/apis/shared_commondataserviceforapps"},"parameters":{"entityName":"pfc_vacancyapplications","recordId":"@triggerOutputs()?['body/pfc_vacancyapplicationid']","item/pfc_meetsmostcriteria":false,"item/pfc_overallscore":"@variables('Score')","item/pfc_telephoneinterviewscore":"@variables('Score')"},"authentication":"@parameters('$authentication')"}}}},"expression":{"greaterOrEquals":["@variables('Score')",9]},"type":"If"}},"outputs":{}}},"schemaVersion":"1.0.0.0"}