{"properties":{"connectionReferences":{"shared_commondataserviceforapps_1":{"runtimeSource":"embedded","connection":{"connectionReferenceLogicalName":"pfc_SDynamicsServiceUser2CDS"},"api":{"name":"shared_commondataserviceforapps"}},"shared_teams":{"runtimeSource":"embedded","connection":{"connectionReferenceLogicalName":"pfc_Teams"},"api":{"name":"shared_teams"}}},"definition":{"$schema":"https://schema.management.azure.com/providers/Microsoft.Logic/schemas/2016-06-01/workflowdefinition.json#","contentVersion":"1.0.0.0","parameters":{"$connections":{"defaultValue":{},"type":"Object"},"$authentication":{"defaultValue":{},"type":"SecureObject"},"App Id":{"defaultValue":"c85cfd25-30b6-ea11-a812-000d3a86a8cf","type":"String","metadata":{"schemaName":"pfc_appid","description":"PFC Hub App Id"}},"Uri Host":{"defaultValue":"pfc-dev.crm11.dynamics.com","type":"String","metadata":{"schemaName":"pfc_urihost"}}},"triggers":{"Recurrence":{"recurrence":{"frequency":"Day","interval":1,"timeZone":"GMT Standard Time","schedule":{"hours":["10"]}},"type":"Recurrence"}},"actions":{"Get_All_Tasks":{"runAfter":{},"type":"OpenApiConnection","inputs":{"host":{"connectionName":"shared_commondataserviceforapps_1","operationId":"ListRecords","apiId":"/providers/Microsoft.PowerApps/apis/shared_commondataserviceforapps"},"parameters":{"entityName":"tasks","$select":"statecode,description,subject,scheduledend,_createdby_value,_ownerid_value,activityid","$filter":"(Microsoft.Dynamics.CRM.OlderThanXHours(PropertyName='scheduledend',PropertyValue=4) and statecode eq 0) and (createdby_task/systemuserid ne null) and (owninguser_task/systemuserid ne null)","$expand":"createdby_task($select=internalemailaddress),owninguser_task($select=internalemailaddress)"},"authentication":"@parameters('$authentication')"}},"Parse_JSON":{"runAfter":{"Get_All_Tasks":["Succeeded"]},"type":"ParseJson","inputs":{"content":"@outputs('Get_All_Tasks')?['body']","schema":{"type":"object","properties":{"@@odata.context":{"type":"string"},"#Microsoft.Dynamics.CRM.RetrieveTimelineWallRecords":{"type":"object","properties":{"title":{"type":"string"},"target":{"type":"string"}}},"@@Microsoft.Dynamics.CRM.totalrecordcount":{"type":"integer"},"@@Microsoft.Dynamics.CRM.totalrecordcountlimitexceeded":{"type":"boolean"},"value":{"type":"array","items":{"type":"object","properties":{"@@odata.type":{"type":"string"},"@@odata.id":{"type":"string"},"@@odata.etag":{"type":"string"},"@@odata.editLink":{"type":"string"},"statecode@OData.Community.Display.V1.FormattedValue":{"type":"string"},"statecode":{"type":"integer"},"description":{"type":"string"},"subject":{"type":"string"},"scheduledend@OData.Community.Display.V1.FormattedValue":{"type":"string"},"scheduledend@odata.type":{"type":"string"},"scheduledend":{"type":"string"},"_createdby_value@OData.Community.Display.V1.FormattedValue":{"type":"string"},"_createdby_value@Microsoft.Dynamics.CRM.lookuplogicalname":{"type":"string"},"_createdby_value@odata.type":{"type":"string"},"_createdby_value":{"type":"string"},"_ownerid_value@OData.Community.Display.V1.FormattedValue":{"type":"string"},"_ownerid_value@Microsoft.Dynamics.CRM.associatednavigationproperty":{"type":"string"},"_ownerid_value@Microsoft.Dynamics.CRM.lookuplogicalname":{"type":"string"},"_ownerid_value@odata.type":{"type":"string"},"_ownerid_value":{"type":"string"},"activityid@odata.type":{"type":"string"},"activityid":{"type":"string"},"ownerid_task@odata.associationLink":{"type":"string"},"ownerid_task@odata.navigationLink":{"type":"string"},"createdby_task@odata.associationLink":{"type":"string"},"createdby_task@odata.navigationLink":{"type":"string"},"createdby_task":{"type":"object","properties":{"@@odata.type":{"type":"string"},"@@odata.id":{"type":"string"},"@@odata.editLink":{"type":"string"},"internalemailaddress":{"type":"string"},"systemuserid@odata.type":{"type":"string"},"systemuserid":{"type":"string"},"ownerid@odata.type":{"type":"string"},"ownerid":{"type":"string"}}},"owninguser_task@odata.associationLink":{"type":"string"},"owninguser_task@odata.navigationLink":{"type":"string"},"owninguser_task":{"type":"object","properties":{"@@odata.type":{"type":"string"},"@@odata.id":{"type":"string"},"@@odata.editLink":{"type":"string"},"internalemailaddress":{"type":"string"},"systemuserid@odata.type":{"type":"string"},"systemuserid":{"type":"string"},"ownerid@odata.type":{"type":"string"},"ownerid":{"type":"string"}}}},"required":["@@odata.type","@@odata.id","@@odata.etag","@@odata.editLink","statecode@OData.Community.Display.V1.FormattedValue","statecode","subject","scheduledend@OData.Community.Display.V1.FormattedValue","scheduledend@odata.type","scheduledend","_createdby_value@OData.Community.Display.V1.FormattedValue","_createdby_value@Microsoft.Dynamics.CRM.lookuplogicalname","_createdby_value@odata.type","_createdby_value","_ownerid_value@OData.Community.Display.V1.FormattedValue","_ownerid_value@Microsoft.Dynamics.CRM.associatednavigationproperty","_ownerid_value@Microsoft.Dynamics.CRM.lookuplogicalname","_ownerid_value@odata.type","_ownerid_value","activityid@odata.type","activityid","ownerid_task@odata.associationLink","ownerid_task@odata.navigationLink","createdby_task@odata.associationLink","createdby_task@odata.navigationLink","createdby_task","owninguser_task@odata.associationLink","owninguser_task@odata.navigationLink","owninguser_task"]}}}}}},"Apply_to_each":{"foreach":"@body('Parse_JSON')?['value']","actions":{"Post_your_own_adaptive_card_as_the_Flow_bot_to_a_user":{"runAfter":{"Set_var_RecordUrl":["Succeeded"]},"type":"OpenApiConnection","inputs":{"host":{"connectionName":"shared_teams","operationId":"PostUserAdaptiveCard","apiId":"/providers/Microsoft.PowerApps/apis/shared_teams"},"parameters":{"PostAdaptiveCardRequest/recipient/to":"@{items('Apply_to_each')?['owninguser_task']?['internalemailaddress']};","PostAdaptiveCardRequest/messageBody":"{\n    \"type\": \"AdaptiveCard\",\n    \"body\": [\n        {\n            \"type\": \"TextBlock\",\n            \"size\": \"Medium\",\n            \"weight\": \"Bolder\",\n            \"text\": \"Task Completion Reminder: @{items('Apply_to_each')?['subject']}\",\n            \"wrap\": true\n        },\n        {\n            \"type\": \"ColumnSet\",\n            \"columns\": [\n                {\n                    \"type\": \"Column\",\n                    \"items\": [\n                        {\n                            \"type\": \"TextBlock\",\n                            \"weight\": \"Bolder\",\n                            \"text\": \"Created By: @{outputs('Get_Creator_Name')}\",\n                            \"wrap\": true\n                        }\n                    ],\n                    \"width\": \"stretch\"\n                }\n            ]\n        },\n        {\n            \"type\": \"TextBlock\",\n            \"text\": \"It looks like this Task was due around 4 hours ago. Here's the description: @{items('Apply_to_each')?['description']}\",\n            \"wrap\": true\n        },\n        {\n            \"type\": \"FactSet\",\n            \"facts\": [\n                {\n                    \"title\": \"Due Date:\",\n                    \"value\": \"@{items('Apply_to_each')?['scheduledend@OData.Community.Display.V1.FormattedValue']}\"\n                }\n            ]\n        }\n    ],\n    \"actions\": [\n        {\n            \"type\": \"Action.OpenUrl\",\n            \"title\": \"View\",\n            \"url\": \"@{variables('RecordUrl')}\"\n        }\n    ],\n    \"$schema\": \"http://adaptivecards.io/schemas/adaptive-card.json\",\n    \"version\": \"1.2\"\n}"},"authentication":"@parameters('$authentication')"}},"Get_Creator_Name":{"runAfter":{},"type":"Compose","inputs":"@items('Apply_to_each')?['_createdby_value@OData.Community.Display.V1.FormattedValue']"},"Get_Assigned_To_Name":{"runAfter":{"Get_Creator_Name":["Succeeded"]},"type":"Compose","inputs":"@items('Apply_to_each')?['_ownerid_value@OData.Community.Display.V1.FormattedValue']"},"Set_var_RecordUrl":{"runAfter":{"Get_Assigned_To_Name":["Succeeded"]},"type":"SetVariable","inputs":{"name":"RecordUrl","value":"https://@{parameters('Uri Host')}/main.aspx?appid=@{parameters('App Id')}&pagetype=entityrecord&etn=task&id=@{items('Apply_to_each')?['activityid']}"}},"isCreatorNotOwner":{"actions":{"Post_your_own_adaptive_card_as_the_Flow_bot_to_a_creator":{"runAfter":{},"type":"OpenApiConnection","inputs":{"host":{"connectionName":"shared_teams","operationId":"PostUserAdaptiveCard","apiId":"/providers/Microsoft.PowerApps/apis/shared_teams"},"parameters":{"PostAdaptiveCardRequest/recipient/to":"@{items('Apply_to_each')?['createdby_task']?['internalemailaddress']};","PostAdaptiveCardRequest/messageBody":"{\n    \"type\": \"AdaptiveCard\",\n    \"body\": [\n        {\n            \"type\": \"TextBlock\",\n            \"size\": \"Medium\",\n            \"weight\": \"Bolder\",\n            \"text\": \"Task Completion Reminder: @{items('Apply_to_each')?['subject']}\",\n            \"wrap\": true\n        },\n        {\n            \"type\": \"ColumnSet\",\n            \"columns\": [\n                {\n                    \"type\": \"Column\",\n                    \"items\": [\n                        {\n                            \"type\": \"TextBlock\",\n                            \"weight\": \"Bolder\",\n                            \"text\": \"Created By: @{outputs('Get_Creator_Name')}\",\n                            \"wrap\": true\n                        }\n                    ],\n                    \"width\": \"stretch\"\n                }\n            ]\n        },\n        {\n            \"type\": \"TextBlock\",\n            \"text\": \"The Task that you assigned to another user was due around 4 hours ago. Here's the description: @{items('Apply_to_each')?['description']}\",\n            \"wrap\": true\n        },\n        {\n            \"type\": \"FactSet\",\n            \"facts\": [\n                {\n                    \"title\": \"Due Date:\",\n                    \"value\": \"@{items('Apply_to_each')?['scheduledend@OData.Community.Display.V1.FormattedValue']}\"\n                },\n                {\n                    \"title\": \"Assigned To:\",\n                    \"value\": \"@{outputs('Get_Assigned_To_Name')}\"\n                }\n            ]\n        }\n    ],\n    \"actions\": [\n        {\n            \"type\": \"Action.OpenUrl\",\n            \"title\": \"View\",\n            \"url\": \"@{variables('RecordUrl')}\"\n        }\n    ],\n    \"$schema\": \"http://adaptivecards.io/schemas/adaptive-card.json\",\n    \"version\": \"1.2\"\n}"},"authentication":"@parameters('$authentication')"}}},"runAfter":{"Post_your_own_adaptive_card_as_the_Flow_bot_to_a_user":["Succeeded"]},"expression":{"not":{"equals":["@items('Apply_to_each')?['_createdby_value']","@items('Apply_to_each')?['_ownerid_value']"]}},"type":"If"}},"runAfter":{"Initialize_var_RecordUrl":["Succeeded"]},"type":"Foreach"},"Initialize_var_RecordUrl":{"runAfter":{"Parse_JSON":["Succeeded"]},"type":"InitializeVariable","inputs":{"variables":[{"name":"RecordUrl","type":"string"}]}}},"outputs":{}}},"schemaVersion":"1.0.0.0"}