﻿<?xml version="1.0" encoding="utf-8"?>
<Workflow WorkflowId="{a1342148-02a4-eb11-b1ac-000d3a86d149}" Name="Enquiry to Referral Process" xmlns:xsi="http://www.w3.org/2001/XMLSchema-instance">
  <XamlFileName>/Workflows/EnquirytoReferralProcess-A1342148-02A4-EB11-B1AC-000D3A86D149.xaml</XamlFileName>
  <Type>1</Type>
  <Subprocess>0</Subprocess>
  <Category>4</Category>
  <Mode>0</Mode>
  <Scope>4</Scope>
  <OnDemand>0</OnDemand>
  <TriggerOnCreate>1</TriggerOnCreate>
  <TriggerOnDelete>0</TriggerOnDelete>
  <AsyncAutodelete>0</AsyncAutodelete>
  <SyncWorkflowLogOnFailure>0</SyncWorkflowLogOnFailure>
  <StateCode>1</StateCode>
  <StatusCode>2</StatusCode>
  <processorder>100</processorder>
  <RunAs>1</RunAs>
  <UniqueName>new_enquirytoreferralprocess</UniqueName>
  <IsTransacted>1</IsTransacted>
  <IntroducedVersion>1.0</IntroducedVersion>
  <IsCustomizable>1</IsCustomizable>
  <BusinessProcessType>0</BusinessProcessType>
  <IsCustomProcessingStepAllowedForOtherPublishers>1</IsCustomProcessingStepAllowedForOtherPublishers>
  <ProcessTriggerScope>1</ProcessTriggerScope>
  <PrimaryEntity>pfc_Enquiry</PrimaryEntity>
  <LocalizedNames>
    <LocalizedName languagecode="1033" description="Enquiry to Referral Process" />
  </LocalizedNames>
  <labels>
    <steplabels id="{2dd79e93-2f61-3c01-f2af-1135b70aae98}">
      <label languagecode="1033" description="Qualify" />
    </steplabels>
    <steplabels id="{86aa134a-4989-430e-ba9c-ce4abb4d2ceb}">
      <label languagecode="1033" description="Existing Contact?" />
    </steplabels>
    <steplabels id="{d04ceb86-d70d-4735-b995-c5a645ba8401}">
      <label languagecode="1033" description="Existing Account?" />
    </steplabels>
    <steplabels id="{af81dfe3-0cdf-4254-9c61-8deeea71195e}">
      <label languagecode="1033" description="Pre-Assessment Screening" />
    </steplabels>
    <steplabels id="{d5a48fc2-4d7d-410c-a18b-4f0cfeb9813c}">
      <label languagecode="1033" description="Acknowledgement Sent?" />
    </steplabels>
    <steplabels id="{92c7ff3d-1df5-471f-901b-53a51d3db112}">
      <label languagecode="1033" description="Date Support Needs Assessment Assigned" />
    </steplabels>
    <steplabels id="{e5f55149-c6f3-4d40-b237-4f0b27d00387}">
      <label languagecode="1033" description="Support Needs Assessment Assigned To" />
    </steplabels>
    <steplabels id="{94be023f-e9a9-4621-b9a4-0fd0b32a38a5}">
      <label languagecode="1033" description="Date Support Needs Assessment Completed" />
    </steplabels>
    <steplabels id="{6574134b-8cb7-4475-850d-9ff533b4911e}">
      <label languagecode="1033" description="Screening Undertaken By" />
    </steplabels>
    <steplabels id="{cea239d7-c5c5-4656-a99f-b11e51de2639}">
      <label languagecode="1033" description="Number of 1:1 Hours" />
    </steplabels>
    <steplabels id="{7f31d358-d928-491f-8fc5-2e18b459e747}">
      <label languagecode="1033" description="Number of Shared Hours" />
    </steplabels>
    <steplabels id="{f7a52a5e-52d1-44a2-b269-d7f2740b7f19}">
      <label languagecode="1033" description="Tiered Rate" />
    </steplabels>
    <steplabels id="{eac24862-c02a-4a32-be05-ab8b07e68c65}">
      <label languagecode="1033" description="Weekly Fee" />
    </steplabels>
    <steplabels id="{807eb41c-ea9b-4662-80f3-f7f2f74110a3}">
      <label languagecode="1033" description="Can Need Be Met?" />
    </steplabels>
    <steplabels id="{9b58aaaf-49af-4190-bd40-6ba3aabe5d0f}">
      <label languagecode="1033" description="Chasing Emails Sent?" />
    </steplabels>
    <steplabels id="{31af7a67-02fc-4d38-841d-30bcddf2aeba}">
      <label languagecode="1033" description="PO Number/Comment" />
    </steplabels>
    <steplabels id="{19af59de-7059-4efa-929f-ef0579a8a103}">
      <label languagecode="1033" description="Anticipated Move-in Date" />
    </steplabels>
    <steplabels id="{6626a8a9-e126-46ba-bb0a-e00e75e75816}">
      <label languagecode="1033" description="Associated Docs Requested from MDT?" />
    </steplabels>
    <steplabels id="{037d4e85-c1b0-457b-8a22-590e3070e037}">
      <label languagecode="1033" description="Week 1" />
    </steplabels>
    <steplabels id="{e8d2a1c5-e852-40ec-9973-c642c81623fd}">
      <label languagecode="1033" description="Full Assessment Requested?" />
    </steplabels>
    <steplabels id="{93e40fdd-f068-45be-bfc2-4b5fe30c7c9b}">
      <label languagecode="1033" description="Action Plan for Assessment Completed?" />
    </steplabels>
    <steplabels id="{950cdc6c-f433-4e9e-b46f-1260d7726096}">
      <label languagecode="1033" description="Additional Docs Requested from MDT?" />
    </steplabels>
    <steplabels id="{e0a5aa21-7456-4840-8b3b-329f119d615d}">
      <label languagecode="1033" description="Needs Assessment &amp; Getting To Know You Docs Issued" />
    </steplabels>
    <steplabels id="{c080b74e-2fca-40b7-a211-aea2e523f716}">
      <label languagecode="1033" description="Planned Date of Admission" />
    </steplabels>
    <steplabels id="{fb7d72ff-81a6-41c0-ba11-9ad2ad1fbb2d}">
      <label languagecode="1033" description="BST Plans Reviewed?" />
    </steplabels>
    <steplabels id="{3d4efdc7-e97b-4f0f-b958-6dc60baa3721}">
      <label languagecode="1033" description="Initial Transition Proposal Sent Out?" />
    </steplabels>
    <steplabels id="{9de659bd-ccdd-4e64-b87a-1fe88d88ae3c}">
      <label languagecode="1033" description="Service Visits Completed?" />
    </steplabels>
    <steplabels id="{648efbb2-f6d0-407a-b1b9-18169e7fadb7}">
      <label languagecode="1033" description="Date Service Visits Completed" />
    </steplabels>
    <steplabels id="{84560abf-5e97-4e16-9f08-1c20ac278cf4}">
      <label languagecode="1033" description="Draft Risk Analysis Completed?" />
    </steplabels>
    <steplabels id="{0185bb50-1dcd-4a88-8f00-7ea6e979291f}">
      <label languagecode="1033" description="Costing for Proposed Vacancy Completed?" />
    </steplabels>
    <steplabels id="{41027ccc-4eb1-4850-9b22-29122d9b489a}">
      <label languagecode="1033" description="First Week Package Review Meeting Held?" />
    </steplabels>
    <steplabels id="{46a72a2d-9048-4648-b5f9-637c4500dfba}">
      <label languagecode="1033" description="Week 2" />
    </steplabels>
    <steplabels id="{c4d8c01a-e649-4565-8acf-e2a307843e23}">
      <label languagecode="1033" description="Risk Analysis Completed?" />
    </steplabels>
    <steplabels id="{46cf4fee-1cbd-4ba6-a022-df9d8b3421ff}">
      <label languagecode="1033" description="Date Functional Behavioural Assessment Completed" />
    </steplabels>
    <steplabels id="{644a5c23-1873-4a34-bf0f-60fc194a06bd}">
      <label languagecode="1033" description="Costing Indicated by Assessment" />
    </steplabels>
    <steplabels id="{315ddea9-1c3b-4a3e-a500-b29cac57ef32}">
      <label languagecode="1033" description="Occupational Therapist Assessment Date" />
    </steplabels>
    <steplabels id="{6ea246b7-af9a-4079-9d13-a2b0f5d8ac5a}">
      <label languagecode="1033" description="Shortlisting of Staff Candidates Completed?" />
    </steplabels>
    <steplabels id="{43dc7701-7da8-4f6b-bd8f-8d3c166d2ca9}">
      <label languagecode="1033" description="Date of First Stage Interviews" />
    </steplabels>
    <steplabels id="{beece9c9-2914-4d0c-9550-44790bbdfa4c}">
      <label languagecode="1033" description="Housing Adaptation Requirements Understood?" />
    </steplabels>
    <steplabels id="{a4c68c83-7c50-422a-a137-069575a684a9}">
      <label languagecode="1033" description="CoP Request Submitted?" />
    </steplabels>
    <steplabels id="{224dd49d-d2a6-4708-b24f-74d7edd7b3bb}">
      <label languagecode="1033" description="Compatibility Risk Assessment Completed?" />
    </steplabels>
    <steplabels id="{2ab694e6-dcf2-4290-8215-bb17c11eb758}">
      <label languagecode="1033" description="Costings Submitted to Commissioner for Approval?" />
    </steplabels>
    <steplabels id="{9c66a0f0-7f66-4744-9bcd-3d6d08f325bf}">
      <label languagecode="1033" description="Actual Costings Submitted?" />
    </steplabels>
    <steplabels id="{329e9e69-6208-4b1e-8974-51154ab3b5bc}">
      <label languagecode="1033" description="Second Week Package Review Meeting Held?" />
    </steplabels>
    <steplabels id="{0e691c6b-538e-4077-a332-e2de015a15c6}">
      <label languagecode="1033" description="Week 3" />
    </steplabels>
    <steplabels id="{aa9cc98a-cec1-49d0-95ae-6c202eb6f015}">
      <label languagecode="1033" description="Getting to Know You Docs Completed &amp; Submitted?" />
    </steplabels>
    <steplabels id="{e103c4cd-9e47-4537-ad4e-7b711634c5e8}">
      <label languagecode="1033" description="Further Interviews Completed?" />
    </steplabels>
    <steplabels id="{9d954eef-99e7-41eb-accc-2b15de1f5408}">
      <label languagecode="1033" description="Mid-transition Costing Review Completed?" />
    </steplabels>
    <steplabels id="{5b965e61-21f4-433b-95cb-e56ee3c6dca1}">
      <label languagecode="1033" description="Third Week Package Review Completed ?" />
    </steplabels>
    <steplabels id="{e6745bec-7bbe-430e-a185-34b678934f03}">
      <label languagecode="1033" description="Week 4" />
    </steplabels>
    <steplabels id="{2e968d0f-6f60-4bd2-a810-4da12b407e1a}">
      <label languagecode="1033" description="Costings Approved?" />
    </steplabels>
    <steplabels id="{8295399f-7664-473b-bc98-6e81f8d43644}">
      <label languagecode="1033" description="PO Number" />
    </steplabels>
    <steplabels id="{bb9f573a-2b2f-4e08-bb89-c80f672935dc}">
      <label languagecode="1033" description="Property Adaptation Costs Approved?" />
    </steplabels>
    <steplabels id="{dee89262-c1dc-4835-91df-17967e599243}">
      <label languagecode="1033" description="Property Adaptations Requested/Ordered?" />
    </steplabels>
    <steplabels id="{73e12970-9e43-4aa7-9c92-1e2aa723712b}">
      <label languagecode="1033" description="Staff Team Service Induction Completed?" />
    </steplabels>
    <steplabels id="{dd2eb630-86b8-4a46-863d-f18536f6b422}">
      <label languagecode="1033" description="Tenancy Agreement Completed &amp; Submitted to HA" />
    </steplabels>
    <steplabels id="{37b8e302-b923-4d0b-833b-c321c156e3c9}">
      <label languagecode="1033" description="Risk Assessments Completed?" />
    </steplabels>
    <steplabels id="{27ace624-ba64-4a08-ad07-128c6ee20194}">
      <label languagecode="1033" description="Fourth Week Package Review Completed" />
    </steplabels>
    <steplabels id="{165f0c99-944f-4378-afa6-bc728d16f77a}">
      <label languagecode="1033" description="Weeks 5 &amp; 6" />
    </steplabels>
    <steplabels id="{d88c8d1b-4e57-4e0b-a674-e6107804dc64}">
      <label languagecode="1033" description="Staff Team Development Day Completed?" />
    </steplabels>
    <steplabels id="{2a0eff09-e8b4-4f6b-8468-b21d24c3addc}">
      <label languagecode="1033" description="PROACT SCIPr Training Completed" />
    </steplabels>
    <steplabels id="{a7bb992d-51a4-46dc-b1fe-dcadce620fad}">
      <label languagecode="1033" description="Support Plan &amp; Risk Assessment Signed Off?" />
    </steplabels>
    <steplabels id="{d70aff07-ac7e-4074-88e6-4337c8812e4f}">
      <label languagecode="1033" description="Visits to Current Service by Team Completed?" />
    </steplabels>
    <steplabels id="{1a97509d-9583-4c51-a6cc-d8954bfb503a}">
      <label languagecode="1033" description="Contract Received from LA?" />
    </steplabels>
    <steplabels id="{d20ca70c-7fc5-46e6-b1b7-3fd4811b9012}">
      <label languagecode="1033" description="Purchase Order" />
    </steplabels>
    <steplabels id="{7de9562f-5560-474e-8365-1e9ba789c863}">
      <label languagecode="1033" description="Property Adaptations Completed?" />
    </steplabels>
    <steplabels id="{2555b140-44d6-4db1-a11c-9ea3541714ab}">
      <label languagecode="1033" description="Final Project Review Meeting Completed?" />
    </steplabels>
  </labels>
</Workflow>