﻿<?xml version="1.0" encoding="utf-8"?>
<Workflow WorkflowId="{a4e346a0-2d6c-eb11-a812-000d3a870ebd}" Name="Formal Job Offer to Employee" xmlns:xsi="http://www.w3.org/2001/XMLSchema-instance">
  <XamlFileName>/Workflows/FormalJobOffertoEmployee-A4E346A0-2D6C-EB11-A812-000D3A870EBD.xaml</XamlFileName>
  <Type>1</Type>
  <Subprocess>0</Subprocess>
  <Category>4</Category>
  <Mode>0</Mode>
  <Scope>4</Scope>
  <OnDemand>0</OnDemand>
  <TriggerOnCreate>1</TriggerOnCreate>
  <TriggerOnDelete>0</TriggerOnDelete>
  <AsyncAutodelete>0</AsyncAutodelete>
  <SyncWorkflowLogOnFailure>0</SyncWorkflowLogOnFailure>
  <StateCode>1</StateCode>
  <StatusCode>2</StatusCode>
  <processorder>100</processorder>
  <RunAs>1</RunAs>
  <UniqueName>new_joboffertoemployee</UniqueName>
  <IsTransacted>1</IsTransacted>
  <IntroducedVersion>1.0</IntroducedVersion>
  <IsCustomizable>1</IsCustomizable>
  <BusinessProcessType>0</BusinessProcessType>
  <IsCustomProcessingStepAllowedForOtherPublishers>1</IsCustomProcessingStepAllowedForOtherPublishers>
  <ProcessTriggerScope>1</ProcessTriggerScope>
  <PrimaryEntity>pfc_VacancyApplication</PrimaryEntity>
  <LocalizedNames>
    <LocalizedName languagecode="1033" description="Formal Job Offer to Employee" />
  </LocalizedNames>
  <labels>
    <steplabels id="{ed4a049b-8de7-374d-c49b-dad30c7c4a7d}">
      <label languagecode="1033" description="Formal Offer" />
    </steplabels>
    <steplabels id="{5d57a325-b404-44a8-8767-c6949fb3692c}">
      <label languagecode="1033" description="Number of Hours Offered" />
    </steplabels>
    <steplabels id="{8ed68824-7f42-4581-816f-78b797c3018e}">
      <label languagecode="1033" description="Salary Offered" />
    </steplabels>
    <steplabels id="{6111df81-9111-10a8-c55f-356925ecbf3d}">
      <label languagecode="1033" description="Documentation Appointment Date" />
    </steplabels>
    <steplabels id="{71075690-9da4-4711-84f0-6d31cf31c032}">
      <label languagecode="1033" description="Send Formal Job Offer" />
    </steplabels>
    <steplabels id="{18695b74-90ee-4a7e-8542-d8f61bfb0661}">
      <label languagecode="1033" description="Date Job Offer Sent" />
    </steplabels>
    <steplabels id="{295aa631-7d03-4f62-b8ff-4aeaa20ec9c0}">
      <label languagecode="1033" description="Date Applicant Accepted Offer in Writing" />
    </steplabels>
    <steplabels id="{d9c90618-e2be-4368-b4ad-18413968a835}">
      <label languagecode="1033" description="Date Applicant Rejected Offer In Writing" />
    </steplabels>
    <steplabels id="{df488b0d-e26c-4675-8a4e-9628007323a0}">
      <label languagecode="1033" description="References &amp; Disclosures" />
    </steplabels>
    <steplabels id="{7bb208c0-1c4e-47a2-b9e8-4a521428d457}">
      <label languagecode="1033" description="Date Reference 1 Requested" />
    </steplabels>
    <steplabels id="{7bd5e2d3-5172-421b-9e55-87d3b4dcfcbc}">
      <label languagecode="1033" description="Date Reference 2 Requested" />
    </steplabels>
    <steplabels id="{33c217cd-e6e3-4f71-93ed-d20bd07eaf51}">
      <label languagecode="1033" description="Date Reference 1 Verified" />
    </steplabels>
    <steplabels id="{4504a9e7-a583-4e8a-b3d3-a6bbaa9b4145}">
      <label languagecode="1033" description="Date Reference 2 Verified" />
    </steplabels>
    <steplabels id="{040e9a55-620e-4ed2-93c6-6a10c2d708cb}">
      <label languagecode="1033" description="Date ID, RTW &amp; DBS Docs Verified" />
    </steplabels>
    <steplabels id="{3b4bdb96-8bcc-4a5f-a579-fcca52dca8fb}">
      <label languagecode="1033" description="Date DBS Application Submitted" />
    </steplabels>
    <steplabels id="{403c6620-264e-4838-acb6-903e963a090a}">
      <label languagecode="1033" description="Date ISA First Complete (If Delayed DBS)" />
    </steplabels>
    <steplabels id="{bff98019-48a3-47f1-9257-6a5ada0f3fe4}">
      <label languagecode="1033" description="Date ISA Or DBS Risk Assessments" />
    </steplabels>
    <steplabels id="{74e6ba93-d705-4973-808d-36e465724a05}">
      <label languagecode="1033" description="Date DBS Received " />
    </steplabels>
    <steplabels id="{bffaf8f4-b0cd-4143-a821-f6227b6428a6}">
      <label languagecode="1033" description="DBS Certificate Number" />
    </steplabels>
    <steplabels id="{e61a7506-e360-45ef-a13b-35786e7d95d9}">
      <label languagecode="1033" description="Contract Signature Date" />
    </steplabels>
    <steplabels id="{5a99b81a-fd48-46e2-b453-13811f5df6c8}">
      <label languagecode="1033" description="Date HR And IT Notified" />
    </steplabels>
    <steplabels id="{4aee32cd-dd75-4ac3-9684-6329ecee63d9}">
      <label languagecode="1033" description="Appoint As Probationer" />
    </steplabels>
    <steplabels id="{5c877ac7-5b3b-4bbe-946d-bb6404fb6f0a}">
      <label languagecode="1033" description="Date Appointed As Probationer" />
    </steplabels>
  </labels>
</Workflow>