﻿<?xml version="1.0" encoding="utf-8"?>
<Workflow WorkflowId="{d3bcf314-2c86-eb11-a812-0022481a7011}" Name="Full Submission Notification" xmlns:xsi="http://www.w3.org/2001/XMLSchema-instance">
  <JsonFileName>/Workflows/FullSubmissionNotification-D3BCF314-2C86-EB11-A812-0022481A7011.json</JsonFileName>
  <Type>1</Type>
  <Subprocess>0</Subprocess>
  <Category>5</Category>
  <Mode>0</Mode>
  <Scope>4</Scope>
  <OnDemand>0</OnDemand>
  <TriggerOnCreate>0</TriggerOnCreate>
  <TriggerOnDelete>0</TriggerOnDelete>
  <AsyncAutodelete>0</AsyncAutodelete>
  <SyncWorkflowLogOnFailure>0</SyncWorkflowLogOnFailure>
  <StateCode>1</StateCode>
  <StatusCode>2</StatusCode>
  <RunAs>1</RunAs>
  <IsTransacted>1</IsTransacted>
  <IntroducedVersion>1.0.0.191</IntroducedVersion>
  <IsCustomizable>1</IsCustomizable>
  <BusinessProcessType>0</BusinessProcessType>
  <IsCustomProcessingStepAllowedForOtherPublishers>1</IsCustomProcessingStepAllowedForOtherPublishers>
  <PrimaryEntity>none</PrimaryEntity>
  <LocalizedNames>
    <LocalizedName languagecode="1033" description="Full Submission Notification" />
  </LocalizedNames>
</Workflow>