{"properties":{"connectionReferences":{"shared_commondataserviceforapps":{"runtimeSource":"embedded","connection":{"connectionReferenceLogicalName":"pfc_sharedcommondataserviceforapps_17e15"},"api":{"name":"shared_commondataserviceforapps"}},"shared_teams":{"runtimeSource":"embedded","connection":{"connectionReferenceLogicalName":"pfc_Teams"},"api":{"name":"shared_teams"}}},"definition":{"$schema":"https://schema.management.azure.com/providers/Microsoft.Logic/schemas/2016-06-01/workflowdefinition.json#","contentVersion":"1.0.0.0","parameters":{"$connections":{"defaultValue":{},"type":"Object"},"$authentication":{"defaultValue":{},"type":"SecureObject"}},"triggers":{"When_a_vacancy_application_row_is_modified":{"type":"OpenApiConnectionWebhook","inputs":{"host":{"connectionName":"shared_commondataserviceforapps","operationId":"SubscribeWebhookTrigger","apiId":"/providers/Microsoft.PowerApps/apis/shared_commondataserviceforapps"},"parameters":{"subscriptionRequest/message":3,"subscriptionRequest/entityname":"pfc_vacancyapplication","subscriptionRequest/scope":4,"subscriptionRequest/filteringattributes":"pfc_submissiondeclaration","subscriptionRequest/filterexpression":"(pfc_submissiondeclaration eq 229330000 and pfc_datesubmissionnotificationsent eq null)"},"authentication":"@parameters('$authentication')"}}},"actions":{"Get_associated_applicant_row_by_ID":{"runAfter":{},"type":"OpenApiConnection","inputs":{"host":{"connectionName":"shared_commondataserviceforapps","operationId":"GetItem","apiId":"/providers/Microsoft.PowerApps/apis/shared_commondataserviceforapps"},"parameters":{"entityName":"contacts","recordId":"@triggerOutputs()?['body/_pfc_applicant_value']"},"authentication":"@parameters('$authentication')"}},"Get_associated_vacancy_row_by_ID":{"runAfter":{"Get_associated_applicant_row_by_ID":["Succeeded"]},"type":"OpenApiConnection","inputs":{"host":{"connectionName":"shared_commondataserviceforapps","operationId":"GetItem","apiId":"/providers/Microsoft.PowerApps/apis/shared_commondataserviceforapps"},"parameters":{"entityName":"pfc_vacancies","recordId":"@triggerOutputs()?['body/_pfc_vacancy_value']"},"authentication":"@parameters('$authentication')"}},"Get_recruitment_team_queue_row_by_ID":{"runAfter":{"Get_associated_user_row_by_ID":["Succeeded"]},"type":"OpenApiConnection","inputs":{"host":{"connectionName":"shared_commondataserviceforapps","operationId":"GetItem","apiId":"/providers/Microsoft.PowerApps/apis/shared_commondataserviceforapps"},"parameters":{"entityName":"queues","recordId":"b87556e5-55f3-ea11-a815-000d3a86a8cf"},"authentication":"@parameters('$authentication')"}},"Get_associated_site_row_by_ID":{"runAfter":{"Get_recruitment_team_queue_row_by_ID":["Succeeded"]},"type":"OpenApiConnection","inputs":{"host":{"connectionName":"shared_commondataserviceforapps","operationId":"GetItem","apiId":"/providers/Microsoft.PowerApps/apis/shared_commondataserviceforapps"},"parameters":{"entityName":"sites","recordId":"@outputs('Get_associated_vacancy_row_by_ID')?['body/_pfc_site_value']"},"authentication":"@parameters('$authentication')"}},"Get_vacancy_job_title_labels":{"runAfter":{"Get_associated_site_row_by_ID":["Succeeded"]},"type":"Compose","inputs":"@outputs('Get_associated_vacancy_row_by_ID')?['body/pfc_jobtitles@OData.Community.Display.V1.FormattedValue']"},"Initialize_varUriHost":{"runAfter":{"Initialize_varViewUrl":["Succeeded"]},"type":"InitializeVariable","inputs":{"variables":[{"name":"UriHost","type":"string","value":"pfc_urihost"}]}},"Initialize_varAppId":{"runAfter":{"Initialize_varUriHost":["Succeeded"]},"type":"InitializeVariable","inputs":{"variables":[{"name":"AppId","type":"string","value":"pfc_appid"}]}},"Get_UriHost_environment_variable":{"runAfter":{"Initialize_varAppId":["Succeeded"]},"type":"Workflow","inputs":{"host":{"workflowReferenceName":"b1c31c2e-a585-eb11-a812-0022481a7c9a"},"body":{"GetDefinitions_Filterrows":"@variables('UriHost')"}}},"Get_AppId_environment_variable":{"runAfter":{"Get_UriHost_environment_variable":["Succeeded"]},"type":"Workflow","inputs":{"host":{"workflowReferenceName":"b1c31c2e-a585-eb11-a812-0022481a7c9a"},"body":{"GetDefinitions_Filterrows":"@variables('AppId')"}}},"Parse_UriHost_JSON":{"runAfter":{"Get_AppId_environment_variable":["Succeeded"]},"type":"ParseJson","inputs":{"content":"@outputs('Get_UriHost_environment_variable')?['Body']","schema":{"type":"object","properties":{"value":{"type":"string"}}}}},"Parse_AppId_JSON":{"runAfter":{"Parse_UriHost_JSON":["Succeeded"]},"type":"ParseJson","inputs":{"content":"@outputs('Get_AppId_environment_variable')?['Body']","schema":{"type":"object","properties":{"value":{"type":"string"}}}}},"Initialize_varEmailMessage":{"runAfter":{"Get_vacancy_job_title_labels":["Succeeded"]},"type":"InitializeVariable","inputs":{"variables":[{"name":"EmailMessage","type":"string","value":"<!DOCTYPE html PUBLIC \"-//W3C//DTD XHTML 1.0 Transitional//EN\" \"http://www.w3.org/TR/xhtml1/DTD/xhtml1-transitional.dtd\">\n<html lang=\"en\">\n<head>\n    <meta http-equiv=\"Content-Type\" content=\"text/html charset=UTF-8\" />\n    <meta name=\"viewport\" content=\"width=device-width, initial-scale=1.0\">\n    <title>Invitation to Telephone Interview</title>\n</head>\n<body>\n    <p>Dear @{outputs('Get_associated_applicant_row_by_ID')?['body/firstname']},</p>\n    <p>Thank you for applying for the @{outputs('Get_vacancy_job_title_labels')} role here at <b>Pathway for Care</b>.</p>\n    <p>My name is @{outputs('Get_associated_user_row_by_ID')?['body/fullname']}, and I am a @{outputs('Get_associated_user_row_by_ID')?['body/title']} at @{outputs('Get_associated_site_row_by_ID')?['body/name']}.</p>\n\n<p>I just wanted to confirm that your application has been received. The next email you receive will notify you as to whether your application has been shortlisted or not.</p>\n    <p>I wish you the best of luck.</p>\n    <p>Kind regards,</p>\n    <p>@{outputs('Get_associated_user_row_by_ID')?['body/fullname']}</p>\n    <p>@{outputs('Get_associated_user_row_by_ID')?['body/title']}</p>\n    <br>\n    <img alt=\"Pathway for Care Ltd\" border=\"0\" height=\"70\" src=\"https://www.pathwayforcare.com/sig_files/logo.png\"\n        width=\"248\" />\n    <br>\n<p>@{outputs('Get_associated_user_row_by_ID')?['body/internalemailaddress']}</p>\n<p>@{outputs('Get_associated_user_row_by_ID')?['body/address1_telephone1']}<p>\n<p>Pathway for Care Ltd</p>\n<p>3 Manor Royal, Crawley, West Sussex, RH10 9LU</p>\n</body>\n</html>"}]}},"Get_associated_user_row_by_ID":{"runAfter":{"Get_associated_vacancy_row_by_ID":["Succeeded"]},"type":"OpenApiConnection","inputs":{"host":{"connectionName":"shared_commondataserviceforapps","operationId":"GetItem","apiId":"/providers/Microsoft.PowerApps/apis/shared_commondataserviceforapps"},"parameters":{"entityName":"systemusers","recordId":"@outputs('Get_associated_vacancy_row_by_ID')?['body/_pfc_reportsto_value']"},"authentication":"@parameters('$authentication')"}},"Initialize_varCardTitle":{"runAfter":{"Initialize_varEmailMessage":["Succeeded"]},"type":"InitializeVariable","inputs":{"variables":[{"name":"CardTitle","type":"string","value":"Application Received"}]}},"Initialize_varCardDescription":{"runAfter":{"Initialize_varCardTitle":["Succeeded"]},"type":"InitializeVariable","inputs":{"variables":[{"name":"CardDescription","type":"string","value":"Please review this application as quickly as possible. You'll need to check the Application Form Tab with a specific focus on the applicant's employment history (is there a gap(s)?) and the number or referees (we need two)."}]}},"Initialize_varViewUrl":{"runAfter":{"Initialize_varCardDescription":["Succeeded"]},"type":"InitializeVariable","inputs":{"variables":[{"name":"ViewUrl","type":"string"}]}},"Add_a_new_email_message_row":{"runAfter":{"Parse_AppId_JSON":["Succeeded"]},"type":"OpenApiConnection","inputs":{"host":{"connectionName":"shared_commondataserviceforapps","operationId":"CreateRecord","apiId":"/providers/Microsoft.PowerApps/apis/shared_commondataserviceforapps"},"parameters":{"entityName":"emails","item/activitypointer_activity_parties":[{"participationtypemask":1,"partyid@odata.bind":"queues(@{outputs('Get_recruitment_team_queue_row_by_ID')?['body/queueid']})"},{"participationtypemask":2,"partyid@odata.bind":"contacts(@{outputs('Get_associated_applicant_row_by_ID')?['body/contactid']})"}],"item/description":"@variables('EmailMessage')","item/regardingobjectid_pfc_vacancyapplication_email@odata.bind":"pfc_vacancyapplications(@{triggerOutputs()?['body/pfc_vacancyapplicationid']})","item/subject":"Feedback About Your Application with Pathway For Care"},"authentication":"@parameters('$authentication')"}},"Perform_a_send_email_bound_action":{"runAfter":{"Add_a_new_email_message_row":["Succeeded"]},"type":"OpenApiConnection","inputs":{"host":{"connectionName":"shared_commondataserviceforapps","operationId":"PerformBoundAction","apiId":"/providers/Microsoft.PowerApps/apis/shared_commondataserviceforapps"},"parameters":{"entityName":"emails","actionName":"Microsoft.Dynamics.CRM.SendEmail","recordId":"@outputs('Add_a_new_email_message_row')?['body/activityid']","item/IssueSend":true,"item/TrackingToken":"@{triggerOutputs()?['body/pfc_no']}: @{outputs('Get_vacancy_job_title_labels')}, @{outputs('Get_associated_site_row_by_ID')?['body/name']}"},"authentication":"@parameters('$authentication')"}},"Set_varViewUrl":{"runAfter":{"Update_a_vacancy_application_row":["Succeeded"]},"type":"SetVariable","inputs":{"name":"ViewUrl","value":"https://@{body('Parse_UriHost_JSON')?['value']}/main.aspx?appid=@{body('Parse_AppId_JSON')?['value']}&pagetype=entityrecord&etn=pfc_vacancyapplication&id=@{triggerOutputs()?['body/pfc_vacancyapplicationid']}"}},"Post_your_own_adaptive_card_as_the_Flow_bot_to_a_user":{"runAfter":{"Set_varViewUrl":["Succeeded"]},"type":"OpenApiConnection","inputs":{"host":{"connectionName":"shared_teams","operationId":"PostUserAdaptiveCard","apiId":"/providers/Microsoft.PowerApps/apis/shared_teams"},"parameters":{"PostAdaptiveCardRequest/recipient/to":"@{outputs('Get_associated_user_row_by_ID')?['body/internalemailaddress']};","PostAdaptiveCardRequest/messageBody":"{\n    \"type\": \"AdaptiveCard\",\n    \"body\": [\n        {\n            \"type\": \"TextBlock\",\n            \"size\": \"Medium\",\n            \"weight\": \"Bolder\",\n            \"text\": \"@{variables('CardTitle')}\"\n        },\n        {\n            \"type\": \"ColumnSet\",\n            \"columns\": [\n                {\n                    \"type\": \"Column\",\n                    \"items\": [\n                        {\n                            \"type\": \"TextBlock\",\n                            \"spacing\": \"None\",\n                            \"text\": \"Submitted: @{outputs('Add_a_new_email_message_row')?['body/createdon']}\",\n                            \"isSubtle\": true,\n                            \"wrap\": true\n                        }\n                    ],\n                    \"width\": \"stretch\"\n                }\n            ]\n        },\n        {\n            \"type\": \"TextBlock\",\n            \"text\": \"@{variables('CardDescription')}\",\n            \"wrap\": true\n        },\n        {\n            \"type\": \"FactSet\",\n            \"facts\": [\n                {\n                    \"$data\": \"${properties}\",\n                    \"title\": \"Applicant Name:\",\n                    \"value\": \"@{outputs('Get_associated_applicant_row_by_ID')?['body/fullname']}\"\n                },\n                {\n                    \"$data\": \"${properties}\",\n                    \"title\": \"Position Applied For:\",\n                    \"value\": \"@{outputs('Get_vacancy_job_title_labels')}\"\n                }\n            ]\n        }\n    ],\n    \"actions\": [\n        {\n            \"type\": \"Action.OpenUrl\",\n            \"title\": \"View\",\n            \"url\": \"@{variables('ViewUrl')}\"\n        }\n    ],\n    \"$schema\": \"http://adaptivecards.io/schemas/adaptive-card.json\",\n    \"version\": \"1.2\"\n}","PostAdaptiveCardRequest/messageTitle":"@variables('CardTitle')","PostAdaptiveCardRequest/recipient/summary":"@variables('CardTitle')","PostAdaptiveCardRequest/recipient/isAlert":true},"authentication":"@parameters('$authentication')"}},"Update_a_vacancy_application_row":{"runAfter":{"Perform_a_send_email_bound_action":["Succeeded"]},"type":"OpenApiConnection","inputs":{"host":{"connectionName":"shared_commondataserviceforapps","operationId":"UpdateRecord","apiId":"/providers/Microsoft.PowerApps/apis/shared_commondataserviceforapps"},"parameters":{"entityName":"pfc_vacancyapplications","recordId":"@triggerOutputs()?['body/pfc_vacancyapplicationid']","item/pfc_datesubmissionnotificationsent":"@outputs('Add_a_new_email_message_row')?['body/createdon']"},"authentication":"@parameters('$authentication')"}}},"outputs":{}}},"schemaVersion":"1.0.0.0"}