{"properties":{"connectionReferences":{"shared_commondataserviceforapps":{"runtimeSource":"embedded","connection":{"connectionReferenceLogicalName":"pfc_sharedcommondataserviceforapps_17e15"},"api":{"name":"shared_commondataserviceforapps"}}},"definition":{"$schema":"https://schema.management.azure.com/providers/Microsoft.Logic/schemas/2016-06-01/workflowdefinition.json#","contentVersion":"1.0.0.0","parameters":{"$connections":{"defaultValue":{},"type":"Object"},"$authentication":{"defaultValue":{},"type":"SecureObject"}},"triggers":{"manual":{"splitOn":"@triggerBody()['rows']","type":"Request","kind":"ApiConnection","inputs":{"schema":{"type":"object","properties":{"rows":{"type":"array","items":{"type":"object","properties":{"entity":{"type":"object","properties":{"entity":{"type":"object","properties":{"BPFFlowStageEntityRecordId":{"title":"BPF Flow Stage Entity Record Id","type":"string"},"FlowsWorkflowLogId":{"title":"Flows Workflow Log Id","type":"string"}}}},"required":["entity"]}},"required":["entity"]}}},"required":["rows"]},"host":{"connection":{"name":"@parameters('$connections')['shared_commondataserviceforapps']['connectionId']"}},"operationId":"FlowStepRun","parameters":{}}}},"actions":{"Get_associated_vacancy_application_record":{"runAfter":{},"type":"OpenApiConnection","inputs":{"host":{"connectionName":"shared_commondataserviceforapps","operationId":"GetItem","apiId":"/providers/Microsoft.PowerApps/apis/shared_commondataserviceforapps"},"parameters":{"entityName":"pfc_vacancyapplications","recordId":"@triggerBody()?['entity']?['entity']?['BPFFlowStageEntityRecordId']"},"authentication":{"type":"Raw","value":"@json(decodeBase64(triggerOutputs().headers['X-MS-APIM-Tokens']))['$ConnectionKey']"}}},"Init_varEmailMessage":{"runAfter":{"Get_associated_vacancy_application_record":["Succeeded"]},"type":"InitializeVariable","inputs":{"variables":[{"name":"EmailMessage","type":"string"}]}},"ifOfferRejected":{"actions":{"Get_associated_applicant_record":{"runAfter":{},"type":"OpenApiConnection","inputs":{"host":{"connectionName":"shared_commondataserviceforapps","operationId":"GetItem","apiId":"/providers/Microsoft.PowerApps/apis/shared_commondataserviceforapps"},"parameters":{"entityName":"contacts","recordId":"@outputs('Get_associated_vacancy_application_record')?['body/_pfc_applicant_value']"},"authentication":{"type":"Raw","value":"@json(decodeBase64(triggerOutputs().headers['X-MS-APIM-Tokens']))['$ConnectionKey']"}}},"Get_associated_vacancy_record":{"runAfter":{"Get_associated_applicant_record":["Succeeded"]},"type":"OpenApiConnection","inputs":{"host":{"connectionName":"shared_commondataserviceforapps","operationId":"GetItem","apiId":"/providers/Microsoft.PowerApps/apis/shared_commondataserviceforapps"},"parameters":{"entityName":"pfc_vacancies","recordId":"@outputs('Get_associated_vacancy_application_record')?['body/_pfc_vacancy_value']"},"authentication":{"type":"Raw","value":"@json(decodeBase64(triggerOutputs().headers['X-MS-APIM-Tokens']))['$ConnectionKey']"}}},"Get_associated_site_record":{"runAfter":{"Get_associated_vacancy_record":["Succeeded"]},"type":"OpenApiConnection","inputs":{"host":{"connectionName":"shared_commondataserviceforapps","operationId":"GetItem","apiId":"/providers/Microsoft.PowerApps/apis/shared_commondataserviceforapps"},"parameters":{"entityName":"sites","recordId":"@outputs('Get_associated_vacancy_record')?['body/_pfc_site_value']"},"authentication":{"type":"Raw","value":"@json(decodeBase64(triggerOutputs().headers['X-MS-APIM-Tokens']))['$ConnectionKey']"}}},"Get_associated_queue_(from)_record":{"runAfter":{"Get_associated_site_record":["Succeeded"]},"type":"OpenApiConnection","inputs":{"host":{"connectionName":"shared_commondataserviceforapps","operationId":"GetItem","apiId":"/providers/Microsoft.PowerApps/apis/shared_commondataserviceforapps"},"parameters":{"entityName":"queues","recordId":"b87556e5-55f3-ea11-a815-000d3a86a8cf"},"authentication":{"type":"Raw","value":"@json(decodeBase64(triggerOutputs().headers['X-MS-APIM-Tokens']))['$ConnectionKey']"}}},"Get_associated_user_record":{"runAfter":{"Get_associated_queue_(from)_record":["Succeeded"]},"type":"OpenApiConnection","inputs":{"host":{"connectionName":"shared_commondataserviceforapps","operationId":"GetItem","apiId":"/providers/Microsoft.PowerApps/apis/shared_commondataserviceforapps"},"parameters":{"entityName":"systemusers","recordId":"@outputs('Get_associated_vacancy_record')?['body/_pfc_reportsto_value']"},"authentication":{"type":"Raw","value":"@json(decodeBase64(triggerOutputs().headers['X-MS-APIM-Tokens']))['$ConnectionKey']"}}},"Get_job_title_labels":{"runAfter":{"Get_associated_user_record":["Succeeded"]},"type":"Compose","inputs":"@outputs('Get_associated_vacancy_record')?['body/pfc_jobtitles@OData.Community.Display.V1.FormattedValue']"},"Set_varEmailMessage":{"runAfter":{"Get_job_title_labels":["Succeeded"]},"type":"SetVariable","inputs":{"name":"EmailMessage","value":"<!DOCTYPE html>\n<html lang=\"en\">\n<head>\n    <meta charset=\"UTF-8\">\n    <meta name=\"viewport\" content=\"width=device-width, initial-scale=1.0\">\n    <title>Document</title>\n</head>\n<body>\n    <p>Dear @{outputs('Get_associated_applicant_record')?['body/firstname']},</p>\n    <br>\n    <p>Thank you for your interest in Pathway for Care and the time you have invested in applying for the @{outputs('Get_job_title_labels')} opening.</p>\n    <p>As per our recent correspondence, you informed us that you are no longer interested in the position applied for. We\n    appreciate your involvement in the process and hope you consider re-applying for further positions advertised in the\n    future.</p>\n    <p>Yours sincerely,</p>\n <p>@{outputs('Get_associated_user_record')?['body/fullname']}</p>\n    <p>@{outputs('Get_associated_user_record')?['body/title']}</p>, \n<p>Supported Living Services</p>\n       <br>\n        <img alt=\"Pathway for Care Ltd\" border=\"0\" \n                height=\"70\"\n                src=\"https://www.pathwayforcare.com/sig_files/logo.png\" \n                width=\"248\" />\n        <br>\n    <p>@{outputs('Get_associated_user_record')?['body/internalemailaddress']}</p>\n    <p>@{outputs('Get_associated_user_record')?['body/address1_telephone1']}</p>\n    <p>Pathway for Care Ltd</p>\n    <p>3 Manor Royal, Crawley, West Sussex, RH10 9LU</p>\n</body>\n</html>\n</body>\n</html>"}},"Create_an_email_message_record":{"runAfter":{"Set_varEmailMessage":["Succeeded"]},"type":"OpenApiConnection","inputs":{"host":{"connectionName":"shared_commondataserviceforapps","operationId":"CreateRecord","apiId":"/providers/Microsoft.PowerApps/apis/shared_commondataserviceforapps"},"parameters":{"entityName":"emails","item/activitypointer_activity_parties":[{"participationtypemask":1,"partyid@odata.bind":"queues(@{outputs('Get_associated_queue_(from)_record')?['body/queueid']})"},{"participationtypemask":2,"partyid@odata.bind":"contacts(@{outputs('Get_associated_applicant_record')?['body/contactid']})"}],"item/description":"@variables('EmailMessage')","item/regardingobjectid_pfc_vacancyapplication_email@odata.bind":"pfc_vacancyapplications(@{outputs('Get_associated_vacancy_application_record')?['body/pfc_vacancyapplicationid']})","item/subject":"Feedback for Application with Pathway for Care"},"authentication":{"type":"Raw","value":"@json(decodeBase64(triggerOutputs().headers['X-MS-APIM-Tokens']))['$ConnectionKey']"}}},"Perform_a_send_email_bound_action":{"runAfter":{"Create_an_email_message_record":["Succeeded"]},"type":"OpenApiConnection","inputs":{"host":{"connectionName":"shared_commondataserviceforapps","operationId":"PerformBoundAction","apiId":"/providers/Microsoft.PowerApps/apis/shared_commondataserviceforapps"},"parameters":{"entityName":"emails","actionName":"Microsoft.Dynamics.CRM.SendEmail","recordId":"@outputs('Create_an_email_message_record')?['body/activityid']","item/IssueSend":true,"item/TrackingToken":"@{outputs('Get_associated_vacancy_application_record')?['body/pfc_no']}: @{outputs('Get_job_title_labels')}, @{outputs('Get_associated_site_record')?['body/name']}"},"authentication":{"type":"Raw","value":"@json(decodeBase64(triggerOutputs().headers['X-MS-APIM-Tokens']))['$ConnectionKey']"}}},"Update_a_process_log_record_succeeded":{"runAfter":{"Perform_a_send_email_bound_action":["Succeeded"]},"type":"OpenApiConnection","inputs":{"host":{"connectionName":"shared_commondataserviceforapps","operationId":"UpdateRecord","apiId":"/providers/Microsoft.PowerApps/apis/shared_commondataserviceforapps"},"parameters":{"entityName":"workflowlogs","recordId":"@triggerBody()?['entity']?['entity']?['FlowsWorkflowLogId']","item/status":2},"authentication":{"type":"Raw","value":"@json(decodeBase64(triggerOutputs().headers['X-MS-APIM-Tokens']))['$ConnectionKey']"}}},"Update_a_vacancy_application_record_offer_rejected_email_sent":{"runAfter":{"Update_a_process_log_record_succeeded":["Succeeded"]},"type":"OpenApiConnection","inputs":{"host":{"connectionName":"shared_commondataserviceforapps","operationId":"UpdateRecord","apiId":"/providers/Microsoft.PowerApps/apis/shared_commondataserviceforapps"},"parameters":{"entityName":"pfc_vacancyapplications","recordId":"@outputs('Get_associated_vacancy_application_record')?['body/pfc_vacancyapplicationid']","item/pfc_dateofferrejectedemailsent":"@outputs('Create_an_email_message_record')?['body/createdon']"},"authentication":{"type":"Raw","value":"@json(decodeBase64(triggerOutputs().headers['X-MS-APIM-Tokens']))['$ConnectionKey']"}}}},"runAfter":{"Init_varEmailMessage":["Succeeded"]},"else":{"actions":{"Update_a_process_log_record_failed":{"runAfter":{},"type":"OpenApiConnection","inputs":{"host":{"connectionName":"shared_commondataserviceforapps","operationId":"UpdateRecord","apiId":"/providers/Microsoft.PowerApps/apis/shared_commondataserviceforapps"},"parameters":{"entityName":"workflowlogs","recordId":"@triggerBody()?['entity']?['entity']?['FlowsWorkflowLogId']","item/status":3},"authentication":{"type":"Raw","value":"@json(decodeBase64(triggerOutputs().headers['X-MS-APIM-Tokens']))['$ConnectionKey']"}}}}},"expression":{"or":[{"and":[{"equals":["@outputs('Get_associated_vacancy_application_record')?['body/pfc_dateofferrejectedemailsent']","@null"]},{"equals":["@outputs('Get_associated_vacancy_application_record')?['body/pfc_courtesycalloutcome']",229330002]}]},{"and":[{"equals":["@outputs('Get_associated_vacancy_application_record')?['body/pfc_dateofferrejectedemailsent']","@null"]},{"equals":["@outputs('Get_associated_vacancy_application_record')?['body/pfc_followupoutcome']",229330001]}]}]},"type":"If","description":"If the offer is rejected at either the courtesy call or follow up stages this condition checks whether the offer rejected email has already been sent"}},"outputs":{}}},"schemaVersion":"1.0.0.0"}