{"properties":{"connectionReferences":{"shared_commondataserviceforapps":{"runtimeSource":"embedded","connection":{"connectionReferenceLogicalName":"pfc_sharedcommondataserviceforapps_17e15"},"api":{"name":"shared_commondataserviceforapps"}},"shared_approvals":{"runtimeSource":"embedded","connection":{"connectionReferenceLogicalName":"pfc_sharedapprovals_e8448"},"api":{"name":"shared_approvals"}}},"definition":{"$schema":"https://schema.management.azure.com/providers/Microsoft.Logic/schemas/2016-06-01/workflowdefinition.json#","contentVersion":"1.0.0.0","parameters":{"$connections":{"defaultValue":{},"type":"Object"},"$authentication":{"defaultValue":{},"type":"SecureObject"}},"triggers":{"When_an_email_message_row_is_added":{"type":"OpenApiConnectionWebhook","inputs":{"host":{"connectionName":"shared_commondataserviceforapps","operationId":"SubscribeWebhookTrigger","apiId":"/providers/Microsoft.PowerApps/apis/shared_commondataserviceforapps"},"parameters":{"subscriptionRequest/message":4,"subscriptionRequest/entityname":"email","subscriptionRequest/scope":4,"subscriptionRequest/filterexpression":"(statuscode eq 4)"},"authentication":"@parameters('$authentication')"}}},"actions":{"Get_associated_vacancy_application_row_by_ID":{"runAfter":{},"type":"OpenApiConnection","inputs":{"host":{"connectionName":"shared_commondataserviceforapps","operationId":"GetItem","apiId":"/providers/Microsoft.PowerApps/apis/shared_commondataserviceforapps"},"parameters":{"entityName":"pfc_vacancyapplications","recordId":"@triggerOutputs()?['body/_regardingobjectid_value']"},"authentication":"@parameters('$authentication')"}},"Get_associated_applicant_row_by_ID":{"runAfter":{"Get_associated_vacancy_application_row_by_ID":["Succeeded"]},"type":"OpenApiConnection","inputs":{"host":{"connectionName":"shared_commondataserviceforapps","operationId":"GetItem","apiId":"/providers/Microsoft.PowerApps/apis/shared_commondataserviceforapps"},"parameters":{"entityName":"contacts","recordId":"@outputs('Get_associated_vacancy_application_row_by_ID')?['body/_pfc_applicant_value']"},"authentication":"@parameters('$authentication')"}},"Get_associated_vacancy_row_by_ID":{"runAfter":{"Get_associated_applicant_row_by_ID":["Succeeded"]},"type":"OpenApiConnection","inputs":{"host":{"connectionName":"shared_commondataserviceforapps","operationId":"GetItem","apiId":"/providers/Microsoft.PowerApps/apis/shared_commondataserviceforapps"},"parameters":{"entityName":"pfc_vacancies","recordId":"@outputs('Get_associated_vacancy_application_row_by_ID')?['body/_pfc_vacancy_value']"},"authentication":"@parameters('$authentication')"}},"Get_associated_user_row_by_ID":{"runAfter":{"Get_associated_vacancy_row_by_ID":["Succeeded"]},"type":"OpenApiConnection","inputs":{"host":{"connectionName":"shared_commondataserviceforapps","operationId":"GetItem","apiId":"/providers/Microsoft.PowerApps/apis/shared_commondataserviceforapps"},"parameters":{"entityName":"systemusers","recordId":"@outputs('Get_associated_vacancy_row_by_ID')?['body/_pfc_reportsto_value']"},"authentication":"@parameters('$authentication')"}},"Initialize_varUriHost":{"runAfter":{"Get_associated_user_row_by_ID":["Succeeded"]},"type":"InitializeVariable","inputs":{"variables":[{"name":"UriHost","type":"string","value":"pfc_urihost"}]}},"Initialize_varAppId":{"runAfter":{"Initialize_varUriHost":["Succeeded"]},"type":"InitializeVariable","inputs":{"variables":[{"name":"AppId","type":"string","value":"pfc_appid"}]}},"Get_UriHost_Environment_Variable":{"runAfter":{"Initialize_varAppId":["Succeeded"]},"type":"Workflow","inputs":{"host":{"workflowReferenceName":"b1c31c2e-a585-eb11-a812-0022481a7c9a"},"body":{"GetDefinitions_Filterrows":"@variables('UriHost')"}}},"Get_varAppId_Environment_Variable":{"runAfter":{"Get_UriHost_Environment_Variable":["Succeeded"]},"type":"Workflow","inputs":{"host":{"workflowReferenceName":"b1c31c2e-a585-eb11-a812-0022481a7c9a"},"body":{"GetDefinitions_Filterrows":"@variables('AppId')"}}},"Parse_UriHost_JSON":{"runAfter":{"Get_varAppId_Environment_Variable":["Succeeded"]},"type":"ParseJson","inputs":{"content":"@outputs('Get_UriHost_Environment_Variable')?['Body']","schema":{"type":"object","properties":{"value":{"type":"string"}}}}},"Parse_AppId_JSON":{"runAfter":{"Parse_UriHost_JSON":["Succeeded"]},"type":"ParseJson","inputs":{"content":"@outputs('Get_varAppId_Environment_Variable')?['Body']","schema":{"type":"object","properties":{"value":{"type":"string"}}}}},"IsFirstResponseToOffer":{"actions":{"Start_and_wait_for_an_approval":{"runAfter":{},"type":"OpenApiConnectionWebhook","inputs":{"host":{"connectionName":"shared_approvals","operationId":"StartAndWaitForAnApproval","apiId":"/providers/Microsoft.PowerApps/apis/shared_approvals"},"parameters":{"approvalType":"Basic","WebhookApprovalCreationInput/title":"Job Offer Acceptance Approval","WebhookApprovalCreationInput/assignedTo":"@{outputs('Get_associated_user_row_by_ID')?['body/internalemailaddress']};","WebhookApprovalCreationInput/details":"Application @{outputs('Get_associated_vacancy_application_row_by_ID')?['body/pfc_no']}has received an email reply that requires approval","WebhookApprovalCreationInput/itemLink":"https://@{body('Parse_UriHost_JSON')?['value']}/main.aspx?appid=@{body('Parse_AppId_JSON')?['value']}&pagetype=entityrecord&etn=email&id=@{triggerOutputs()?['body/activityid']}","WebhookApprovalCreationInput/itemLinkDescription":"Please click the link above to check whether the applicant has accepted or rejected the offer","WebhookApprovalCreationInput/enableNotifications":true,"WebhookApprovalCreationInput/enableReassignment":true},"authentication":"@parameters('$authentication')"}},"IsApproved":{"actions":{"Update_associated_vacancy_application_row_approve":{"runAfter":{},"type":"OpenApiConnection","inputs":{"host":{"connectionName":"shared_commondataserviceforapps","operationId":"UpdateRecord","apiId":"/providers/Microsoft.PowerApps/apis/shared_commondataserviceforapps"},"parameters":{"entityName":"pfc_vacancyapplications","recordId":"@outputs('Get_associated_vacancy_application_row_by_ID')?['body/pfc_vacancyapplicationid']","item/pfc_dateapplicantacceptedofferinwriting":"@triggerOutputs()?['body/createdon']"},"authentication":"@parameters('$authentication')"}}},"runAfter":{"Start_and_wait_for_an_approval":["Succeeded"]},"else":{"actions":{"IsRejected":{"actions":{"Update_associated_vacancy_application_row_reject":{"runAfter":{},"type":"OpenApiConnection","inputs":{"host":{"connectionName":"shared_commondataserviceforapps","operationId":"UpdateRecord","apiId":"/providers/Microsoft.PowerApps/apis/shared_commondataserviceforapps"},"parameters":{"entityName":"pfc_vacancyapplications","recordId":"@outputs('Get_associated_vacancy_application_row_by_ID')?['body/pfc_vacancyapplicationid']","item/pfc_dateapplicantrejectedofferinwriting":"@triggerOutputs()?['body/createdon']"},"authentication":"@parameters('$authentication')"}}},"runAfter":{},"expression":{"contains":["@outputs('Start_and_wait_for_an_approval')?['body/outcome']","Reject"]},"type":"If"}}},"expression":{"contains":["@outputs('Start_and_wait_for_an_approval')?['body/outcome']","Approve"]},"type":"If"}},"runAfter":{"Parse_AppId_JSON":["Succeeded"]},"expression":{"and":[{"equals":["@triggerOutputs()?['body/sender']","@outputs('Get_associated_applicant_row_by_ID')?['body/emailaddress1']"]},{"equals":["@triggerOutputs()?['body/_regardingobjectid_value']","@outputs('Get_associated_vacancy_application_row_by_ID')?['body/pfc_vacancyapplicationid']"]},{"equals":["@outputs('Get_associated_vacancy_application_row_by_ID')?['body/pfc_dateapplicantacceptedofferinwriting']","@null"]},{"equals":["@outputs('Get_associated_vacancy_application_row_by_ID')?['body/pfc_dateapplicantrejectedofferinwriting']","@null"]}]},"type":"If"}},"outputs":{}}},"schemaVersion":"1.0.0.0"}