﻿<?xml version="1.0" encoding="utf-8"?>
<Workflow WorkflowId="{efd55e17-cf6a-eb11-a812-000d3a870ebd}" Name="Lock Date Telephone Interview Feedback Sent" Description="Click to add description" xmlns:xsi="http://www.w3.org/2001/XMLSchema-instance">
  <XamlFileName>/Workflows/LockDateTelephoneInterviewFeedbackSent-EFD55E17-CF6A-EB11-A812-000D3A870EBD.xaml</XamlFileName>
  <Type>1</Type>
  <Subprocess>0</Subprocess>
  <Category>2</Category>
  <Mode>1</Mode>
  <Scope>4</Scope>
  <OnDemand>0</OnDemand>
  <TriggerOnCreate>0</TriggerOnCreate>
  <TriggerOnDelete>0</TriggerOnDelete>
  <AsyncAutodelete>0</AsyncAutodelete>
  <SyncWorkflowLogOnFailure>0</SyncWorkflowLogOnFailure>
  <StateCode>0</StateCode>
  <StatusCode>1</StatusCode>
  <RunAs>1</RunAs>
  <IsTransacted>1</IsTransacted>
  <IntroducedVersion>1.0.0.167</IntroducedVersion>
  <IsCustomizable>1</IsCustomizable>
  <BusinessProcessType>0</BusinessProcessType>
  <IsCustomProcessingStepAllowedForOtherPublishers>1</IsCustomProcessingStepAllowedForOtherPublishers>
  <ProcessTriggerFormId>{1322b745-3450-4702-9cbb-f69625c20e82}</ProcessTriggerFormId>
  <ProcessTriggerScope>1</ProcessTriggerScope>
  <PrimaryEntity>pfc_VacancyApplication</PrimaryEntity>
  <LocalizedNames>
    <LocalizedName languagecode="1033" description="Lock Date Telephone Interview Feedback Sent" />
  </LocalizedNames>
  <Descriptions>
    <Description languagecode="1033" description="Click to add description" />
  </Descriptions>
</Workflow>