{"properties":{"connectionReferences":{"shared_commondataserviceforapps":{"runtimeSource":"embedded","connection":{"connectionReferenceLogicalName":"pfc_sharedcommondataserviceforapps_17e15"},"api":{"name":"shared_commondataserviceforapps"}}},"definition":{"$schema":"https://schema.management.azure.com/providers/Microsoft.Logic/schemas/2016-06-01/workflowdefinition.json#","contentVersion":"1.0.0.0","parameters":{"$connections":{"defaultValue":{},"type":"Object"},"$authentication":{"defaultValue":{},"type":"SecureObject"}},"triggers":{"Recurrence":{"recurrence":{"frequency":"Day","interval":1,"schedule":{"hours":["0"],"minutes":[1]}},"type":"Recurrence"}},"actions":{"List_web_form_session_rows":{"runAfter":{"Initialize_variable_SettingsObject":["Succeeded"]},"type":"OpenApiConnection","inputs":{"host":{"connectionName":"shared_commondataserviceforapps","operationId":"ListRecords","apiId":"/providers/Microsoft.PowerApps/apis/shared_commondataserviceforapps"},"parameters":{"entityName":"adx_webformsessions","fetchXml":"<fetch>\n  <entity name=\"adx_webformsession\" >\n    <filter type=\"and\" >\n      <condition attribute=\"statecode\" operator=\"eq\" value=\"0\" />\n      <condition attribute=\"modifiedon\" operator=\"today\" />\n      <condition attribute=\"adx_contact\" operator=\"not-null\" />\n    </filter>\n    <link-entity name=\"pfc_vacancyapplication\" from=\"pfc_vacancyapplicationid\" to=\"adx_primaryrecordid\" link-type=\"inner\" >\n      <filter type=\"and\" >\n        <condition attribute=\"statuscode\" operator=\"eq\" value=\"229330023\" />\n        <condition attribute=\"pfc_applicant\" operator=\"not-null\" />\n        <condition attribute=\"pfc_vacancy\" operator=\"not-null\" />\n        <condition attribute=\"pfc_dateincompleteapplicationremindersent\" operator=\"null\" />\n        <condition attribute=\"pfc_vacancyapplicationid\" operator=\"not-null\" />\n        <condition attribute=\"statecode\" operator=\"eq\" value=\"0\" />\n      </filter>\n    </link-entity>\n  </entity>\n</fetch>"},"authentication":"@parameters('$authentication')"}},"Apply_to_each":{"foreach":"@outputs('List_web_form_session_rows')?['body/value']","actions":{"Run_a_Child_Flow":{"runAfter":{"Set_variable_SettingsObject":["Succeeded"]},"type":"Workflow","inputs":{"host":{"workflowReferenceName":"cee115b3-a79e-eb11-b1ac-000d3a872d46"},"body":{"text":"@string(variables('SettingsObject'))\r\n"}}},"Set_variable_SettingsObject":{"runAfter":{},"type":"SetVariable","inputs":{"name":"SettingsObject","value":{"pfc_vacancyapplicationid":"@{items('Apply_to_each')?['adx_primaryrecordid']}"}}},"Update_associated_vacancy_application_row":{"runAfter":{"Parse_JSON_date_reminder_email_sent":["Succeeded"]},"type":"OpenApiConnection","inputs":{"host":{"connectionName":"shared_commondataserviceforapps","operationId":"UpdateRecord","apiId":"/providers/Microsoft.PowerApps/apis/shared_commondataserviceforapps"},"parameters":{"entityName":"pfc_vacancyapplications","recordId":"@items('Apply_to_each')?['adx_primaryrecordid']","item/pfc_dateincompleteapplicationremindersent":"@body('Parse_JSON_date_reminder_email_sent')?['date']","item/pfc_applicationsummary":229330012},"authentication":"@parameters('$authentication')"}},"Parse_JSON_date_reminder_email_sent":{"runAfter":{"Run_a_Child_Flow":["Succeeded"]},"type":"ParseJson","inputs":{"content":"@outputs('Run_a_Child_Flow')?['Body']","schema":{"type":"object","properties":{"date":{"type":"string"}}}}}},"runAfter":{"List_web_form_session_rows":["Succeeded"]},"type":"Foreach","runtimeConfiguration":{"concurrency":{"repetitions":1}}},"Initialize_variable_SettingsObject":{"runAfter":{},"type":"InitializeVariable","inputs":{"variables":[{"name":"SettingsObject","type":"object"}]}}},"outputs":{}}},"schemaVersion":"1.0.0.0"}