{"properties":{"connectionReferences":{"shared_commondataserviceforapps":{"runtimeSource":"embedded","connection":{"connectionReferenceLogicalName":"pfc_sharedcommondataserviceforapps_17e15"},"api":{"name":"shared_commondataserviceforapps"}}},"definition":{"$schema":"https://schema.management.azure.com/providers/Microsoft.Logic/schemas/2016-06-01/workflowdefinition.json#","contentVersion":"1.0.0.0","parameters":{"$connections":{"defaultValue":{},"type":"Object"},"$authentication":{"defaultValue":{},"type":"SecureObject"}},"triggers":{"When_a_vacancy_application_row_is_modified":{"type":"OpenApiConnectionWebhook","inputs":{"host":{"connectionName":"shared_commondataserviceforapps","operationId":"SubscribeWebhookTrigger","apiId":"/providers/Microsoft.PowerApps/apis/shared_commondataserviceforapps"},"parameters":{"subscriptionRequest/message":1,"subscriptionRequest/entityname":"pfc_vacancyapplication","subscriptionRequest/scope":4,"subscriptionRequest/filterexpression":"(_pfc_applicant_value ne null and _pfc_vacancy_value ne null)"},"authentication":"@parameters('$authentication')"}}},"actions":{"Get_associated_vacancy_row_by_ID":{"runAfter":{},"type":"OpenApiConnection","inputs":{"host":{"connectionName":"shared_commondataserviceforapps","operationId":"GetItem","apiId":"/providers/Microsoft.PowerApps/apis/shared_commondataserviceforapps"},"parameters":{"entityName":"pfc_vacancies","recordId":"@triggerOutputs()?['body/_pfc_vacancy_value']"},"authentication":"@parameters('$authentication')"}},"Initialize_varSystemUserGuid":{"runAfter":{"Get_associated_vacancy_row_by_ID":["Succeeded"]},"type":"InitializeVariable","inputs":{"variables":[{"name":"SystemUserGuid","type":"string","value":"pfc_systemuserguid"}]}},"Get_SystemUserGuid_environment_variable":{"runAfter":{"Initialize_varSystemUserGuid":["Succeeded"]},"type":"Workflow","inputs":{"host":{"workflowReferenceName":"b1c31c2e-a585-eb11-a812-0022481a7c9a"},"body":{"GetDefinitions_Filterrows":"@variables('SystemUserGuid')"}}},"Parse_SystemUserGuid_JSON":{"runAfter":{"Get_SystemUserGuid_environment_variable":["Succeeded"]},"type":"ParseJson","inputs":{"content":"@outputs('Get_SystemUserGuid_environment_variable')?['Body']","schema":{"type":"object","properties":{"value":{"type":"string"}}}}},"IsOwnerSYSTEM":{"actions":{"Update_a_vacancy_application_row":{"runAfter":{},"type":"OpenApiConnection","inputs":{"host":{"connectionName":"shared_commondataserviceforapps","operationId":"UpdateRecord","apiId":"/providers/Microsoft.PowerApps/apis/shared_commondataserviceforapps"},"parameters":{"entityName":"pfc_vacancyapplications","recordId":"@triggerOutputs()?['body/pfc_vacancyapplicationid']","item/ownerid@odata.bind":"systemusers(@{outputs('Get_associated_vacancy_row_by_ID')?['body/_pfc_reportsto_value']})"},"authentication":"@parameters('$authentication')"}}},"runAfter":{"Parse_SystemUserGuid_JSON":["Succeeded"]},"else":{"actions":{"Terminate":{"runAfter":{},"type":"Terminate","inputs":{"runStatus":"Cancelled"}}}},"expression":{"equals":["@triggerOutputs()?['body/_ownerid_value']","@body('Parse_SystemUserGuid_JSON')?['value']"]},"type":"If"}},"outputs":{}}},"schemaVersion":"1.0.0.0"}