﻿<?xml version="1.0" encoding="utf-8"?>
<Workflow WorkflowId="{b9a8ead8-d7cc-eb11-bacc-00224800f0e0}" Name="Reassign New Portal Enquiry and Notify Assignee" xmlns:xsi="http://www.w3.org/2001/XMLSchema-instance">
  <JsonFileName>/Workflows/ReassignNewPortalEnquiryandNotifyAssignee-B9A8EAD8-D7CC-EB11-BACC-00224800F0E0.json</JsonFileName>
  <Type>1</Type>
  <Subprocess>0</Subprocess>
  <Category>5</Category>
  <Mode>0</Mode>
  <Scope>4</Scope>
  <OnDemand>0</OnDemand>
  <TriggerOnCreate>0</TriggerOnCreate>
  <TriggerOnDelete>0</TriggerOnDelete>
  <AsyncAutodelete>0</AsyncAutodelete>
  <SyncWorkflowLogOnFailure>0</SyncWorkflowLogOnFailure>
  <StateCode>1</StateCode>
  <StatusCode>2</StatusCode>
  <RunAs>1</RunAs>
  <IsTransacted>1</IsTransacted>
  <IntroducedVersion>1.0.0.191</IntroducedVersion>
  <IsCustomizable>1</IsCustomizable>
  <BusinessProcessType>0</BusinessProcessType>
  <IsCustomProcessingStepAllowedForOtherPublishers>1</IsCustomProcessingStepAllowedForOtherPublishers>
  <PrimaryEntity>none</PrimaryEntity>
  <LocalizedNames>
    <LocalizedName languagecode="1033" description="Reassign New Portal Enquiry and Notify Assignee" />
  </LocalizedNames>
</Workflow>