{"properties":{"connectionReferences":{"shared_commondataserviceforapps_1":{"runtimeSource":"embedded","connection":{"connectionReferenceLogicalName":"pfc_SDynamicsServiceUser2CDS"},"api":{"name":"shared_commondataserviceforapps"}},"shared_teams":{"runtimeSource":"embedded","connection":{"connectionReferenceLogicalName":"pfc_Teams"},"api":{"name":"shared_teams"}}},"definition":{"$schema":"https://schema.management.azure.com/providers/Microsoft.Logic/schemas/2016-06-01/workflowdefinition.json#","contentVersion":"1.0.0.0","parameters":{"$connections":{"defaultValue":{},"type":"Object"},"$authentication":{"defaultValue":{},"type":"SecureObject"},"System User GUID":{"defaultValue":"f64d5806-ca2e-4fe8-9d95-908a83027d77","type":"String","metadata":{"schemaName":"pfc_systemuserguid","description":"GUID for SYSTEM User"}},"App Id":{"defaultValue":"c85cfd25-30b6-ea11-a812-000d3a86a8cf","type":"String","metadata":{"schemaName":"pfc_appid","description":"PFC Hub App Id"}},"Uri Host":{"defaultValue":"pfc-dev.crm11.dynamics.com","type":"String","metadata":{"schemaName":"pfc_urihost"}}},"triggers":{"When_a_row_is_added,_modified_or_deleted":{"type":"OpenApiConnectionWebhook","inputs":{"host":{"connectionName":"shared_commondataserviceforapps_1","operationId":"SubscribeWebhookTrigger","apiId":"/providers/Microsoft.PowerApps/apis/shared_commondataserviceforapps"},"parameters":{"subscriptionRequest/message":4,"subscriptionRequest/entityname":"pfc_enquiry","subscriptionRequest/scope":4},"authentication":"@parameters('$authentication')"}}},"actions":{"isOwnerSYSTEM":{"actions":{"Update_a_row":{"runAfter":{},"type":"OpenApiConnection","inputs":{"host":{"connectionName":"shared_commondataserviceforapps_1","operationId":"UpdateRecord","apiId":"/providers/Microsoft.PowerApps/apis/shared_commondataserviceforapps"},"parameters":{"entityName":"pfc_enquiries","recordId":"@triggerOutputs()?['body/pfc_enquiryid']","item/ownerid@odata.bind":"systemusers(@{variables('OwnerId')})"},"authentication":"@parameters('$authentication')"}},"Set_varViewUrl":{"runAfter":{"Get_a_user_row_by_ID":["Succeeded"]},"type":"SetVariable","inputs":{"name":"ViewUrl","value":"https://@{parameters('Uri Host')}/main.aspx?appid=@{parameters('App Id')}&pagetype=entityrecord&etn=pfc_enquiry&id=@{outputs('Update_a_row')?['body/pfc_enquiryid']}"}},"Post_your_own_adaptive_card_as_the_Flow_bot_to_a_user":{"runAfter":{"Set_varViewUrl":["Succeeded"]},"type":"OpenApiConnection","inputs":{"host":{"connectionName":"shared_teams","operationId":"PostUserAdaptiveCard","apiId":"/providers/Microsoft.PowerApps/apis/shared_teams"},"parameters":{"PostAdaptiveCardRequest/recipient/to":"@{outputs('Get_a_user_row_by_ID')?['body/internalemailaddress']};","PostAdaptiveCardRequest/messageBody":"{\n    \"type\": \"AdaptiveCard\",\n    \"body\": [\n        {\n            \"type\": \"TextBlock\",\n            \"size\": \"Medium\",\n            \"weight\": \"Bolder\",\n            \"text\": \"@{variables('CardTitle')}\"\n        },\n        {\n            \"type\": \"ColumnSet\",\n            \"columns\": [\n                {\n                    \"type\": \"Column\",\n                    \"items\": [\n                        {\n                            \"type\": \"TextBlock\",\n                            \"spacing\": \"None\",\n                            \"text\": \"Submitted: @{variables('CreatedDate')}\",\n                            \"isSubtle\": true,\n                            \"wrap\": true\n                        }\n                    ],\n                    \"width\": \"stretch\"\n                }\n            ]\n        },\n        {\n            \"type\": \"TextBlock\",\n            \"text\": \"@{variables('CardDescription')}\",\n            \"wrap\": true\n        },\n        {\n            \"type\": \"FactSet\",\n            \"facts\": [\n                {\n                    \"$data\": \"${properties}\",\n                    \"title\": \"Referee Name:\",\n                    \"value\": \"@{triggerOutputs()?['body/pfc_referrerfirstname']} @{triggerOutputs()?['body/pfc_referrerlastname']}\"\n                },\n            ]\n        }\n    ],\n    \"actions\": [\n        {\n            \"type\": \"Action.OpenUrl\",\n            \"title\": \"View\",\n            \"url\": \"@{variables('ViewUrl')}\"\n        }\n    ],\n    \"$schema\": \"http://adaptivecards.io/schemas/adaptive-card.json\",\n    \"version\": \"1.2\"\n}","PostAdaptiveCardRequest/messageTitle":"Test","PostAdaptiveCardRequest/recipient/summary":"Test","PostAdaptiveCardRequest/recipient/isAlert":true},"authentication":"@parameters('$authentication')"}},"Get_a_user_row_by_ID":{"runAfter":{"Update_a_row":["Succeeded"]},"type":"OpenApiConnection","inputs":{"host":{"connectionName":"shared_commondataserviceforapps_1","operationId":"GetItem","apiId":"/providers/Microsoft.PowerApps/apis/shared_commondataserviceforapps"},"parameters":{"entityName":"systemusers","recordId":"@variables('OwnerId')"},"authentication":"@parameters('$authentication')"}}},"runAfter":{"Initialize_varCreatedDate":["Succeeded"]},"expression":{"equals":["@triggerOutputs()?['body/_ownerid_value']","@parameters('System User GUID')"]},"type":"If"},"Initialize_varOwnerId":{"runAfter":{},"type":"InitializeVariable","inputs":{"variables":[{"name":"OwnerId","type":"string","value":"2c96f10a-5326-4598-b1b7-adc964dd8988"}]}},"Initialize_varViewUrl":{"runAfter":{"Initialize_varOwnerId":["Succeeded"]},"type":"InitializeVariable","inputs":{"variables":[{"name":"ViewUrl","type":"string"}]}},"Initialize_varCardTitle":{"runAfter":{"Initialize_varViewUrl":["Succeeded"]},"type":"InitializeVariable","inputs":{"variables":[{"name":"CardTitle","type":"string","value":"Enquiry Received"}]}},"Initialize_varCardDescription":{"runAfter":{"Initialize_varCardTitle":["Succeeded"]},"type":"InitializeVariable","inputs":{"variables":[{"name":"CardDescription","type":"string","value":"Please review this Enquiry within 48 hours "}]}},"Initialize_varCreatedDate":{"runAfter":{"Initialize_varCardDescription":["Succeeded"]},"type":"InitializeVariable","inputs":{"variables":[{"name":"CreatedDate","type":"string","value":"@{formatDateTime(triggerOutputs()?['body/createdon'], 'D')}"}]}}},"outputs":{}}},"schemaVersion":"1.0.0.0"}