{"properties":{"connectionReferences":{"shared_commondataserviceforapps_1":{"runtimeSource":"embedded","connection":{"connectionReferenceLogicalName":"pfc_sharedcommondataserviceforapps_17e15"},"api":{"name":"shared_commondataserviceforapps"}},"shared_sharepointonline":{"runtimeSource":"invoker","connection":{"connectionReferenceLogicalName":"pfc_sharedsharepointonline_cfb80"},"api":{"name":"shared_sharepointonline"}},"shared_commondataserviceforapps":{"runtimeSource":"embedded","connection":{"connectionReferenceLogicalName":"pfc_sharedcommondataserviceforapps_17e15"},"api":{"name":"shared_commondataserviceforapps"}}},"definition":{"$schema":"https://schema.management.azure.com/providers/Microsoft.Logic/schemas/2016-06-01/workflowdefinition.json#","contentVersion":"1.0.0.0","parameters":{"$connections":{"defaultValue":{},"type":"Object"},"$authentication":{"defaultValue":{},"type":"SecureObject"}},"triggers":{"manual":{"splitOn":"@triggerBody()['rows']","type":"Request","kind":"ApiConnection","inputs":{"schema":{"type":"object","properties":{"rows":{"type":"array","items":{"type":"object","properties":{"entity":{"type":"object","properties":{"entity":{"type":"object","properties":{"FlowsWorkflowLogId":{"title":"Flows Workflow Log Id","type":"string"},"BPFFlowStageEntityRecordId":{"title":"BPF Flow Stage Entity Record Id","type":"string"}}}},"required":["entity"]}},"required":["entity"]}}},"required":["rows"]},"host":{"connection":{"name":"@parameters('$connections')['shared_commondataserviceforapps_1']['connectionId']"}},"operationId":"FlowStepRun","parameters":{}}}},"actions":{"Get_associated_vacancy_application_record":{"runAfter":{},"type":"OpenApiConnection","inputs":{"host":{"connectionName":"shared_commondataserviceforapps_1","operationId":"GetItem","apiId":"/providers/Microsoft.PowerApps/apis/shared_commondataserviceforapps"},"parameters":{"entityName":"pfc_vacancyapplications","recordId":"@triggerBody()?['entity']?['entity']?['BPFFlowStageEntityRecordId']"},"authentication":{"type":"Raw","value":"@json(decodeBase64(triggerOutputs().headers['X-MS-APIM-Tokens']))['$ConnectionKey']"}}},"Init_varEmailMessage":{"runAfter":{"Get_associated_vacancy_application_record":["Succeeded"]},"type":"InitializeVariable","inputs":{"variables":[{"name":"EmailMessage","type":"string"}]}},"Init_varInterviewsStartDate":{"runAfter":{"Init_varEmailMessage":["Succeeded"]},"type":"InitializeVariable","inputs":{"variables":[{"name":"InterviewsStartDate","type":"string"}]}},"Init_varInterviewsEndDate":{"runAfter":{"Init_varInterviewsStartDate":["Succeeded"]},"type":"InitializeVariable","inputs":{"variables":[{"name":"InterviewsEndDate","type":"string"}]}},"isInterviewFeedbackNotSent":{"actions":{"Set_varInterviewsStartDate":{"runAfter":{},"type":"SetVariable","inputs":{"name":"InterviewsStartDate","value":"@outputs('Get_associated_vacancy_application_record')?['body/pfc_facetofaceinterviewstartdate']"}},"Set_varInterviewsEndDate":{"runAfter":{"Set_varInterviewsStartDate":["Succeeded"]},"type":"SetVariable","inputs":{"name":"InterviewsEndDate","value":"@outputs('Get_associated_vacancy_application_record')?['body/pfc_facetofaceinterviewenddate']"}},"Get_associated_applicant_record":{"runAfter":{"Set_varInterviewsEndDate":["Succeeded"]},"type":"OpenApiConnection","inputs":{"host":{"connectionName":"shared_commondataserviceforapps_1","operationId":"GetItem","apiId":"/providers/Microsoft.PowerApps/apis/shared_commondataserviceforapps"},"parameters":{"entityName":"contacts","recordId":"@outputs('Get_associated_vacancy_application_record')?['body/_pfc_applicant_value']"},"authentication":{"type":"Raw","value":"@json(decodeBase64(triggerOutputs().headers['X-MS-APIM-Tokens']))['$ConnectionKey']"}}},"Get_associated_vacancy_record":{"runAfter":{"Get_associated_applicant_record":["Succeeded"]},"type":"OpenApiConnection","inputs":{"host":{"connectionName":"shared_commondataserviceforapps_1","operationId":"GetItem","apiId":"/providers/Microsoft.PowerApps/apis/shared_commondataserviceforapps"},"parameters":{"entityName":"pfc_vacancies","recordId":"@outputs('Get_associated_vacancy_application_record')?['body/_pfc_vacancy_value']"},"authentication":{"type":"Raw","value":"@json(decodeBase64(triggerOutputs().headers['X-MS-APIM-Tokens']))['$ConnectionKey']"}}},"Get_associated_user_record":{"runAfter":{"Get_associated_vacancy_record":["Succeeded"]},"type":"OpenApiConnection","inputs":{"host":{"connectionName":"shared_commondataserviceforapps_1","operationId":"GetItem","apiId":"/providers/Microsoft.PowerApps/apis/shared_commondataserviceforapps"},"parameters":{"entityName":"systemusers","recordId":"@outputs('Get_associated_vacancy_record')?['body/_pfc_reportsto_value']"},"authentication":{"type":"Raw","value":"@json(decodeBase64(triggerOutputs().headers['X-MS-APIM-Tokens']))['$ConnectionKey']"}}},"Get_From_queue":{"runAfter":{"Get_associated_user_record":["Succeeded"]},"type":"OpenApiConnection","inputs":{"host":{"connectionName":"shared_commondataserviceforapps_1","operationId":"GetItem","apiId":"/providers/Microsoft.PowerApps/apis/shared_commondataserviceforapps"},"parameters":{"entityName":"queues","recordId":"b87556e5-55f3-ea11-a815-000d3a86a8cf"},"authentication":{"type":"Raw","value":"@json(decodeBase64(triggerOutputs().headers['X-MS-APIM-Tokens']))['$ConnectionKey']"}}},"Get_associated_site_record":{"runAfter":{"Get_From_queue":["Succeeded"]},"type":"OpenApiConnection","inputs":{"host":{"connectionName":"shared_commondataserviceforapps_1","operationId":"GetItem","apiId":"/providers/Microsoft.PowerApps/apis/shared_commondataserviceforapps"},"parameters":{"entityName":"sites","recordId":"@outputs('Get_associated_vacancy_record')?['body/_pfc_site_value']"},"authentication":{"type":"Raw","value":"@json(decodeBase64(triggerOutputs().headers['X-MS-APIM-Tokens']))['$ConnectionKey']"}}},"Get_job_title_labels":{"runAfter":{"Switch":["Succeeded"]},"type":"Compose","inputs":"@outputs('Get_associated_vacancy_record')?['body/pfc_jobtitles@OData.Community.Display.V1.FormattedValue']"},"isProgressed":{"actions":{"Set_varEmailMessage":{"runAfter":{},"type":"SetVariable","inputs":{"name":"EmailMessage","value":"<!DOCTYPE html>\n<html lang=\"en\">\n<head>\n    <meta charset=\"UTF-8\">\n    <meta name=\"viewport\" content=\"width=device-width, initial-scale=1.0\">\n    <title>Invitation to Telephone Interview</title>\n</head>\n<body>\n<p>Dear @{outputs('Get_associated_applicant_record')?['body/firstname']},</p>\n<br>\n<p>Thank you for applying to <b>Pathway for Care.</b></p>\n<p>My name is Ruby, and I am a People and Recruitment Manager for Pathway for Care. I am pleased to invite you to attend an interview with our team. </p>\n<br>\n<p>For your information, our interview process will take around 1 – 2 hours, on average, and depending on restrictions, may consist of three parts:</p>\n<ul>\n    <li>A panel interview</li>\n    <li>A group exercise</li>\n    <li>A third-party interview</li>\n</ul>\n<br>\n<p>Interviews will be held from @{formatDateTime(variables('InterviewsStartDate'), 'D')} at @{formatDateTime(variables('InterviewsStartDate'), 't')} to @{formatDateTime(variables('InterviewsEndDate'), 'D')} at @{formatDateTime(variables('InterviewsEndDate'), 't')}via Microsoft Teams.</p>\n<p>Please arrange your interview by clicking on the following link:</p>\n<br>\n<a\n        href=\"@{variables('BookingLink')}\">BOOK\n        NOW</a>\n<br>\n<p>Please make sure any relevant documentation is promptly submitted on arrival. See the checklist below:</p>\n<br>\n<ul>\n    <li>Eligibility to Work in the UK (Passport, ID cards & Residency Permits)</li>\n    <li>GDPR Information Consent Form</li>\n    <li>Qualifications / Training Certifications</li>\n<li>Confidential Disclosure of Criminal Convictions (DBS Criminal Conviction Form, submitted prior to interview). </li>\n</ul>\n<br>\n<p>If you are successful, you will be notified in writing within 14 days. </p>\n<p>I look forward to hearing from you.</p>\n<p>Kind regards,</p>\n<p>Ruby Seera </p>\n<p>People and Recruitment Manager</p>\n    <br>\n    <img alt=\"Pathway for Care Ltd\" border=\"0\" height=\"70\" src=\"https://www.pathwayforcare.com/sig_files/logo.png\"\n        width=\"248\" />\n    <br>\n    <p>+44 (0) 1293 301 920 </p>\n<a href=\"mailto:Ruby.Seera@pathwayforcare.com\">Ruby.Seera@pathwayforcare.com</a>\n<p>Pathway for Care Ltd</p>\n<p>3, Manor Royal, Crawley, West Sussex, RH10 9LU</p>\n</body>\n</html>"}},"Create_email_message_record":{"runAfter":{"Get_confidential_disclosure_form_file_content":["Succeeded"]},"type":"OpenApiConnection","inputs":{"host":{"connectionName":"shared_commondataserviceforapps_1","operationId":"CreateRecord","apiId":"/providers/Microsoft.PowerApps/apis/shared_commondataserviceforapps"},"parameters":{"entityName":"emails","item/activitypointer_activity_parties":[{"participationtypemask":1,"partyid@odata.bind":"queues(@{outputs('Get_From_queue')?['body/queueid']})"},{"participationtypemask":2,"partyid@odata.bind":"contacts(@{outputs('Get_associated_applicant_record')?['body/contactid']})"}],"item/description":"@variables('EmailMessage')","item/regardingobjectid_pfc_vacancyapplication_email@odata.bind":"pfc_vacancyapplications(@{outputs('Get_associated_vacancy_application_record')?['body/pfc_vacancyapplicationid']})","item/subject":"Invitation to a ‘Face-to-Face’ interview with Pathway for Care  "},"authentication":{"type":"Raw","value":"@json(decodeBase64(triggerOutputs().headers['X-MS-APIM-Tokens']))['$ConnectionKey']"}}},"Send_email_message":{"runAfter":{"Add_a_new_confidential_disclosure_form_attachment_row":["Succeeded"]},"type":"OpenApiConnection","inputs":{"host":{"connectionName":"shared_commondataserviceforapps_1","operationId":"PerformBoundAction","apiId":"/providers/Microsoft.PowerApps/apis/shared_commondataserviceforapps"},"parameters":{"entityName":"emails","actionName":"Microsoft.Dynamics.CRM.SendEmail","recordId":"@outputs('Create_email_message_record')?['body/activityid']","item/IssueSend":true,"item/TrackingToken":"@{outputs('Get_associated_vacancy_application_record')?['body/pfc_no']}: @{outputs('Get_job_title_labels')}, @{outputs('Get_associated_site_record')?['body/name']}"},"authentication":{"type":"Raw","value":"@json(decodeBase64(triggerOutputs().headers['X-MS-APIM-Tokens']))['$ConnectionKey']"}}},"Update_vacancy_application_record":{"runAfter":{"Update_a_process_log_record_status_progressed":["Succeeded"]},"type":"OpenApiConnection","inputs":{"host":{"connectionName":"shared_commondataserviceforapps_1","operationId":"UpdateRecord","apiId":"/providers/Microsoft.PowerApps/apis/shared_commondataserviceforapps"},"parameters":{"entityName":"pfc_vacancyapplications","recordId":"@outputs('Get_associated_vacancy_application_record')?['body/pfc_vacancyapplicationid']","item/pfc_datetelephoneinterviewfeedbacksent":"@outputs('Create_email_message_record')?['body/createdon']"},"authentication":{"type":"Raw","value":"@json(decodeBase64(triggerOutputs().headers['X-MS-APIM-Tokens']))['$ConnectionKey']"}}},"Update_a_process_log_record_status_progressed":{"runAfter":{"Send_email_message":["Succeeded"]},"type":"OpenApiConnection","inputs":{"host":{"connectionName":"shared_commondataserviceforapps_1","operationId":"UpdateRecord","apiId":"/providers/Microsoft.PowerApps/apis/shared_commondataserviceforapps"},"parameters":{"entityName":"workflowlogs","recordId":"@triggerBody()?['entity']?['entity']?['FlowsWorkflowLogId']","item/status":2,"item/message":"Progressed to Next Stage Email Sent"},"authentication":{"type":"Raw","value":"@json(decodeBase64(triggerOutputs().headers['X-MS-APIM-Tokens']))['$ConnectionKey']"}}},"Get_gdpr_consent_form_file_content":{"runAfter":{"Set_varEmailMessage":["Succeeded"]},"metadata":{"%252fPFC%2bOrganization%2bManagement%252f1.7%2bStandard%2bDocuments%252f1.7.3%2bManaging%2bPeople%252fRecruitment%252f146%2bGDPR%2bConsent%2bForm.docx":"/PFC Organization Management/1.7 Standard Documents/1.7.3 Managing People/Recruitment/146 GDPR Consent Form.docx"},"type":"OpenApiConnection","inputs":{"host":{"connectionName":"shared_sharepointonline","operationId":"GetFileContent","apiId":"/providers/Microsoft.PowerApps/apis/shared_sharepointonline"},"parameters":{"dataset":"https://transforminghealthcare.sharepoint.com/sites/PathwayforCareQC","id":"%252fPFC%2bOrganization%2bManagement%252f1.7%2bStandard%2bDocuments%252f1.7.3%2bManaging%2bPeople%252fRecruitment%252f146%2bGDPR%2bConsent%2bForm.docx","inferContentType":true},"authentication":{"type":"Raw","value":"@json(decodeBase64(triggerOutputs().headers['X-MS-APIM-Tokens']))['$ConnectionKey']"}}},"Get_confidential_disclosure_form_file_content":{"runAfter":{"Get_gdpr_consent_form_file_content":["Succeeded"]},"metadata":{"%252fPFC%2bOrganization%2bManagement%252f1.7%2bStandard%2bDocuments%252f1.7.3%2bManaging%2bPeople%252fRecruitment%252f146%2bGDPR%2bConsent%2bForm.docx":"/PFC Organization Management/1.7 Standard Documents/1.7.3 Managing People/Recruitment/146 GDPR Consent Form.docx","%252fPFC%2bOrganization%2bManagement%252f1.7%2bStandard%2bDocuments%252f1.7.3%2bManaging%2bPeople%252fRecruitment%252f121%2bConfidential%2bDisclosure%2bForm.docx":"/PFC Organization Management/1.7 Standard Documents/1.7.3 Managing People/Recruitment/121 Confidential Disclosure Form.docx","%252fPFC%2bOrganization%2bManagement%252f1.7%2bStandard%2bDocuments%252f1.7.3%2bManaging%2bPeople%252fRecruitment%252f121%2bDisclosure%2bof%2bCriminal%2bConvictions%2bForm.docx":"/PFC Organization Management/1.7 Standard Documents/1.7.3 Managing People/Recruitment/121 Disclosure of Criminal Convictions Form.docx"},"type":"OpenApiConnection","inputs":{"host":{"connectionName":"shared_sharepointonline","operationId":"GetFileContent","apiId":"/providers/Microsoft.PowerApps/apis/shared_sharepointonline"},"parameters":{"dataset":"https://transforminghealthcare.sharepoint.com/sites/PathwayforCareQC","id":"%252fPFC%2bOrganization%2bManagement%252f1.7%2bStandard%2bDocuments%252f1.7.3%2bManaging%2bPeople%252fRecruitment%252f121%2bDisclosure%2bof%2bCriminal%2bConvictions%2bForm.docx","inferContentType":true},"authentication":{"type":"Raw","value":"@json(decodeBase64(triggerOutputs().headers['X-MS-APIM-Tokens']))['$ConnectionKey']"}}},"Add_a_new_gdpr_consent_form_attachment_row":{"runAfter":{"Create_email_message_record":["Succeeded"]},"type":"OpenApiConnection","inputs":{"host":{"connectionName":"shared_commondataserviceforapps","operationId":"CreateRecord","apiId":"/providers/Microsoft.PowerApps/apis/shared_commondataserviceforapps"},"parameters":{"entityName":"activitymimeattachments","item/attachmentid@odata.bind":"@if(empty(triggerOutputs()?['body/_activitymimeattachmentid_value']), '', concat('systemusers(', triggerOutputs()?['body/_activitymimeattachmentid_value'], ')'))","item/objecttypecode":"email","item/objectid_email@odata.bind":"emails(@{outputs('Create_email_message_record')?['body/activityid']})","item/body":"@base64(outputs('Get_gdpr_consent_form_file_content')?['body'])","item/filename":"GDPR Consent Form","item/mimetype":"@variables('MimeType')"},"authentication":{"type":"Raw","value":"@json(decodeBase64(triggerOutputs().headers['X-MS-APIM-Tokens']))['$ConnectionKey']"}}},"Add_a_new_confidential_disclosure_form_attachment_row":{"runAfter":{"Add_a_new_gdpr_consent_form_attachment_row":["Succeeded"]},"type":"OpenApiConnection","inputs":{"host":{"connectionName":"shared_commondataserviceforapps","operationId":"CreateRecord","apiId":"/providers/Microsoft.PowerApps/apis/shared_commondataserviceforapps"},"parameters":{"entityName":"activitymimeattachments","item/attachmentid@odata.bind":"@if(empty(triggerOutputs()?['body/_activitymimeattachmentid_value']), '', concat('systemusers(', triggerOutputs()?['body/_activitymimeattachmentid_value'], ')'))","item/objecttypecode":"email","item/objectid_email@odata.bind":"emails(@{outputs('Create_email_message_record')?['body/activityid']})","item/body":"@base64(outputs('Get_confidential_disclosure_form_file_content')?['body'])","item/filename":"Confidential Disclosure Form","item/mimetype":"@variables('MimeType')"},"authentication":{"type":"Raw","value":"@json(decodeBase64(triggerOutputs().headers['X-MS-APIM-Tokens']))['$ConnectionKey']"}}}},"runAfter":{"Get_job_title_labels":["Succeeded"]},"else":{"actions":{"isNotProgressed":{"actions":{"Set_varEmailMessage_isNotProgressed":{"runAfter":{},"type":"SetVariable","inputs":{"name":"EmailMessage","value":"<!DOCTYPE html>\n<html lang=\"en\">\n<head>\n    <meta charset=\"UTF-8\">\n    <meta name=\"viewport\" content=\"width=device-width, initial-scale=1.0\">\n    <title>Invitation to Telephone Interview</title>\n</head>\n<body>\n<p>Dear @{outputs('Get_associated_applicant_record')?['body/firstname']},</p>\n<br>\n<p>Thank you for your interest in Pathway for Care and the time you have invested in applying for the\n  @{outputs('Get_job_title_labels')} opening.</p>\n<br>\n<p>Unfortunately, we are unable to offer you a place in the next stage of our recruitment sequence but we appreciate your involvement in the process.</p>\n<br>\n<p>We will be advertising further positions in the near future and do hope that you consider re-applying. </p>\n<br>\n<p>All the best for the future.</p>\n<p>Yours sincerely,</p>\n<p>Ruby Seera </p>\n<p>People and Recruitment Manager</p>\n    <br>\n    <img alt=\"Pathway for Care Ltd\" border=\"0\" height=\"70\" src=\"https://www.pathwayforcare.com/sig_files/logo.png\"\n        width=\"248\" />\n    <br>\n    <p>+44 (0) 1293 301 920 </p>\n<a href=\"Ruby.Seera@pathwayforcare.com\">Ruby.Seera@pathwayforcare.com</a>\n<p>Pathway for Care Ltd</p>\n<p>3, Manor Royal, Crawley, West Sussex, RH10 9LU</p>\n</body>\n</html>\n</html>"}},"Create_email_message_record_isNotShortlisted":{"runAfter":{"Set_varEmailMessage_isNotProgressed":["Succeeded"]},"type":"OpenApiConnection","inputs":{"host":{"connectionName":"shared_commondataserviceforapps","operationId":"CreateRecord","apiId":"/providers/Microsoft.PowerApps/apis/shared_commondataserviceforapps"},"parameters":{"entityName":"emails","item/activitypointer_activity_parties":[{"participationtypemask":1,"partyid@odata.bind":"queues(@{outputs('Get_From_queue')?['body/queueid']})"},{"participationtypemask":2,"partyid@odata.bind":"contacts(@{outputs('Get_associated_applicant_record')?['body/contactid']})"}],"item/description":"@variables('EmailMessage')","item/regardingobjectid_pfc_vacancyapplication_email@odata.bind":"pfc_vacancyapplications(@{outputs('Get_associated_vacancy_application_record')?['body/pfc_vacancyapplicationid']})","item/subject":"Feedback about Interview with Pathway for Care "},"authentication":{"type":"Raw","value":"@json(decodeBase64(triggerOutputs().headers['X-MS-APIM-Tokens']))['$ConnectionKey']"}}},"Send_email_message_isNotShortlisted":{"runAfter":{"Create_email_message_record_isNotShortlisted":["Succeeded"]},"type":"OpenApiConnection","inputs":{"host":{"connectionName":"shared_commondataserviceforapps","operationId":"PerformBoundAction","apiId":"/providers/Microsoft.PowerApps/apis/shared_commondataserviceforapps"},"parameters":{"entityName":"emails","actionName":"Microsoft.Dynamics.CRM.SendEmail","recordId":"@outputs('Create_email_message_record_isNotShortlisted')?['body/activityid']","item/IssueSend":true,"item/TrackingToken":"@{outputs('Get_associated_vacancy_application_record')?['body/pfc_no']}: @{outputs('Get_job_title_labels')}, @{outputs('Get_associated_site_record')?['body/name']}"},"authentication":{"type":"Raw","value":"@json(decodeBase64(triggerOutputs().headers['X-MS-APIM-Tokens']))['$ConnectionKey']"}}},"Update_vacancy_application_record_isNotShortlisted":{"runAfter":{"Update_a_process_log_record_status_as_not_progressed":["Succeeded"]},"type":"OpenApiConnection","inputs":{"host":{"connectionName":"shared_commondataserviceforapps","operationId":"UpdateRecord","apiId":"/providers/Microsoft.PowerApps/apis/shared_commondataserviceforapps"},"parameters":{"entityName":"pfc_vacancyapplications","recordId":"@outputs('Get_associated_vacancy_application_record')?['body/pfc_vacancyapplicationid']","item/pfc_datetelephoneinterviewfeedbacksent":"@outputs('Create_email_message_record_isNotShortlisted')?['body/createdon']"},"authentication":{"type":"Raw","value":"@json(decodeBase64(triggerOutputs().headers['X-MS-APIM-Tokens']))['$ConnectionKey']"}}},"Update_a_process_log_record_status_as_not_progressed":{"runAfter":{"Send_email_message_isNotShortlisted":["Succeeded"]},"type":"OpenApiConnection","inputs":{"host":{"connectionName":"shared_commondataserviceforapps","operationId":"UpdateRecord","apiId":"/providers/Microsoft.PowerApps/apis/shared_commondataserviceforapps"},"parameters":{"entityName":"workflowlogs","recordId":"@triggerBody()?['entity']?['entity']?['FlowsWorkflowLogId']","item/status":2,"item/message":"Not Progressed Email Sent"},"authentication":{"type":"Raw","value":"@json(decodeBase64(triggerOutputs().headers['X-MS-APIM-Tokens']))['$ConnectionKey']"}}}},"runAfter":{},"else":{"actions":{"Update_a_process_log_record_status_as_failed":{"runAfter":{},"type":"OpenApiConnection","inputs":{"host":{"connectionName":"shared_commondataserviceforapps","operationId":"UpdateRecord","apiId":"/providers/Microsoft.PowerApps/apis/shared_commondataserviceforapps"},"parameters":{"entityName":"workflowlogs","recordId":"@triggerBody()?['entity']?['entity']?['FlowsWorkflowLogId']","item/status":3,"item/errortext":"Interview Hasn't been Scheduled"},"authentication":{"type":"Raw","value":"@json(decodeBase64(triggerOutputs().headers['X-MS-APIM-Tokens']))['$ConnectionKey']"}}}}},"expression":{"equals":["@outputs('Get_associated_vacancy_application_record')?['body/pfc_progresstofacetofaceinterview']",229330001]},"type":"If"}}},"expression":{"and":[{"and":[{"equals":["@outputs('Get_associated_vacancy_application_record')?['body/pfc_progresstofacetofaceinterview']",229330000]},{"not":{"equals":["@outputs('Get_associated_vacancy_application_record')?['body/pfc_facetofaceinterviewstartdate']","@null"]}},{"not":{"equals":["@outputs('Get_associated_vacancy_application_record')?['body/pfc_facetofaceinterviewenddate']","@null"]}}]}]},"type":"If"},"Switch":{"runAfter":{"Get_associated_site_record":["Succeeded"]},"cases":{"CasePrinsted":{"case":"Prinsted","actions":{"Set_varBookingLinkPrinsted":{"runAfter":{},"type":"SetVariable","inputs":{"name":"BookingLink","value":"https://outlook.office365.com/owa/calendar/PFCPrinsted@transforming.healthcare/bookings/s/lz-nqQyX90SXrwOy5MOFFw2"}}}},"CaseHorsham":{"case":"Horsham Road","actions":{"Set_varBookingLinkHorsham":{"runAfter":{},"type":"SetVariable","inputs":{"name":"BookingLink","value":"https://outlook.office365.com/owa/calendar/PFCHorshamRoad@transforming.healthcare/bookings/s/kRXNlaqUIUWS4a_igX0nLQ2"}}}},"CaseChipstead":{"case":"Chipstead","actions":{"Set_varBookingLinkChipstead":{"runAfter":{},"type":"SetVariable","inputs":{"name":"BookingLink","value":"https://outlook.office365.com/owa/calendar/PFCChipsteadLodge@transforming.healthcare/bookings/s/sQ-3FRy3rEuv8OO6t1ZgHA2"}}}},"CaseTemple":{"case":"Temple Road","actions":{"Set_varBookingLinkTemple":{"runAfter":{},"type":"SetVariable","inputs":{"name":"BookingLink","value":"https://outlook.office365.com/owa/calendar/PFCTempleRoad@transforming.healthcare/bookings/s/O8qygdY-AEqWzRTyWZ9KQQ2"}}}},"CaseStJulians":{"case":"St Julians Farm Road","actions":{"Set_varBookingLinkStJulians":{"runAfter":{},"type":"SetVariable","inputs":{"name":"BookingLink","value":"https://outlook.office365.com/owa/calendar/PFCStJuliansFarmRoad@transforming.healthcare/bookings/s/n-htNzR5j0CnT58jRI8Z6w2"}}}},"CaseCheadle":{"case":"The Cornerstone","actions":{"Set_varBookingLinkCheadle":{"runAfter":{},"type":"SetVariable","inputs":{"name":"BookingLink","value":"https://outlook.office365.com/owa/calendar/PFCTheCornerstone@transforming.healthcare/bookings/s/zJbjoXiaUEeROSduufXgJg2"}}}},"CaseHeadOffice":{"case":"Pathway for Care Ltd","actions":{"Set_varBookingLinkHead":{"runAfter":{},"type":"SetVariable","inputs":{"name":"BookingLink","value":"https://outlook.office365.com/owa/calendar/PathwayForCareLtd@transforming.healthcare/bookings/s/LHfFOZvDmEGaY1jafOMtJA2"}}}},"CaseTravellers":{"case":"Travellers Friend","actions":{"Set_varBookingLinkTravellers":{"runAfter":{},"type":"SetVariable","inputs":{"name":"BookingLink","value":"https://outlook.office365.com/owa/calendar/PFCTravellersFriend@transforming.healthcare/bookings/s/E790FlwnekmPffUBBAq08g2"}}}}},"default":{"actions":{"Set_varBookingLinkTest":{"runAfter":{},"type":"SetVariable","inputs":{"name":"BookingLink","value":"https://outlook.office365.com/owa/calendar/pfcrecruitment@transforming.healthcare/bookings/s/jaAvgLb9e0yadK9pU3MzOg2"}}}},"expression":"@outputs('Get_associated_site_record')?['body/name']","type":"Switch"}},"runAfter":{"Init_varMimeType":["Succeeded"]},"else":{"actions":{"Update_a_process_log_record_status_as_canceled":{"runAfter":{},"type":"OpenApiConnection","inputs":{"host":{"connectionName":"shared_commondataserviceforapps_1","operationId":"UpdateRecord","apiId":"/providers/Microsoft.PowerApps/apis/shared_commondataserviceforapps"},"parameters":{"entityName":"workflowlogs","recordId":"@triggerBody()?['entity']?['entity']?['FlowsWorkflowLogId']","item/status":4,"item/errortext":"Interview Feedback Already Sent"},"authentication":{"type":"Raw","value":"@json(decodeBase64(triggerOutputs().headers['X-MS-APIM-Tokens']))['$ConnectionKey']"}}}}},"expression":{"equals":["@outputs('Get_associated_vacancy_application_record')?['body/pfc_datetelephoneinterviewfeedbacksent']","@null"]},"type":"If"},"Init_varBookingLink":{"runAfter":{"Init_varInterviewsEndDate":["Succeeded"]},"type":"InitializeVariable","inputs":{"variables":[{"name":"BookingLink","type":"string"}]}},"Init_varMimeType":{"runAfter":{"Init_varBookingLink":["Succeeded"]},"type":"InitializeVariable","inputs":{"variables":[{"name":"MimeType","type":"string","value":"application/vnd.openxmlformats-officedocument.wordprocessingml.document"}]}}},"outputs":{}}},"schemaVersion":"1.0.0.0"}