{"properties":{"connectionReferences":{"shared_commondataserviceforapps_1":{"runtimeSource":"embedded","connection":{"connectionReferenceLogicalName":"pfc_SDynamicsServiceUser2CDS"},"api":{"name":"shared_commondataserviceforapps"}}},"definition":{"$schema":"https://schema.management.azure.com/providers/Microsoft.Logic/schemas/2016-06-01/workflowdefinition.json#","contentVersion":"1.0.0.0","parameters":{"$connections":{"defaultValue":{},"type":"Object"},"$authentication":{"defaultValue":{},"type":"SecureObject"}},"triggers":{"When_a_row_is_added,_modified_or_deleted":{"type":"OpenApiConnectionWebhook","inputs":{"host":{"connectionName":"shared_commondataserviceforapps_1","operationId":"SubscribeWebhookTrigger","apiId":"/providers/Microsoft.PowerApps/apis/shared_commondataserviceforapps"},"parameters":{"subscriptionRequest/message":3,"subscriptionRequest/entityname":"pfc_vacancyapplication","subscriptionRequest/scope":4,"subscriptionRequest/filteringattributes":"pfc_dateincompleteapplicationremindersent","subscriptionRequest/filterexpression":"(pfc_dateincompleteapplicationremindersent ne null)"},"authentication":"@parameters('$authentication')"}}},"actions":{"Initialize_variable_SettingsObject":{"runAfter":{},"type":"InitializeVariable","inputs":{"variables":[{"name":"SettingsObject","type":"object"}]}},"Delay":{"runAfter":{"Initialize_variable_SettingsObject":["Succeeded"]},"type":"Wait","inputs":{"interval":{"count":2,"unit":"Day"}}},"notFullySubmitted":{"actions":{"Set_variable_SettingsObject":{"runAfter":{},"type":"SetVariable","inputs":{"name":"SettingsObject","value":{"pfc_vacancyapplicationid":"@{triggerOutputs()?['body/pfc_vacancyapplicationid']}"}}},"Run_a_Child_Flow":{"runAfter":{"Set_variable_SettingsObject":["Succeeded"]},"type":"Workflow","inputs":{"host":{"workflowReferenceName":"cee115b3-a79e-eb11-b1ac-000d3a872d46"},"body":{"text":"@string(variables('SettingsObject'))"}}},"stillNotFullySubmitted":{"actions":{"Run_a_Child_Flow_Again":{"runAfter":{},"type":"Workflow","inputs":{"host":{"workflowReferenceName":"cee115b3-a79e-eb11-b1ac-000d3a872d46"},"body":{"text":"@string(variables('SettingsObject'))"}}},"Last_Delay_":{"runAfter":{"Run_a_Child_Flow_Again":["Succeeded"]},"type":"Wait","inputs":{"interval":{"count":7,"unit":"Day"}}},"Update_a_vacancy_application_row":{"runAfter":{"Last_Delay_":["Succeeded"]},"type":"OpenApiConnection","inputs":{"host":{"connectionName":"shared_commondataserviceforapps_1","operationId":"UpdateRecord","apiId":"/providers/Microsoft.PowerApps/apis/shared_commondataserviceforapps"},"parameters":{"entityName":"pfc_vacancyapplications","recordId":"@triggerOutputs()?['body/pfc_vacancyapplicationid']","item/statecode":1},"authentication":"@parameters('$authentication')"}}},"runAfter":{"Delay_Again":["Succeeded"]},"expression":{"not":{"equals":["@triggerOutputs()?['body/pfc_submissiondeclaration']",229330000]}},"type":"If"},"Delay_Again":{"runAfter":{"Run_a_Child_Flow":["Succeeded"]},"type":"Wait","inputs":{"interval":{"count":4,"unit":"Day"}}}},"runAfter":{"Delay":["Succeeded"]},"expression":{"not":{"equals":["@triggerOutputs()?['body/pfc_submissiondeclaration']",229330000]}},"type":"If"}},"outputs":{}}},"schemaVersion":"1.0.0.0"}