﻿<?xml version="1.0" encoding="utf-8"?>
<Workflow WorkflowId="{15c03c8d-754f-4386-a62c-cf7e91337ebd}" Name="Send Invitation" xmlns:xsi="http://www.w3.org/2001/XMLSchema-instance">
  <XamlFileName>/Workflows/SendInvitation-15C03C8D-754F-4386-A62C-CF7E91337EBD.xaml</XamlFileName>
  <Type>1</Type>
  <Subprocess>1</Subprocess>
  <Category>0</Category>
  <Mode>1</Mode>
  <Scope>4</Scope>
  <OnDemand>1</OnDemand>
  <TriggerOnCreate>0</TriggerOnCreate>
  <TriggerOnDelete>0</TriggerOnDelete>
  <AsyncAutodelete>1</AsyncAutodelete>
  <SyncWorkflowLogOnFailure>1</SyncWorkflowLogOnFailure>
  <StateCode>1</StateCode>
  <StatusCode>2</StatusCode>
  <RunAs>1</RunAs>
  <IsTransacted>1</IsTransacted>
  <IntroducedVersion>1.0</IntroducedVersion>
  <IsCustomProcessingStepAllowedForOtherPublishers>1</IsCustomProcessingStepAllowedForOtherPublishers>
  <PrimaryEntity>adx_invitation</PrimaryEntity>
  <LocalizedNames>
    <LocalizedName languagecode="1033" description="Send Invitation" />
  </LocalizedNames>
</Workflow>