{"properties":{"connectionReferences":{"shared_commondataserviceforapps":{"runtimeSource":"embedded","connection":{"connectionReferenceLogicalName":"pfc_sharedcommondataserviceforapps_17e15"},"api":{"name":"shared_commondataserviceforapps"}}},"definition":{"$schema":"https://schema.management.azure.com/providers/Microsoft.Logic/schemas/2016-06-01/workflowdefinition.json#","contentVersion":"1.0.0.0","parameters":{"$connections":{"defaultValue":{},"type":"Object"},"$authentication":{"defaultValue":{},"type":"SecureObject"}},"triggers":{"manual":{"splitOn":"@triggerBody()['rows']","type":"Request","kind":"ApiConnection","inputs":{"schema":{"type":"object","properties":{},"required":[]},"host":{"connection":{"name":"@parameters('$connections')['shared_commondataserviceforapps']['connectionId']"}},"operationId":"FlowStepRun","parameters":{}}}},"actions":{"Get_associated_vacancy_application_record":{"runAfter":{},"type":"OpenApiConnection","inputs":{"host":{"connectionName":"shared_commondataserviceforapps","operationId":"GetItem","apiId":"/providers/Microsoft.PowerApps/apis/shared_commondataserviceforapps"},"parameters":{"entityName":"pfc_vacancyapplications","recordId":"@triggerBody()?['entity']?['entity']?['BPFFlowStageEntityRecordId']"},"authentication":{"type":"Raw","value":"@json(decodeBase64(triggerOutputs().headers['X-MS-APIM-Tokens']))['$ConnectionKey']"}}},"ifAcceptedAndOfferNotSent":{"actions":{"Get_associated_applicant_record":{"runAfter":{},"type":"OpenApiConnection","inputs":{"host":{"connectionName":"shared_commondataserviceforapps","operationId":"GetItem","apiId":"/providers/Microsoft.PowerApps/apis/shared_commondataserviceforapps"},"parameters":{"entityName":"contacts","recordId":"@outputs('Get_associated_vacancy_application_record')?['body/_pfc_applicant_value']"},"authentication":{"type":"Raw","value":"@json(decodeBase64(triggerOutputs().headers['X-MS-APIM-Tokens']))['$ConnectionKey']"}}},"Get_associated_vacancy_record":{"runAfter":{"Get_associated_applicant_record":["Succeeded"]},"type":"OpenApiConnection","inputs":{"host":{"connectionName":"shared_commondataserviceforapps","operationId":"GetItem","apiId":"/providers/Microsoft.PowerApps/apis/shared_commondataserviceforapps"},"parameters":{"entityName":"pfc_vacancies","recordId":"@outputs('Get_associated_vacancy_application_record')?['body/_pfc_vacancy_value']"},"authentication":{"type":"Raw","value":"@json(decodeBase64(triggerOutputs().headers['X-MS-APIM-Tokens']))['$ConnectionKey']"}}},"Get_associated_site_record":{"runAfter":{"Get_associated_vacancy_record":["Succeeded"]},"type":"OpenApiConnection","inputs":{"host":{"connectionName":"shared_commondataserviceforapps","operationId":"GetItem","apiId":"/providers/Microsoft.PowerApps/apis/shared_commondataserviceforapps"},"parameters":{"entityName":"sites","recordId":"@outputs('Get_associated_vacancy_record')?['body/_pfc_site_value']"},"authentication":{"type":"Raw","value":"@json(decodeBase64(triggerOutputs().headers['X-MS-APIM-Tokens']))['$ConnectionKey']"}}},"Get_associated_user_record":{"runAfter":{"Get_associated_site_record":["Succeeded"]},"type":"OpenApiConnection","inputs":{"host":{"connectionName":"shared_commondataserviceforapps","operationId":"GetItem","apiId":"/providers/Microsoft.PowerApps/apis/shared_commondataserviceforapps"},"parameters":{"entityName":"systemusers","recordId":"@outputs('Get_associated_vacancy_record')?['body/_pfc_reportsto_value']"},"authentication":{"type":"Raw","value":"@json(decodeBase64(triggerOutputs().headers['X-MS-APIM-Tokens']))['$ConnectionKey']"}}},"Get_recruitment_team_queue_record":{"runAfter":{"Get_associated_user_record":["Succeeded"]},"type":"OpenApiConnection","inputs":{"host":{"connectionName":"shared_commondataserviceforapps","operationId":"GetItem","apiId":"/providers/Microsoft.PowerApps/apis/shared_commondataserviceforapps"},"parameters":{"entityName":"queues","recordId":"b87556e5-55f3-ea11-a815-000d3a86a8cf"},"authentication":{"type":"Raw","value":"@json(decodeBase64(triggerOutputs().headers['X-MS-APIM-Tokens']))['$ConnectionKey']"}}},"Get_job_title_labels":{"runAfter":{"Get_recruitment_team_queue_record":["Succeeded"]},"type":"Compose","inputs":"@outputs('Get_associated_vacancy_record')?['body/pfc_jobtitles@OData.Community.Display.V1.FormattedValue']"},"Get_hours_offered_labels":{"runAfter":{"Get_job_title_labels":["Succeeded"]},"type":"Compose","inputs":"@outputs('Get_associated_vacancy_application_record')?['body/pfc_numberofhoursoffered@OData.Community.Display.V1.FormattedValue']"},"Set_varDocsDate":{"runAfter":{"Set_varInterviewDate":["Succeeded"]},"type":"SetVariable","inputs":{"name":"DocsDate","value":"@{formatDateTime(outputs('Get_associated_vacancy_application_record')?['body/pfc_documentationappointmentdate'], 'D')}"}},"Set_varEmailMessage_accepted":{"runAfter":{"Set_varDocsTime":["Succeeded"]},"type":"SetVariable","inputs":{"name":"EmailMessage","value":"<!DOCTYPE html>\n<html lang=\"en\">\n<head>\n    <meta charset=\"UTF-8\">\n    <meta name=\"viewport\" content=\"width=device-width, initial-scale=1.0\">\n    <title>Employment Offer Email</title>\n</head>\n<body>\n    <h2>Private and Confidential</h2>\n    <h3>Reference: Interview Outcome and Offer of Employment</h3>\n    <p>Dear @{outputs('Get_associated_applicant_record')?['body/firstname']},</p>\n    <br>\n    <p>I am writing to confirm the outcome of your interview with @{outputs('Get_associated_user_record')?['body/fullname']} on @{variables('FaceInterviewDate')}. I am\n    delighted to confirm that you were successful at interview and we would like to offer you the role of @{outputs('Get_job_title_labels')}.</p>\n   <br>\n    <p>The offer of employment is as follows:</p>\n    <ul>\n        <li>Post: @{outputs('Get_job_title_labels')}</li>\n        <li>Salary: £ @{outputs('Get_associated_vacancy_application_record')?['body/pfc_salaryoffered']} per annum</li>\n        <li>Hours: @{outputs('Get_hours_offered_labels')} per week</li>\n        <li>Annual Leave Entitlement: 20 days plus Bank Holidays (pro-rata)</li>\n    </ul>\n    <br>\n    <p>Please find enclosed all relevant employment documents for you to complete and return as soon as possible.</p>\n    <p>As you are aware, this offer is subject to the receipt of satisfactory references and Enhanced DBS clearance. Failure to meet this requirement will result in the offer of employment being withdrawn.</p>\n    <p><strong>Please reply directly to this email to confim in writing if you wish to accept this offer within five working days.</strong></p>\n    <p>Please note that if your employment ends within the first six months, the full cost of the DBS administration fee will\n    be deducted from your salary. Training costs will also be\n    deducted.</p>\n    <p>If you have any further questions or need to clarify any of the above, please do not hesitate to contact me.</p>\n    <p>I would like to take this opportunity to welcome you to the Pathway For Care team and wish you well in your new role.</p>\n    <p>Yours sincerely,</p>\n    <p>@{outputs('Get_associated_user_record')?['body/fullname']}</p>\n    <p>@{outputs('Get_associated_user_record')?['body/title']}, Supported Living Services</p>\n       <br>\n        <img alt=\"Pathway for Care Ltd\" border=\"0\" \n                height=\"70\"\n                src=\"https://www.pathwayforcare.com/sig_files/logo.png\" \n                width=\"248\" />\n        <br>\n    <p>@{outputs('Get_associated_user_record')?['body/internalemailaddress']}</p>\n    <p>@{outputs('Get_associated_user_record')?['body/address1_telephone1']}</p>\n    <p>Pathway for Care Ltd</p>\n    <p>Hideaway Workspace, Office 21, 1 Empires Mews, Streatham, London SW16 2BF</p>\n</body>\n</html>"}},"Set_varInterviewDate":{"runAfter":{"Get_hours_offered_labels":["Succeeded"]},"type":"SetVariable","inputs":{"name":"FaceInterviewDate","value":"@{formatDateTime(outputs('Get_associated_vacancy_application_record')?['body/pfc_datefacetofaceinterviewscheduled'], 'D')}"}},"Set_varDocsTime":{"runAfter":{"Set_varDocsDate":["Succeeded"]},"type":"SetVariable","inputs":{"name":"DocsTime","value":"@{formatDateTime(outputs('Get_associated_vacancy_application_record')?['body/pfc_documentationappointmentdate'], 't')}"}},"Create_an_email_message_record_accepted":{"runAfter":{"Set_varEmailMessage_accepted":["Succeeded"]},"type":"OpenApiConnection","inputs":{"host":{"connectionName":"shared_commondataserviceforapps","operationId":"CreateRecord","apiId":"/providers/Microsoft.PowerApps/apis/shared_commondataserviceforapps"},"parameters":{"entityName":"emails","item/activitypointer_activity_parties":[{"participationtypemask":1,"partyid@odata.bind":"queues(@{outputs('Get_recruitment_team_queue_record')?['body/queueid']})"},{"participationtypemask":2,"partyid@odata.bind":"contacts(@{outputs('Get_associated_applicant_record')?['body/contactid']})"}],"item/description":"@variables('EmailMessage')","item/regardingobjectid_pfc_vacancyapplication_email@odata.bind":"pfc_vacancyapplications(@{outputs('Get_associated_vacancy_application_record')?['body/pfc_vacancyapplicationid']})","item/subject":"Feedback for Application with Pathway for Care:"},"authentication":{"type":"Raw","value":"@json(decodeBase64(triggerOutputs().headers['X-MS-APIM-Tokens']))['$ConnectionKey']"}}},"Perform_a_bound_action_send_email_accepted":{"runAfter":{"Create_an_email_message_record_accepted":["Succeeded"]},"type":"OpenApiConnection","inputs":{"host":{"connectionName":"shared_commondataserviceforapps","operationId":"PerformBoundAction","apiId":"/providers/Microsoft.PowerApps/apis/shared_commondataserviceforapps"},"parameters":{"entityName":"emails","actionName":"Microsoft.Dynamics.CRM.SendEmail","recordId":"@outputs('Create_an_email_message_record_accepted')?['body/activityid']","item/IssueSend":true,"item/TrackingToken":"@{outputs('Get_associated_vacancy_application_record')?['body/pfc_no']}: @{outputs('Get_job_title_labels')}, @{outputs('Get_associated_site_record')?['body/name']}"},"authentication":{"type":"Raw","value":"@json(decodeBase64(triggerOutputs().headers['X-MS-APIM-Tokens']))['$ConnectionKey']"}}},"Update_associated_process_log_record_accepted_succeeded":{"runAfter":{"Perform_a_bound_action_send_email_accepted":["Succeeded"]},"type":"OpenApiConnection","inputs":{"host":{"connectionName":"shared_commondataserviceforapps","operationId":"UpdateRecord","apiId":"/providers/Microsoft.PowerApps/apis/shared_commondataserviceforapps"},"parameters":{"entityName":"workflowlogs","recordId":"@triggerBody()?['entity']?['entity']?['FlowsWorkflowLogId']","item/status":2},"authentication":{"type":"Raw","value":"@json(decodeBase64(triggerOutputs().headers['X-MS-APIM-Tokens']))['$ConnectionKey']"}}},"Update_associated_vacancy_application_record_accepted":{"runAfter":{"Update_associated_process_log_record_accepted_succeeded":["Succeeded"]},"type":"OpenApiConnection","inputs":{"host":{"connectionName":"shared_commondataserviceforapps","operationId":"UpdateRecord","apiId":"/providers/Microsoft.PowerApps/apis/shared_commondataserviceforapps"},"parameters":{"entityName":"pfc_vacancyapplications","recordId":"@outputs('Get_associated_vacancy_application_record')?['body/pfc_vacancyapplicationid']","item/pfc_datejoboffersent":"@outputs('Create_an_email_message_record_accepted')?['body/createdon']"},"authentication":{"type":"Raw","value":"@json(decodeBase64(triggerOutputs().headers['X-MS-APIM-Tokens']))['$ConnectionKey']"}}}},"runAfter":{"Init_varMimeType":["Succeeded"]},"else":{"actions":{"Update_associated_process_log_record_failed":{"runAfter":{},"type":"OpenApiConnection","inputs":{"host":{"connectionName":"shared_commondataserviceforapps","operationId":"UpdateRecord","apiId":"/providers/Microsoft.PowerApps/apis/shared_commondataserviceforapps"},"parameters":{"entityName":"workflowlogs","recordId":"@triggerBody()?['entity']?['entity']?['FlowsWorkflowLogId']","item/status":3,"item/errortext":"Email Already Sent"},"authentication":{"type":"Raw","value":"@json(decodeBase64(triggerOutputs().headers['X-MS-APIM-Tokens']))['$ConnectionKey']"}}}}},"expression":{"or":[{"and":[{"equals":["@outputs('Get_associated_vacancy_application_record')?['body/pfc_datejoboffersent']","@null"]},{"equals":["@outputs('Get_associated_vacancy_application_record')?['body/pfc_courtesycalloutcome']",229330001]}]},{"and":[{"equals":["@outputs('Get_associated_vacancy_application_record')?['body/pfc_datejoboffersent']","@null"]},{"equals":["@outputs('Get_associated_vacancy_application_record')?['body/pfc_courtesycalloutcome']",229330000]},{"equals":["@outputs('Get_associated_vacancy_application_record')?['body/pfc_followupoutcome']",229330000]}]}]},"type":"If"},"Init_varEmailMessage":{"runAfter":{"Get_associated_vacancy_application_record":["Succeeded"]},"type":"InitializeVariable","inputs":{"variables":[{"name":"EmailMessage","type":"string"}]}},"Init_varDocsDate":{"runAfter":{"Init_varEmailMessage":["Succeeded"]},"type":"InitializeVariable","inputs":{"variables":[{"name":"DocsDate","type":"string"}]}},"Init_varInterviewDate":{"runAfter":{"Init_varDocsTime":["Succeeded"]},"type":"InitializeVariable","inputs":{"variables":[{"name":"FaceInterviewDate","type":"string"}]}},"Init_varMimeType":{"runAfter":{"Init_varInterviewDate":["Succeeded"]},"type":"InitializeVariable","inputs":{"variables":[{"name":"MimeType","type":"string","value":"application/vnd.openxmlformats-officedocument.wordprocessingml.document"}]}},"Init_varDocsTime":{"runAfter":{"Init_varDocsDate":["Succeeded"]},"type":"InitializeVariable","inputs":{"variables":[{"name":"DocsTime","type":"string"}]}}},"outputs":{}}},"schemaVersion":"1.0.0.0"}