{"properties":{"connectionReferences":{"shared_commondataserviceforapps_1":{"runtimeSource":"embedded","connection":{"connectionReferenceLogicalName":"pfc_SDynamicsServiceUser2CDS"},"api":{"name":"shared_commondataserviceforapps"}}},"definition":{"$schema":"https://schema.management.azure.com/providers/Microsoft.Logic/schemas/2016-06-01/workflowdefinition.json#","contentVersion":"1.0.0.0","parameters":{"$connections":{"defaultValue":{},"type":"Object"},"$authentication":{"defaultValue":{},"type":"SecureObject"}},"triggers":{"manual":{"type":"Request","kind":"Button","inputs":{"schema":{"type":"object","properties":{"text":{"title":"pfc_vacancyapplicationid","type":"string","x-ms-dynamically-added":true,"description":"Please enter your input","x-ms-content-hint":"TEXT"}},"required":["text"]}}}},"actions":{"Parse_JSON":{"runAfter":{},"type":"ParseJson","inputs":{"content":"@triggerBody()['text']","schema":{"type":"object","properties":{"pfc_vacancyapplicationid":{"type":"string"}}}}},"Get_vacancy_application_row_by_ID":{"runAfter":{"Initialize_variable_EmailMessage":["Succeeded"]},"type":"OpenApiConnection","inputs":{"host":{"connectionName":"shared_commondataserviceforapps_1","operationId":"GetItem","apiId":"/providers/Microsoft.PowerApps/apis/shared_commondataserviceforapps"},"parameters":{"entityName":"pfc_vacancyapplications","recordId":"@body('Parse_JSON')?['pfc_vacancyapplicationid']"},"authentication":{"type":"Raw","value":"@json(decodeBase64(triggerOutputs().headers['X-MS-APIM-Tokens']))['$ConnectionKey']"}}},"Initialize_variable_EmailMessage":{"runAfter":{"Parse_JSON":["Succeeded"]},"type":"InitializeVariable","inputs":{"variables":[{"name":"EmailMessage","type":"string"}]}},"Get_associated_contact_row_by_ID":{"runAfter":{"Get_vacancy_application_row_by_ID":["Succeeded"]},"type":"OpenApiConnection","inputs":{"host":{"connectionName":"shared_commondataserviceforapps_1","operationId":"GetItem","apiId":"/providers/Microsoft.PowerApps/apis/shared_commondataserviceforapps"},"parameters":{"entityName":"contacts","recordId":"@outputs('Get_vacancy_application_row_by_ID')?['body/_pfc_applicant_value']"},"authentication":{"type":"Raw","value":"@json(decodeBase64(triggerOutputs().headers['X-MS-APIM-Tokens']))['$ConnectionKey']"}}},"Get_associated_vacancy_row_by_ID":{"runAfter":{"Get_associated_contact_row_by_ID":["Succeeded"]},"type":"OpenApiConnection","inputs":{"host":{"connectionName":"shared_commondataserviceforapps_1","operationId":"GetItem","apiId":"/providers/Microsoft.PowerApps/apis/shared_commondataserviceforapps"},"parameters":{"entityName":"pfc_vacancies","recordId":"@outputs('Get_vacancy_application_row_by_ID')?['body/_pfc_vacancy_value']"},"authentication":{"type":"Raw","value":"@json(decodeBase64(triggerOutputs().headers['X-MS-APIM-Tokens']))['$ConnectionKey']"}}},"Get_associated_user_row_by_ID":{"runAfter":{"Get_associated_vacancy_row_by_ID":["Succeeded"]},"type":"OpenApiConnection","inputs":{"host":{"connectionName":"shared_commondataserviceforapps_1","operationId":"GetItem","apiId":"/providers/Microsoft.PowerApps/apis/shared_commondataserviceforapps"},"parameters":{"entityName":"systemusers","recordId":"@outputs('Get_associated_vacancy_row_by_ID')?['body/_pfc_reportsto_value']"},"authentication":{"type":"Raw","value":"@json(decodeBase64(triggerOutputs().headers['X-MS-APIM-Tokens']))['$ConnectionKey']"}}},"Get_associated_site_row_by_ID":{"runAfter":{"Get_associated_user_row_by_ID":["Succeeded"]},"type":"OpenApiConnection","inputs":{"host":{"connectionName":"shared_commondataserviceforapps_1","operationId":"GetItem","apiId":"/providers/Microsoft.PowerApps/apis/shared_commondataserviceforapps"},"parameters":{"entityName":"sites","recordId":"@outputs('Get_associated_vacancy_row_by_ID')?['body/_pfc_site_value']"},"authentication":{"type":"Raw","value":"@json(decodeBase64(triggerOutputs().headers['X-MS-APIM-Tokens']))['$ConnectionKey']"}}},"Get_associated_queue_row_by_ID":{"runAfter":{"Get_associated_site_row_by_ID":["Succeeded"]},"type":"OpenApiConnection","inputs":{"host":{"connectionName":"shared_commondataserviceforapps_1","operationId":"GetItem","apiId":"/providers/Microsoft.PowerApps/apis/shared_commondataserviceforapps"},"parameters":{"entityName":"queues","recordId":"b87556e5-55f3-ea11-a815-000d3a86a8cf"},"authentication":{"type":"Raw","value":"@json(decodeBase64(triggerOutputs().headers['X-MS-APIM-Tokens']))['$ConnectionKey']"}}},"Compose_job_title_label":{"runAfter":{"Get_associated_queue_row_by_ID":["Succeeded"]},"type":"Compose","inputs":"@outputs('Get_associated_vacancy_row_by_ID')?['body/pfc_jobtitles@OData.Community.Display.V1.FormattedValue']\r\n"},"Set_variable_Email_Message":{"runAfter":{"Compose_job_title_label":["Succeeded"]},"type":"SetVariable","inputs":{"name":"EmailMessage","value":"<!DOCTYPE html PUBLIC \"-//W3C//DTD XHTML 1.0 Transitional//EN\" \"http://www.w3.org/TR/xhtml1/DTD/xhtml1-transitional.dtd\">\n<html lang=\"en\">\n<head>\n    <meta http-equiv=\"Content-Type\" content=\"text/html charset=UTF-8\">\n    <meta name=\"viewport\" content=\"width=device-width, initial-scale=1.0\">\n    <title>Invitation to Telephone Interview</title>\n</head>\n<body style=\"max-width: 600px;\">\n    <p>Dear @{outputs('Get_associated_contact_row_by_ID')?['body/firstname']},</p>\n    <p>Thank you for applying for the @{outputs('Compose_job_title_label')} role here at <b>Pathway for Care</b>.</p>\n    <p>My name is @{outputs('Get_associated_user_row_by_ID')?['body/fullname']}, and I am a @{outputs('Get_associated_user_row_by_ID')?['body/title']} at @{outputs('Get_associated_site_row_by_ID')?['body/name']}.</p>\n\n<p>I just wanted to point out that your application has been received but is incomplete so cannot be considered for shortlisting. To complete your application take the following steps:</p><br>\n\n<p>1. Sign In to the web portal and access the Profile menu by clicking on your name in the menu bar; then select the Partial Applications option (see screen shot):</p><br>\n\n<img src=\"https://www.pathwayforcare.com/portal_files/PartialApplications.png\" alt=\"The Partial Applications menu item\" style=\"max-width: 100%; height: auto;\"><br>\n\n<p>2. From the Partial Applications page, open your partially completed application by clicking on the link in the Application No column of the table (see screen shot):</p><br>\n\n<img src=\"https://www.pathwayforcare.com/portal_files/ApplicationLink.png\" alt=\"The Partial Applications page and table\" style=\"max-width: 100%; height: auto;\"><br>\n\n<p>3. To complete your application you must fill in all required fields and set the Submission Declaration field value to 'Yes' (see screen shot):</p><br>\n\n<img src=\"https://www.pathwayforcare.com/portal_files/SubmitDec.png\" alt=\"The Partial Applications page and table\" style=\"max-width: 100%; height: auto;\"><br>\n\n    <p>I wish you the best of luck.</p>\n    <p>Kind regards,</p>\n    <p>@{outputs('Get_associated_user_row_by_ID')?['body/fullname']}</p>\n    <p>@{outputs('Get_associated_user_row_by_ID')?['body/title']}</p>\n    <br>\n    <img alt=\"Pathway for Care Ltd\" border=\"0\" src=\"https://www.pathwayforcare.com/sig_files/logo.png\" style=\"max-width: 100%; height: auto;\">\n    <br>\n<p>@{outputs('Get_associated_user_row_by_ID')?['body/internalemailaddress']}</p>\n<p>@{outputs('Get_associated_user_row_by_ID')?['body/address1_telephone1']}</p><p>\n</p><p>Pathway for Care Ltd</p>\n<p>3 Manor Royal, Crawley, West Sussex, RH10 9LU</p>\n</body>\n</html>"}},"Add_a_new_email_message_row":{"runAfter":{"Set_variable_Email_Message":["Succeeded"]},"type":"OpenApiConnection","inputs":{"host":{"connectionName":"shared_commondataserviceforapps_1","operationId":"CreateRecord","apiId":"/providers/Microsoft.PowerApps/apis/shared_commondataserviceforapps"},"parameters":{"entityName":"emails","item/activitypointer_activity_parties":[{"participationtypemask":1,"partyid@odata.bind":"queues(@{outputs('Get_associated_queue_row_by_ID')?['body/queueid']})"},{"participationtypemask":2,"partyid@odata.bind":"contacts(@{outputs('Get_associated_contact_row_by_ID')?['body/contactid']})"}],"item/description":"@variables('EmailMessage')","item/regardingobjectid_pfc_vacancyapplication_email@odata.bind":"pfc_vacancyapplications(@{outputs('Get_vacancy_application_row_by_ID')?['body/pfc_vacancyapplicationid']})","item/subject":"Feedback for your Application with Pathway for Care "},"authentication":{"type":"Raw","value":"@json(decodeBase64(triggerOutputs().headers['X-MS-APIM-Tokens']))['$ConnectionKey']"}}},"Perform_a_bound_action_send_email_message":{"runAfter":{"Add_a_new_email_message_row":["Succeeded"]},"type":"OpenApiConnection","inputs":{"host":{"connectionName":"shared_commondataserviceforapps_1","operationId":"PerformBoundAction","apiId":"/providers/Microsoft.PowerApps/apis/shared_commondataserviceforapps"},"parameters":{"entityName":"emails","actionName":"Microsoft.Dynamics.CRM.SendEmail","recordId":"@outputs('Add_a_new_email_message_row')?['body/activityid']","item/IssueSend":true,"item/TrackingToken":"@{outputs('Get_vacancy_application_row_by_ID')?['body/pfc_no']}: @{outputs('Compose_job_title_label')}, @{outputs('Get_associated_site_row_by_ID')?['body/name']}"},"authentication":{"type":"Raw","value":"@json(decodeBase64(triggerOutputs().headers['X-MS-APIM-Tokens']))['$ConnectionKey']"}}},"Respond_to_a_PowerApp_or_flow_ok":{"runAfter":{"Perform_a_bound_action_send_email_message":["Succeeded"]},"type":"Response","kind":"PowerApp","inputs":{"statusCode":200,"body":{"date":"@outputs('Add_a_new_email_message_row')?['body/createdon']"},"schema":{"type":"object","properties":{"date":{"title":"Date","x-ms-dynamically-added":true,"type":"string"}}}}}},"outputs":{}}},"schemaVersion":"1.0.0.0"}