{"properties":{"connectionReferences":{"shared_commondataserviceforapps_1":{"runtimeSource":"embedded","connection":{"connectionReferenceLogicalName":"pfc_SDynamicsServiceUser2CDS"},"api":{"name":"shared_commondataserviceforapps"}}},"definition":{"$schema":"https://schema.management.azure.com/providers/Microsoft.Logic/schemas/2016-06-01/workflowdefinition.json#","contentVersion":"1.0.0.0","parameters":{"$connections":{"defaultValue":{},"type":"Object"},"$authentication":{"defaultValue":{},"type":"SecureObject"}},"triggers":{"manual":{"splitOn":"@triggerBody()['rows']","type":"Request","kind":"ApiConnection","inputs":{"schema":{"type":"object","properties":{"rows":{"type":"array","items":{"type":"object","properties":{"entity":{"type":"object","properties":{"entity":{"type":"object","properties":{"BPFFlowStageEntityRecordId":{"title":"BPF Flow Stage Table Row Id","type":"string"},"FlowsWorkflowLogId":{"title":"Flows Workflow Log Id","type":"string"}}}},"required":["entity"]}},"required":["entity"]}}},"required":["rows"]},"host":{"connection":{"name":"@parameters('$connections')['shared_commondataserviceforapps_1']['connectionId']"}},"operationId":"FlowStepRun","parameters":{}}}},"actions":{"Get_associated_vacancy_application_row_by_ID":{"runAfter":{},"type":"OpenApiConnection","inputs":{"host":{"connectionName":"shared_commondataserviceforapps_1","operationId":"GetItem","apiId":"/providers/Microsoft.PowerApps/apis/shared_commondataserviceforapps"},"parameters":{"entityName":"pfc_vacancyapplications","recordId":"@triggerBody()?['entity']?['entity']?['BPFFlowStageEntityRecordId']"},"authentication":{"type":"Raw","value":"@json(decodeBase64(triggerOutputs().headers['X-MS-APIM-Tokens']))['$ConnectionKey']"}}},"Initialize_varEmailMessage":{"runAfter":{"Get_associated_vacancy_application_row_by_ID":["Succeeded"]},"type":"InitializeVariable","inputs":{"variables":[{"name":"EmailMessage","type":"string"}]}},"isNotOffered":{"actions":{"Get_associated_contact_row_by_ID":{"runAfter":{},"type":"OpenApiConnection","inputs":{"host":{"connectionName":"shared_commondataserviceforapps_1","operationId":"GetItem","apiId":"/providers/Microsoft.PowerApps/apis/shared_commondataserviceforapps"},"parameters":{"entityName":"contacts","recordId":"@outputs('Get_associated_vacancy_application_row_by_ID')?['body/_pfc_applicant_value']"},"authentication":{"type":"Raw","value":"@json(decodeBase64(triggerOutputs().headers['X-MS-APIM-Tokens']))['$ConnectionKey']"}}},"Get_associated_vacancy_row_by_ID":{"runAfter":{"Get_associated_contact_row_by_ID":["Succeeded"]},"type":"OpenApiConnection","inputs":{"host":{"connectionName":"shared_commondataserviceforapps_1","operationId":"GetItem","apiId":"/providers/Microsoft.PowerApps/apis/shared_commondataserviceforapps"},"parameters":{"entityName":"pfc_vacancies","recordId":"@outputs('Get_associated_vacancy_application_row_by_ID')?['body/_pfc_vacancy_value']"},"authentication":{"type":"Raw","value":"@json(decodeBase64(triggerOutputs().headers['X-MS-APIM-Tokens']))['$ConnectionKey']"}}},"Get_associated_user_row_by_ID":{"runAfter":{"Get_associated_vacancy_row_by_ID":["Succeeded"]},"type":"OpenApiConnection","inputs":{"host":{"connectionName":"shared_commondataserviceforapps_1","operationId":"GetItem","apiId":"/providers/Microsoft.PowerApps/apis/shared_commondataserviceforapps"},"parameters":{"entityName":"systemusers","recordId":"@outputs('Get_associated_vacancy_row_by_ID')?['body/_pfc_reportsto_value']"},"authentication":{"type":"Raw","value":"@json(decodeBase64(triggerOutputs().headers['X-MS-APIM-Tokens']))['$ConnectionKey']"}}},"Get_a_queue_row_by_ID":{"runAfter":{"Get_associated_user_row_by_ID":["Succeeded"]},"type":"OpenApiConnection","inputs":{"host":{"connectionName":"shared_commondataserviceforapps_1","operationId":"GetItem","apiId":"/providers/Microsoft.PowerApps/apis/shared_commondataserviceforapps"},"parameters":{"entityName":"queues","recordId":"b87556e5-55f3-ea11-a815-000d3a86a8cf"},"authentication":{"type":"Raw","value":"@json(decodeBase64(triggerOutputs().headers['X-MS-APIM-Tokens']))['$ConnectionKey']"}}},"Get_associated_site_row_by_ID":{"runAfter":{"Get_a_queue_row_by_ID":["Succeeded"]},"type":"OpenApiConnection","inputs":{"host":{"connectionName":"shared_commondataserviceforapps_1","operationId":"GetItem","apiId":"/providers/Microsoft.PowerApps/apis/shared_commondataserviceforapps"},"parameters":{"entityName":"sites","recordId":"@outputs('Get_associated_vacancy_row_by_ID')?['body/_pfc_site_value']"},"authentication":{"type":"Raw","value":"@json(decodeBase64(triggerOutputs().headers['X-MS-APIM-Tokens']))['$ConnectionKey']"}}},"Compose_job_title_label":{"runAfter":{"Get_associated_site_row_by_ID":["Succeeded"]},"type":"Compose","inputs":"@outputs('Get_associated_vacancy_row_by_ID')?['body/pfc_jobtitles@OData.Community.Display.V1.FormattedValue']"},"Set_varEmailMessage":{"runAfter":{"Compose_job_title_label":["Succeeded"]},"type":"SetVariable","inputs":{"name":"EmailMessage","value":"<!DOCTYPE html PUBLIC \"-//W3C//DTD XHTML 1.0 Transitional//EN\" \"http://www.w3.org/TR/xhtml1/DTD/xhtml1-transitional.dtd\">\n<html lang=\"en\">\n<head>\n    <meta http-equiv=\"Content-Type\" content=\"text/html charset=UTF-8\" />\n    <meta name=\"viewport\" content=\"width=device-width, initial-scale=1.0\">\n    <title>Face Toi Face Interview Feedback</title>\n</head>\n<body>\n    <p>Dear @{outputs('Get_associated_contact_row_by_ID')?['body/firstname']},</p>\n    <p>Thank you for your interest in Pathway for Care and the time you have invested in applying for the @{outputs('Compose_job_title_label')} role.</p>\n\n<p>Unfortunately, we are unable to make an offer of employment to you.</p>\n<p>We appreciate your involvement in the process and thought it may be beneficial to you to provide feedback about your interview that hopefully will be useful for future recruitment opportunities, perhaps even with ourselves:</p>\n<br>\n@{outputs('Get_associated_vacancy_application_row_by_ID')?['body/pfc_notofferedpositionfeedback']}\n<br>\n<p>We will be advertising further positions in the near future and do hope that you consider re-applying.</p>\n<br>\n<p>All the best for the future. </p>\n<br>\n    <p>Kind regards,</p>\n    <p>@{outputs('Get_associated_user_row_by_ID')?['body/fullname']}</p>\n    <p>@{outputs('Get_associated_user_row_by_ID')?['body/title']}</p>\n    <br>\n    <img alt=\"Pathway for Care Ltd\" border=\"0\" height=\"70\" src=\"https://www.pathwayforcare.com/sig_files/logo.png\"\n        width=\"248\" />\n    <br>\n<p>@{outputs('Get_associated_user_row_by_ID')?['body/internalemailaddress']}</p>\n<p>@{outputs('Get_associated_user_row_by_ID')?['body/address1_telephone1']}<p>\n<p>Pathway for Care Ltd</p>\n<p>3 Manor Royal, Crawley, West Sussex, RH10 9LU</p>\n</body>\n</html>"}},"Add_a_new_email_message_row":{"runAfter":{"Set_varEmailMessage":["Succeeded"]},"type":"OpenApiConnection","inputs":{"host":{"connectionName":"shared_commondataserviceforapps_1","operationId":"CreateRecord","apiId":"/providers/Microsoft.PowerApps/apis/shared_commondataserviceforapps"},"parameters":{"entityName":"emails","item/activitypointer_activity_parties":[{"participationtypemask":1,"partyid@odata.bind":"queues(@{outputs('Get_a_queue_row_by_ID')?['body/queueid']})"},{"participationtypemask":2,"partyid@odata.bind":"contacts(@{outputs('Get_associated_contact_row_by_ID')?['body/contactid']})"}],"item/description":"@variables('EmailMessage')","item/regardingobjectid_pfc_vacancyapplication_email@odata.bind":"pfc_vacancyapplications(@{outputs('Get_associated_vacancy_application_row_by_ID')?['body/pfc_vacancyapplicationid']})","item/subject":"Feedback for Interview with Pathway for Care"},"authentication":{"type":"Raw","value":"@json(decodeBase64(triggerOutputs().headers['X-MS-APIM-Tokens']))['$ConnectionKey']"}}},"Perform_a_send_email_bound_action":{"runAfter":{"Add_a_new_email_message_row":["Succeeded"]},"type":"OpenApiConnection","inputs":{"host":{"connectionName":"shared_commondataserviceforapps_1","operationId":"PerformBoundAction","apiId":"/providers/Microsoft.PowerApps/apis/shared_commondataserviceforapps"},"parameters":{"entityName":"emails","actionName":"Microsoft.Dynamics.CRM.SendEmail","recordId":"@outputs('Add_a_new_email_message_row')?['body/activityid']","item/IssueSend":true,"item/TrackingToken":"@{outputs('Get_associated_vacancy_application_row_by_ID')?['body/pfc_no']}: @{outputs('Compose_job_title_label')}, @{outputs('Get_associated_site_row_by_ID')?['body/name']}"},"authentication":{"type":"Raw","value":"@json(decodeBase64(triggerOutputs().headers['X-MS-APIM-Tokens']))['$ConnectionKey']"}}},"Update_a_vacancy_application_row":{"runAfter":{"Perform_a_send_email_bound_action":["Succeeded"]},"type":"OpenApiConnection","inputs":{"host":{"connectionName":"shared_commondataserviceforapps_1","operationId":"UpdateRecord","apiId":"/providers/Microsoft.PowerApps/apis/shared_commondataserviceforapps"},"parameters":{"entityName":"pfc_vacancyapplications","recordId":"@outputs('Get_associated_vacancy_application_row_by_ID')?['body/pfc_vacancyapplicationid']","item/pfc_datefacetofaceinterviewfeedbacksent":"@outputs('Add_a_new_email_message_row')?['body/createdon']"},"authentication":{"type":"Raw","value":"@json(decodeBase64(triggerOutputs().headers['X-MS-APIM-Tokens']))['$ConnectionKey']"}}},"Update_a_process_log_row_status_succeeded":{"runAfter":{"Update_a_vacancy_application_row":["Succeeded"]},"type":"OpenApiConnection","inputs":{"host":{"connectionName":"shared_commondataserviceforapps_1","operationId":"UpdateRecord","apiId":"/providers/Microsoft.PowerApps/apis/shared_commondataserviceforapps"},"parameters":{"entityName":"workflowlogs","recordId":"@triggerBody()?['entity']?['entity']?['FlowsWorkflowLogId']","item/status":2},"authentication":{"type":"Raw","value":"@json(decodeBase64(triggerOutputs().headers['X-MS-APIM-Tokens']))['$ConnectionKey']"}}}},"runAfter":{"Initialize_varEmailMessage":["Succeeded"]},"else":{"actions":{"Update_a_process_log_row_status_failed":{"runAfter":{},"type":"OpenApiConnection","inputs":{"host":{"connectionName":"shared_commondataserviceforapps_1","operationId":"UpdateRecord","apiId":"/providers/Microsoft.PowerApps/apis/shared_commondataserviceforapps"},"parameters":{"entityName":"workflowlogs","recordId":"@triggerBody()?['entity']?['entity']?['FlowsWorkflowLogId']"},"authentication":{"type":"Raw","value":"@json(decodeBase64(triggerOutputs().headers['X-MS-APIM-Tokens']))['$ConnectionKey']"}}}}},"expression":{"and":[{"equals":["@outputs('Get_associated_vacancy_application_row_by_ID')?['body/pfc_appointapplicanttoposition']",229330000]},{"equals":["@outputs('Get_associated_vacancy_application_row_by_ID')?['body/pfc_datefacetofaceinterviewfeedbacksent']","@null"]}]},"type":"If"}},"outputs":{}}},"schemaVersion":"1.0.0.0"}