﻿<?xml version="1.0" encoding="utf-8"?>
<Workflow WorkflowId="{d2f9a167-aaf1-4b24-ba19-d1d1f8d0acff}" Name="SetInitialVacancyApplicationStatus" xmlns:xsi="http://www.w3.org/2001/XMLSchema-instance">
  <XamlFileName>/Workflows/SetInitialVacancyApplicationStatus-D2F9A167-AAF1-4B24-BA19-D1D1F8D0ACFF.xaml</XamlFileName>
  <Type>1</Type>
  <Subprocess>0</Subprocess>
  <Category>0</Category>
  <Mode>1</Mode>
  <Scope>4</Scope>
  <OnDemand>1</OnDemand>
  <TriggerOnUpdateAttributeList>pfc_submissiondeclaration</TriggerOnUpdateAttributeList>
  <TriggerOnCreate>1</TriggerOnCreate>
  <TriggerOnDelete>0</TriggerOnDelete>
  <AsyncAutodelete>0</AsyncAutodelete>
  <SyncWorkflowLogOnFailure>1</SyncWorkflowLogOnFailure>
  <StateCode>1</StateCode>
  <StatusCode>2</StatusCode>
  <CreateStage>40</CreateStage>
  <UpdateStage>40</UpdateStage>
  <RunAs>1</RunAs>
  <IsTransacted>1</IsTransacted>
  <IntroducedVersion>1.0</IntroducedVersion>
  <IsCustomizable>1</IsCustomizable>
  <IsCustomProcessingStepAllowedForOtherPublishers>1</IsCustomProcessingStepAllowedForOtherPublishers>
  <PrimaryEntity>pfc_VacancyApplication</PrimaryEntity>
  <LocalizedNames>
    <LocalizedName languagecode="1033" description="SetInitialVacancyApplicationStatus" />
  </LocalizedNames>
</Workflow>