﻿<?xml version="1.0" encoding="utf-8"?>
<Workflow WorkflowId="{c8a62cdf-ed4e-4d79-a63b-6570366efabb}" Name="SetStatusWhenReferencesVerified" xmlns:xsi="http://www.w3.org/2001/XMLSchema-instance">
  <XamlFileName>/Workflows/SetStatusWhenReferencesVerified-C8A62CDF-ED4E-4D79-A63B-6570366EFABB.xaml</XamlFileName>
  <Type>1</Type>
  <Subprocess>0</Subprocess>
  <Category>0</Category>
  <Mode>1</Mode>
  <Scope>4</Scope>
  <OnDemand>0</OnDemand>
  <TriggerOnUpdateAttributeList>pfc_dateemployeereference2isverified,pfc_dateemployeereference1isverified</TriggerOnUpdateAttributeList>
  <TriggerOnCreate>0</TriggerOnCreate>
  <TriggerOnDelete>0</TriggerOnDelete>
  <AsyncAutodelete>0</AsyncAutodelete>
  <SyncWorkflowLogOnFailure>1</SyncWorkflowLogOnFailure>
  <StateCode>1</StateCode>
  <StatusCode>2</StatusCode>
  <CreateStage>40</CreateStage>
  <UpdateStage>40</UpdateStage>
  <RunAs>1</RunAs>
  <IsTransacted>1</IsTransacted>
  <IntroducedVersion>1.0</IntroducedVersion>
  <IsCustomizable>1</IsCustomizable>
  <IsCustomProcessingStepAllowedForOtherPublishers>1</IsCustomProcessingStepAllowedForOtherPublishers>
  <PrimaryEntity>pfc_VacancyApplication</PrimaryEntity>
  <LocalizedNames>
    <LocalizedName languagecode="1033" description="SetStatusWhenReferencesVerified" />
  </LocalizedNames>
</Workflow>