﻿<?xml version="1.0" encoding="utf-8"?>
<Workflow WorkflowId="{ec97f4fb-c3a6-419b-b552-89da9dbd2720}" Name="SetStatusWhenVBQScored" xmlns:xsi="http://www.w3.org/2001/XMLSchema-instance">
  <XamlFileName>/Workflows/SetStatusWhenVBQScored-EC97F4FB-C3A6-419B-B552-89DA9DBD2720.xaml</XamlFileName>
  <Type>1</Type>
  <Subprocess>0</Subprocess>
  <Category>0</Category>
  <Mode>1</Mode>
  <Scope>4</Scope>
  <OnDemand>0</OnDemand>
  <TriggerOnUpdateAttributeList>pfc_supportingotherscriteriamet,pfc_selfmotivationcriteriamet,pfc_respectfulbehaviourcriteriamet,pfc_mistakesandlearningcriteriamet,pfc_likesanddislikescriteriamet,pfc_importanceoftolerancecriteriamet,pfc_importanceofteamworkcriteriamet,pfc_encouragingindependencecriteriamet,pfc_demonstrationofintegritycriteriamet,pfc_askingquestionscriteriamet</TriggerOnUpdateAttributeList>
  <TriggerOnCreate>0</TriggerOnCreate>
  <TriggerOnDelete>0</TriggerOnDelete>
  <AsyncAutodelete>0</AsyncAutodelete>
  <SyncWorkflowLogOnFailure>1</SyncWorkflowLogOnFailure>
  <StateCode>1</StateCode>
  <StatusCode>2</StatusCode>
  <CreateStage>40</CreateStage>
  <UpdateStage>40</UpdateStage>
  <RunAs>1</RunAs>
  <IsTransacted>1</IsTransacted>
  <IntroducedVersion>1.0</IntroducedVersion>
  <IsCustomizable>1</IsCustomizable>
  <IsCustomProcessingStepAllowedForOtherPublishers>1</IsCustomProcessingStepAllowedForOtherPublishers>
  <PrimaryEntity>pfc_VacancyApplication</PrimaryEntity>
  <LocalizedNames>
    <LocalizedName languagecode="1033" description="SetStatusWhenVBQScored" />
  </LocalizedNames>
</Workflow>