﻿<?xml version="1.0" encoding="utf-8"?>
<Workflow WorkflowId="{24158efe-ba3f-40c7-aa75-4dd0ee8885f2}" Name="SetStatusWhenShortlistedEmailSent" xmlns:xsi="http://www.w3.org/2001/XMLSchema-instance">
  <XamlFileName>/Workflows/SetStatusWhenShortlistedEmailSent-24158EFE-BA3F-40C7-AA75-4DD0EE8885F2.xaml</XamlFileName>
  <Type>1</Type>
  <Subprocess>0</Subprocess>
  <Category>0</Category>
  <Mode>1</Mode>
  <Scope>4</Scope>
  <OnDemand>0</OnDemand>
  <TriggerOnUpdateAttributeList>pfc_dateshortlistingemailsent</TriggerOnUpdateAttributeList>
  <TriggerOnCreate>0</TriggerOnCreate>
  <TriggerOnDelete>0</TriggerOnDelete>
  <AsyncAutodelete>0</AsyncAutodelete>
  <SyncWorkflowLogOnFailure>1</SyncWorkflowLogOnFailure>
  <StateCode>1</StateCode>
  <StatusCode>2</StatusCode>
  <CreateStage>40</CreateStage>
  <UpdateStage>40</UpdateStage>
  <RunAs>1</RunAs>
  <IsTransacted>1</IsTransacted>
  <IntroducedVersion>1.0</IntroducedVersion>
  <IsCustomizable>1</IsCustomizable>
  <IsCustomProcessingStepAllowedForOtherPublishers>1</IsCustomProcessingStepAllowedForOtherPublishers>
  <PrimaryEntity>pfc_VacancyApplication</PrimaryEntity>
  <LocalizedNames>
    <LocalizedName languagecode="1033" description="SetStatusWhenShortlistedEmailSent" />
  </LocalizedNames>
</Workflow>