﻿<?xml version="1.0" encoding="utf-8"?>
<Workflow WorkflowId="{15a4f3b3-0257-4436-be53-dc5916870e0d}" Name="Set Status Inactive" xmlns:xsi="http://www.w3.org/2001/XMLSchema-instance">
  <XamlFileName>/Workflows/SetStatusInactive-15A4F3B3-0257-4436-BE53-DC5916870E0D.xaml</XamlFileName>
  <Type>1</Type>
  <Subprocess>0</Subprocess>
  <Category>0</Category>
  <Mode>0</Mode>
  <Scope>4</Scope>
  <OnDemand>1</OnDemand>
  <TriggerOnCreate>0</TriggerOnCreate>
  <TriggerOnDelete>0</TriggerOnDelete>
  <AsyncAutodelete>1</AsyncAutodelete>
  <SyncWorkflowLogOnFailure>0</SyncWorkflowLogOnFailure>
  <StateCode>1</StateCode>
  <StatusCode>2</StatusCode>
  <RunAs>1</RunAs>
  <IsTransacted>1</IsTransacted>
  <IntroducedVersion>1.0</IntroducedVersion>
  <IsCustomizable>1</IsCustomizable>
  <IsCustomProcessingStepAllowedForOtherPublishers>1</IsCustomProcessingStepAllowedForOtherPublishers>
  <PrimaryEntity>pfc_Enquiry</PrimaryEntity>
  <LocalizedNames>
    <LocalizedName languagecode="1033" description="Set Status Inactive" />
  </LocalizedNames>
</Workflow>