{"properties":{"connectionReferences":{"shared_commondataserviceforapps":{"runtimeSource":"embedded","connection":{"connectionReferenceLogicalName":"pfc_sharedcommondataserviceforapps_17e15"},"api":{"name":"shared_commondataserviceforapps"}}},"definition":{"$schema":"https://schema.management.azure.com/providers/Microsoft.Logic/schemas/2016-06-01/workflowdefinition.json#","contentVersion":"1.0.0.0","parameters":{"$connections":{"defaultValue":{},"type":"Object"},"$authentication":{"defaultValue":{},"type":"SecureObject"}},"triggers":{"Recurrence":{"recurrence":{"frequency":"Day","interval":1,"timeZone":"GMT Standard Time","schedule":{"hours":["0"],"minutes":[1]}},"type":"Recurrence"}},"actions":{"List_vacancies_where_close_date_was_yesterday":{"runAfter":{},"type":"OpenApiConnection","inputs":{"host":{"connectionName":"shared_commondataserviceforapps","operationId":"ListRecords","apiId":"/providers/Microsoft.PowerApps/apis/shared_commondataserviceforapps"},"parameters":{"entityName":"pfc_vacancies","fetchXml":"<fetch>\n  <entity name=\"pfc_vacancy\" >\n    <attribute name=\"statecode\" />\n    <attribute name=\"pfc_applicationclosedate\" />\n    <attribute name=\"pfc_vacancyid\" />\n    <filter type=\"and\" >\n      <condition attribute=\"statecode\" operator=\"eq\" value=\"0\" />\n      <filter type=\"or\" >\n        <condition attribute=\"pfc_applicationclosedate\" operator=\"yesterday\" />\n        <condition attribute=\"pfc_applicationclosedate\" operator=\"olderthan-x-days\" value=\"1\" />\n      </filter>\n    </filter>\n  </entity>\n</fetch>"},"authentication":"@parameters('$authentication')"}},"Apply_to_each":{"foreach":"@outputs('List_vacancies_where_close_date_was_yesterday')?['body/value']","actions":{"Update_row_status_to_inactive":{"runAfter":{},"type":"OpenApiConnection","inputs":{"host":{"connectionName":"shared_commondataserviceforapps","operationId":"UpdateRecord","apiId":"/providers/Microsoft.PowerApps/apis/shared_commondataserviceforapps"},"parameters":{"entityName":"pfc_vacancies","recordId":"@items('Apply_to_each')?['pfc_vacancyid']","item/statecode":1},"authentication":"@parameters('$authentication')"}}},"runAfter":{"List_vacancies_where_close_date_was_yesterday":["Succeeded"]},"type":"Foreach"}},"outputs":{}}},"schemaVersion":"1.0.0.0"}