{"properties":{"connectionReferences":{"shared_commondataserviceforapps":{"runtimeSource":"embedded","connection":{"connectionReferenceLogicalName":"pfc_sharedcommondataserviceforapps_17e15"},"api":{"name":"shared_commondataserviceforapps"}}},"definition":{"$schema":"https://schema.management.azure.com/providers/Microsoft.Logic/schemas/2016-06-01/workflowdefinition.json#","contentVersion":"1.0.0.0","parameters":{"$connections":{"defaultValue":{},"type":"Object"},"$authentication":{"defaultValue":{},"type":"SecureObject"}},"triggers":{"manual":{"splitOn":"@triggerBody()['rows']","type":"Request","kind":"ApiConnection","inputs":{"schema":{"type":"object","properties":{"rows":{"type":"array","items":{"type":"object","properties":{"entity":{"type":"object","properties":{"entity":{"type":"object","properties":{"BPFFlowStageEntityRecordId":{"title":"BPF Flow Stage Entity Record Id","type":"string"},"FlowsWorkflowLogId":{"title":"Flows Workflow Log Id","type":"string"}}}},"required":["entity"]}},"required":["entity"]}}},"required":["rows"]},"host":{"connection":{"name":"@parameters('$connections')['shared_commondataserviceforapps']['connectionId']"}},"operationId":"FlowStepRun","parameters":{}}}},"actions":{"Get_associated_vacancy_application_record":{"runAfter":{},"type":"OpenApiConnection","inputs":{"host":{"connectionName":"shared_commondataserviceforapps","operationId":"GetItem","apiId":"/providers/Microsoft.PowerApps/apis/shared_commondataserviceforapps"},"parameters":{"entityName":"pfc_vacancyapplications","recordId":"@triggerBody()?['entity']?['entity']?['BPFFlowStageEntityRecordId']"},"authentication":{"type":"Raw","value":"@json(decodeBase64(triggerOutputs().headers['X-MS-APIM-Tokens']))['$ConnectionKey']"}}},"ifShortlistingEmailNotSent":{"actions":{"Set_varInterviewsStartDate":{"runAfter":{},"type":"SetVariable","inputs":{"name":"InterviewsStartDate","value":"@outputs('Get_associated_vacancy_application_record')?['body/pfc_telephoneinterviewstartdate']"}},"Set_varInterviewsEndDate":{"runAfter":{"Set_varInterviewsStartDate":["Succeeded"]},"type":"SetVariable","inputs":{"name":"InterviewsEndDate","value":"@outputs('Get_associated_vacancy_application_record')?['body/pfc_telephoneinterviewenddate']"}},"Get_associated_applicant_record":{"runAfter":{"Set_varInterviewsEndDate":["Succeeded"]},"type":"OpenApiConnection","inputs":{"host":{"connectionName":"shared_commondataserviceforapps","operationId":"GetItem","apiId":"/providers/Microsoft.PowerApps/apis/shared_commondataserviceforapps"},"parameters":{"entityName":"contacts","recordId":"@outputs('Get_associated_vacancy_application_record')?['body/_pfc_applicant_value']"},"authentication":{"type":"Raw","value":"@json(decodeBase64(triggerOutputs().headers['X-MS-APIM-Tokens']))['$ConnectionKey']"}}},"Get_associated_vacancy_record":{"runAfter":{"Get_associated_applicant_record":["Succeeded"]},"type":"OpenApiConnection","inputs":{"host":{"connectionName":"shared_commondataserviceforapps","operationId":"GetItem","apiId":"/providers/Microsoft.PowerApps/apis/shared_commondataserviceforapps"},"parameters":{"entityName":"pfc_vacancies","recordId":"@outputs('Get_associated_vacancy_application_record')?['body/_pfc_vacancy_value']"},"authentication":{"type":"Raw","value":"@json(decodeBase64(triggerOutputs().headers['X-MS-APIM-Tokens']))['$ConnectionKey']"}}},"Get_associated_user_record":{"runAfter":{"Get_associated_vacancy_record":["Succeeded"]},"type":"OpenApiConnection","inputs":{"host":{"connectionName":"shared_commondataserviceforapps","operationId":"GetItem","apiId":"/providers/Microsoft.PowerApps/apis/shared_commondataserviceforapps"},"parameters":{"entityName":"systemusers","recordId":"@outputs('Get_associated_vacancy_record')?['body/_pfc_reportsto_value']"},"authentication":{"type":"Raw","value":"@json(decodeBase64(triggerOutputs().headers['X-MS-APIM-Tokens']))['$ConnectionKey']"}}},"Get_From_queue":{"runAfter":{"Get_associated_user_record":["Succeeded"]},"type":"OpenApiConnection","inputs":{"host":{"connectionName":"shared_commondataserviceforapps","operationId":"GetItem","apiId":"/providers/Microsoft.PowerApps/apis/shared_commondataserviceforapps"},"parameters":{"entityName":"queues","recordId":"b87556e5-55f3-ea11-a815-000d3a86a8cf"},"authentication":{"type":"Raw","value":"@json(decodeBase64(triggerOutputs().headers['X-MS-APIM-Tokens']))['$ConnectionKey']"}}},"Get_associated_site_record":{"runAfter":{"Get_From_queue":["Succeeded"]},"type":"OpenApiConnection","inputs":{"host":{"connectionName":"shared_commondataserviceforapps","operationId":"GetItem","apiId":"/providers/Microsoft.PowerApps/apis/shared_commondataserviceforapps"},"parameters":{"entityName":"sites","recordId":"@outputs('Get_associated_vacancy_record')?['body/_pfc_site_value']"},"authentication":{"type":"Raw","value":"@json(decodeBase64(triggerOutputs().headers['X-MS-APIM-Tokens']))['$ConnectionKey']"}}},"Get_job_title_labels":{"runAfter":{"Switch":["Succeeded"]},"type":"Compose","inputs":"@outputs('Get_associated_vacancy_record')?['body/pfc_jobtitles@OData.Community.Display.V1.FormattedValue']"},"isShortlistedAndDatesSet":{"actions":{"Set_varEmailMessage_isShortlisted":{"runAfter":{},"type":"SetVariable","inputs":{"name":"EmailMessage","value":"<!DOCTYPE html PUBLIC \"-//W3C//DTD XHTML 1.0 Transitional//EN\" \"http://www.w3.org/TR/xhtml1/DTD/xhtml1-transitional.dtd\">\n<html lang=\"en\">\n<head>\n    <meta http-equiv=\"Content-Type\" content=\"text/html charset=UTF-8\" />\n    <meta name=\"viewport\" content=\"width=device-width, initial-scale=1.0\">\n    <title>Invitation to Telephone Interview</title>\n</head>\n<body>\n    <p>Dear @{outputs('Get_associated_applicant_record')?['body/firstname']},</p>\n    <p>Thank you for applying to <b>Pathway for Care</b>.</p>\n    <p>My name is @{outputs('Get_associated_user_record')?['body/fullname']}, and I am a @{outputs('Get_associated_user_record')?['body/title']} at\n       @{outputs('Get_associated_site_record')?['body/name']}.</p>\n    <p>I would like to have an initial telephone discussion about your application for the\n       @{outputs('Get_job_title_labels')}  role so that we may discuss the role, your suitability and any other requirements\n        in further detail.</p>\n    <p>\n    <p>Discussions will be held from @{formatDateTime(variables('InterviewsStartDate'),'D')} at    @{formatDateTime(variables('InterviewsStartDate'), 't')} to @{formatDateTime(variables('InterviewsEndDate'), 'D')} at @{formatDateTime(variables('InterviewsEndDate'), 't')}. Please\n        book your preferred time and date by clicking on the link below:</p>\n    <br>\n    <p><a class=\"btn btn-primary\" role=\"button\" href=\"@{variables('BookingLink')}\">BOOK NOW\n            </a></p>\n    <br>\n    <p>I look forward to speaking to you.</p>\n    <p>Kind regards,</p>\n    <p>@{outputs('Get_associated_user_record')?['body/fullname']}</p>\n    <p>@{outputs('Get_associated_user_record')?['body/title']}</p>\n    <br>\n    <img alt=\"Pathway for Care Ltd\" border=\"0\" height=\"70\" src=\"https://www.pathwayforcare.com/sig_files/logo.png\"\n        width=\"248\" />\n    <br>\n<p>@{outputs('Get_associated_user_record')?['body/internalemailaddress']}</p>\n<p>@{outputs('Get_associated_user_record')?['body/address1_telephone1']}<p>\n<p>Pathway for Care Ltd</p>\n<p>3 Manor Royal, Crawley, West Sussex, RH10 9LU</p>\n</body>\n</html>"}},"Create_isShortlisted_email":{"runAfter":{"Set_varEmailMessage_isShortlisted":["Succeeded"]},"type":"OpenApiConnection","inputs":{"host":{"connectionName":"shared_commondataserviceforapps","operationId":"CreateRecord","apiId":"/providers/Microsoft.PowerApps/apis/shared_commondataserviceforapps"},"parameters":{"entityName":"emails","item/activitypointer_activity_parties":[{"participationtypemask":1,"partyid@odata.bind":"queues(@{outputs('Get_From_queue')?['body/queueid']})"},{"participationtypemask":2,"partyid@odata.bind":"contacts(@{outputs('Get_associated_applicant_record')?['body/contactid']})"}],"item/description":"@variables('EmailMessage')","item/regardingobjectid_pfc_vacancyapplication_email@odata.bind":"pfc_vacancyapplications(@{outputs('Get_associated_vacancy_application_record')?['body/pfc_vacancyapplicationid']})","item/subject":"Feedback for Application with Pathway for Care "},"authentication":{"type":"Raw","value":"@json(decodeBase64(triggerOutputs().headers['X-MS-APIM-Tokens']))['$ConnectionKey']"}}},"Send_isShortlisted_email":{"runAfter":{"Create_isShortlisted_email":["Succeeded"]},"type":"OpenApiConnection","inputs":{"host":{"connectionName":"shared_commondataserviceforapps","operationId":"PerformBoundAction","apiId":"/providers/Microsoft.PowerApps/apis/shared_commondataserviceforapps"},"parameters":{"entityName":"emails","actionName":"Microsoft.Dynamics.CRM.SendEmail","recordId":"@outputs('Create_isShortlisted_email')?['body/activityid']","item/IssueSend":true,"item/TrackingToken":"@{outputs('Get_associated_vacancy_application_record')?['body/pfc_no']}: @{outputs('Get_job_title_labels')}, @{outputs('Get_associated_site_record')?['body/name']}"},"authentication":{"type":"Raw","value":"@json(decodeBase64(triggerOutputs().headers['X-MS-APIM-Tokens']))['$ConnectionKey']"}}},"Update_application_date_isShortlisted_email_sent":{"runAfter":{"Send_isShortlisted_email":["Succeeded"]},"type":"OpenApiConnection","inputs":{"host":{"connectionName":"shared_commondataserviceforapps","operationId":"UpdateRecord","apiId":"/providers/Microsoft.PowerApps/apis/shared_commondataserviceforapps"},"parameters":{"entityName":"pfc_vacancyapplications","recordId":"@outputs('Get_associated_vacancy_application_record')?['body/pfc_vacancyapplicationid']","item/pfc_dateshortlistingemailsent":"@outputs('Create_isShortlisted_email')?['body/createdon']"},"authentication":{"type":"Raw","value":"@json(decodeBase64(triggerOutputs().headers['X-MS-APIM-Tokens']))['$ConnectionKey']"}}},"Update_a_process_log_record_isShortlisted_email_sent_successfully":{"runAfter":{"Update_application_date_isShortlisted_email_sent":["Succeeded"]},"type":"OpenApiConnection","inputs":{"host":{"connectionName":"shared_commondataserviceforapps","operationId":"UpdateRecord","apiId":"/providers/Microsoft.PowerApps/apis/shared_commondataserviceforapps"},"parameters":{"entityName":"workflowlogs","recordId":"@triggerBody()?['entity']?['entity']?['FlowsWorkflowLogId']","item/status":2},"authentication":{"type":"Raw","value":"@json(decodeBase64(triggerOutputs().headers['X-MS-APIM-Tokens']))['$ConnectionKey']"}}}},"runAfter":{"Get_job_title_labels":["Succeeded"]},"else":{"actions":{"isNotShortlisted":{"actions":{"Set_varEmailMessage_isNotShortlisted":{"runAfter":{},"type":"SetVariable","inputs":{"name":"EmailMessage","value":"<!DOCTYPE html>\n<html lang=\"en\">\n<head>\n    <meta charset=\"UTF-8\">\n    <meta name=\"viewport\" content=\"width=device-width, initial-scale=1.0\">\n    <title>Not Shortlisted</title>\n</head>\n<body>\n<p>Dear @{outputs('Get_associated_applicant_record')?['body/firstname']},</p>\n<br>\n<p>Thank you for your interest in Pathway for Care and the time you have invested in applying for the @{outputs('Get_job_title_labels')} \n opening.</p>\n<br>\n<p>Unfortunately, we are unable to offer you a place in the next stage of our recruitment sequence, but we appreciate your involvement in the process</p>\n<p>We will be advertising further positions in the near future and do hope that you consider re-applying.\n<p>\n<p>All the best for the future.</p>\n<p>Yours sincerely,</p>\n<p>@{outputs('Get_associated_user_record')?['body/fullname']}</p>\n<p>@{outputs('Get_associated_user_record')?['body/title']}</p>\n<br>\n<img alt=\"Pathway for Care Ltd\" border=\"0\" height=\"70\" src=\"https://www.pathwayforcare.com/sig_files/logo.png\"\n    width=\"248\" />\n<br>\n<p>@{outputs('Get_associated_user_record')?['body/internalemailaddress']}</p>\n<p>@{outputs('Get_associated_user_record')?['body/address1_telephone1']}</p>\n<p>Pathway for Care Ltd</p>\n<p>3 Manor Royal, Crawley, West Sussex, RH10 9LU</p>\n</body>\n</html>"}},"Create_isNotShortlisted_email":{"runAfter":{"Set_varEmailMessage_isNotShortlisted":["Succeeded"]},"type":"OpenApiConnection","inputs":{"host":{"connectionName":"shared_commondataserviceforapps","operationId":"CreateRecord","apiId":"/providers/Microsoft.PowerApps/apis/shared_commondataserviceforapps"},"parameters":{"entityName":"emails","item/activitypointer_activity_parties":[{"participationtypemask":1,"partyid@odata.bind":"queues(@{outputs('Get_From_queue')?['body/queueid']})"},{"participationtypemask":2,"partyid@odata.bind":"contacts(@{outputs('Get_associated_applicant_record')?['body/contactid']})"}],"item/description":"@variables('EmailMessage')","item/regardingobjectid_pfc_vacancyapplication_email@odata.bind":"pfc_vacancyapplications(@{outputs('Get_associated_vacancy_application_record')?['body/pfc_vacancyapplicationid']})","item/subject":"Feedback about vacancy application with Pathway for Care "},"authentication":{"type":"Raw","value":"@json(decodeBase64(triggerOutputs().headers['X-MS-APIM-Tokens']))['$ConnectionKey']"}}},"Send_isNotShortlisted_email":{"runAfter":{"Create_isNotShortlisted_email":["Succeeded"]},"type":"OpenApiConnection","inputs":{"host":{"connectionName":"shared_commondataserviceforapps","operationId":"PerformBoundAction","apiId":"/providers/Microsoft.PowerApps/apis/shared_commondataserviceforapps"},"parameters":{"entityName":"emails","actionName":"Microsoft.Dynamics.CRM.SendEmail","recordId":"@outputs('Create_isNotShortlisted_email')?['body/activityid']","item/IssueSend":true,"item/TrackingToken":"@{outputs('Get_associated_vacancy_application_record')?['body/pfc_no']}: @{outputs('Get_job_title_labels')},  @{outputs('Get_associated_site_record')?['body/name']}"},"authentication":{"type":"Raw","value":"@json(decodeBase64(triggerOutputs().headers['X-MS-APIM-Tokens']))['$ConnectionKey']"}}},"Update_application_date_isNotShortlisted_email_sent":{"runAfter":{"Send_isNotShortlisted_email":["Succeeded"]},"type":"OpenApiConnection","inputs":{"host":{"connectionName":"shared_commondataserviceforapps","operationId":"UpdateRecord","apiId":"/providers/Microsoft.PowerApps/apis/shared_commondataserviceforapps"},"parameters":{"entityName":"pfc_vacancyapplications","recordId":"@outputs('Get_associated_vacancy_application_record')?['body/pfc_vacancyapplicationid']","item/pfc_dateshortlistingemailsent":"@outputs('Create_isNotShortlisted_email')?['body/createdon']"},"authentication":{"type":"Raw","value":"@json(decodeBase64(triggerOutputs().headers['X-MS-APIM-Tokens']))['$ConnectionKey']"}}},"Update_a_process_log_record_isNotShortlisted_email_sent_successfully":{"runAfter":{"Update_application_date_isNotShortlisted_email_sent":["Succeeded"]},"type":"OpenApiConnection","inputs":{"host":{"connectionName":"shared_commondataserviceforapps","operationId":"UpdateRecord","apiId":"/providers/Microsoft.PowerApps/apis/shared_commondataserviceforapps"},"parameters":{"entityName":"workflowlogs","recordId":"@triggerBody()?['entity']?['entity']?['FlowsWorkflowLogId']","item/status":2},"authentication":{"type":"Raw","value":"@json(decodeBase64(triggerOutputs().headers['X-MS-APIM-Tokens']))['$ConnectionKey']"}}}},"runAfter":{},"else":{"actions":{"Update_a_process_log_record_status_as_failed":{"runAfter":{},"type":"OpenApiConnection","inputs":{"host":{"connectionName":"shared_commondataserviceforapps","operationId":"UpdateRecord","apiId":"/providers/Microsoft.PowerApps/apis/shared_commondataserviceforapps"},"parameters":{"entityName":"workflowlogs","recordId":"@triggerBody()?['entity']?['entity']?['FlowsWorkflowLogId']","item/status":3,"item/errorcode":0,"item/errortext":"Email Already Sent","item/message":"Email Already Sent"},"authentication":{"type":"Raw","value":"@json(decodeBase64(triggerOutputs().headers['X-MS-APIM-Tokens']))['$ConnectionKey']"}}}}},"expression":{"equals":["@outputs('Get_associated_vacancy_application_record')?['body/pfc_isapplicationshortlisted']",229330001]},"type":"If"}}},"expression":{"and":[{"and":[{"equals":["@outputs('Get_associated_vacancy_application_record')?['body/pfc_isapplicationshortlisted']",229330002]},{"not":{"equals":["@outputs('Get_associated_vacancy_application_record')?['body/pfc_telephoneinterviewstartdate']","@null"]}},{"not":{"equals":["@outputs('Get_associated_vacancy_application_record')?['body/pfc_telephoneinterviewenddate']","@null"]}}]}]},"type":"If"},"Switch":{"runAfter":{"Get_associated_site_record":["Succeeded"]},"cases":{"CasePrinsted":{"case":"Prinsted","actions":{"Set_varBookingLinkPrinsted":{"runAfter":{},"type":"SetVariable","inputs":{"name":"BookingLink","value":"https://outlook.office365.com/owa/calendar/PFCPrinsted@transforming.healthcare/bookings/s/bkH6CPWPaEKgWBMig3_3qw2"}}}},"CaseHorsham":{"case":"Horsham Road","actions":{"Set_varBookingLinkHorsham":{"runAfter":{},"type":"SetVariable","inputs":{"name":"BookingLink","value":"https://outlook.office365.com/owa/calendar/PFCHorshamRoad@transforming.healthcare/bookings/s/aUORID4ixEGWySJ4nU5XpQ2"}}}},"CaseChipstead":{"case":"Chipstead","actions":{"Set_varBookingLinkChipstead":{"runAfter":{},"type":"SetVariable","inputs":{"name":"BookingLink","value":"https://outlook.office365.com/owa/calendar/PFCChipsteadLodge@transforming.healthcare/bookings/s/sQ-3FRy3rEuv8OO6t1ZgHA2"}}}},"CaseTemple":{"case":"Temple Road","actions":{"Set_varBookingLinkTemple":{"runAfter":{},"type":"SetVariable","inputs":{"name":"BookingLink","value":"https://outlook.office365.com/owa/calendar/PFCTempleRoad@transforming.healthcare/bookings/s/eU0S_hgXNEi3IPzyxWVL_A2"}}}},"CaseStJulians":{"case":"St Julians Farm Road","actions":{"Set_varBookingLinkStJulians":{"runAfter":{},"type":"SetVariable","inputs":{"name":"BookingLink","value":"https://outlook.office365.com/owa/calendar/PFCStJuliansFarmRoad@transforming.healthcare/bookings/s/Of2YcVQPDk6R7ZAKf4Dj7g2"}}}},"CaseCheadle":{"case":"The Cornerstone","actions":{"Set_varBookingLinkCheadle":{"runAfter":{},"type":"SetVariable","inputs":{"name":"BookingLink","value":"https://outlook.office365.com/owa/calendar/PFCTheCornerstone@transforming.healthcare/bookings/s/3LASIbEZXEWMFRAGRcbgSg2"}}}},"CaseHeadOffice":{"case":"Pathway for Care Ltd","actions":{"Set_varBookingLinkHead":{"runAfter":{},"type":"SetVariable","inputs":{"name":"BookingLink","value":"https://outlook.office365.com/owa/calendar/PathwayForCareLtd@transforming.healthcare/bookings/s/noaa8rGKoUmj48OtIV4kwQ2"}}}},"CaseTravellersFriend":{"case":"Travellers Friend","actions":{"Set_varBookingLinkTravellers":{"runAfter":{},"type":"SetVariable","inputs":{"name":"BookingLink","value":"https://outlook.office365.com/owa/calendar/PFCTravellersFriend@transforming.healthcare/bookings/s/Fh2ZpOM4I0m01guFZXsGBw2"}}}}},"default":{"actions":{"Set_varBookinLinkTest":{"runAfter":{},"type":"SetVariable","inputs":{"name":"BookingLink","value":"https://outlook.office365.com/owa/calendar/pfcrecruitment@transforming.healthcare/bookings/s/si-0VxRzgkW6ODBO9BXsOQ2"}}}},"expression":"@outputs('Get_associated_site_record')?['body/name']","type":"Switch"}},"runAfter":{"Init_varBookingLink":["Succeeded"]},"else":{"actions":{"Update_a_process_log_record_status_as_canceled":{"runAfter":{},"type":"OpenApiConnection","inputs":{"host":{"connectionName":"shared_commondataserviceforapps","operationId":"UpdateRecord","apiId":"/providers/Microsoft.PowerApps/apis/shared_commondataserviceforapps"},"parameters":{"entityName":"workflowlogs","recordId":"@triggerBody()?['entity']?['entity']?['FlowsWorkflowLogId']","item/status":4,"item/errorcode":404,"item/errortext":"Email Sent","item/message":"Email Sent","item/description":"Email Already Sent"},"authentication":{"type":"Raw","value":"@json(decodeBase64(triggerOutputs().headers['X-MS-APIM-Tokens']))['$ConnectionKey']"}}}}},"expression":{"equals":["@outputs('Get_associated_vacancy_application_record')?['body/pfc_dateshortlistingemailsent']","@null"]},"type":"If"},"Init_varInterviewsStartDate":{"runAfter":{"Init_varEmailMessage":["Succeeded"]},"type":"InitializeVariable","inputs":{"variables":[{"name":"InterviewsStartDate","type":"string"}]}},"Init_varInterviewsEndDate":{"runAfter":{"Init_varInterviewsStartDate":["Succeeded"]},"type":"InitializeVariable","inputs":{"variables":[{"name":"InterviewsEndDate","type":"string"}]}},"Init_varBookingLink":{"runAfter":{"Init_varInterviewsEndDate":["Succeeded"]},"type":"InitializeVariable","inputs":{"variables":[{"name":"BookingLink","type":"string"}]}},"Init_varEmailMessage":{"runAfter":{"Get_associated_vacancy_application_record":["Succeeded"]},"type":"InitializeVariable","inputs":{"variables":[{"name":"EmailMessage","type":"string"}]}}},"outputs":{}}},"schemaVersion":"1.0.0.0"}