﻿<?xml version="1.0" encoding="utf-8"?>
<Workflow WorkflowId="{6071814b-231c-eb11-a813-000d3a870884}" Name="Telephone Interview F1: When Appointment Set Type &amp;&amp; Date" xmlns:xsi="http://www.w3.org/2001/XMLSchema-instance">
  <JsonFileName>/Workflows/TelephoneInterviewF1WhenAppointmentSetTypeDate-6071814B-231C-EB11-A813-000D3A870884.json</JsonFileName>
  <Type>1</Type>
  <Subprocess>0</Subprocess>
  <Category>5</Category>
  <Mode>0</Mode>
  <Scope>4</Scope>
  <OnDemand>0</OnDemand>
  <TriggerOnCreate>0</TriggerOnCreate>
  <TriggerOnDelete>0</TriggerOnDelete>
  <AsyncAutodelete>0</AsyncAutodelete>
  <SyncWorkflowLogOnFailure>0</SyncWorkflowLogOnFailure>
  <StateCode>1</StateCode>
  <StatusCode>2</StatusCode>
  <RunAs>1</RunAs>
  <IsTransacted>1</IsTransacted>
  <IntroducedVersion>1.0.0.52</IntroducedVersion>
  <IsCustomizable>1</IsCustomizable>
  <BusinessProcessType>0</BusinessProcessType>
  <IsCustomProcessingStepAllowedForOtherPublishers>1</IsCustomProcessingStepAllowedForOtherPublishers>
  <PrimaryEntity>none</PrimaryEntity>
  <LocalizedNames>
    <LocalizedName languagecode="1033" description="Telephone Interview F1: When Appointment Set Type &amp;&amp; Date" />
  </LocalizedNames>
</Workflow>