{"properties":{"connectionReferences":{"shared_commondataserviceforapps_1":{"runtimeSource":"embedded","connection":{"connectionReferenceLogicalName":"pfc_sharedcommondataserviceforapps_17e15"},"api":{"name":"shared_commondataserviceforapps"}},"shared_commondataserviceforapps":{"runtimeSource":"embedded","connection":{"connectionReferenceLogicalName":"pfc_sharedcommondataserviceforapps_17e15"},"api":{"name":"shared_commondataserviceforapps"}}},"definition":{"$schema":"https://schema.management.azure.com/providers/Microsoft.Logic/schemas/2016-06-01/workflowdefinition.json#","contentVersion":"1.0.0.0","parameters":{"$connections":{"defaultValue":{},"type":"Object"},"$authentication":{"defaultValue":{},"type":"SecureObject"}},"triggers":{"When_an_appointment_record_is_created":{"type":"OpenApiConnectionWebhook","inputs":{"host":{"connectionName":"shared_commondataserviceforapps_1","operationId":"SubscribeWebhookTrigger","apiId":"/providers/Microsoft.PowerApps/apis/shared_commondataserviceforapps"},"parameters":{"subscriptionRequest/message":1,"subscriptionRequest/entityname":"appointment","subscriptionRequest/scope":4},"authentication":"@parameters('$authentication')"}}},"actions":{"isTelephoneInterview":{"actions":{"Update_a_telephone_interview_record":{"runAfter":{},"type":"OpenApiConnection","inputs":{"host":{"connectionName":"shared_commondataserviceforapps_1","operationId":"UpdateRecord","apiId":"/providers/Microsoft.PowerApps/apis/shared_commondataserviceforapps"},"parameters":{"entityName":"appointments","recordId":"@triggerOutputs()?['body/activityid']","item/regardingobjectid_pfc_vacancyapplication_appointment@odata.bind":"pfc_vacancyapplications(@{outputs('Get_associated_vacancy_application_record')?['body/pfc_vacancyapplicationid']})","item/pfc_appointmenttype":229330000},"authentication":"@parameters('$authentication')"}},"Update_vacancy_application_telephone_interview_date":{"runAfter":{"Update_a_telephone_interview_record":["Succeeded"]},"type":"OpenApiConnection","inputs":{"host":{"connectionName":"shared_commondataserviceforapps","operationId":"UpdateRecord","apiId":"/providers/Microsoft.PowerApps/apis/shared_commondataserviceforapps"},"parameters":{"entityName":"pfc_vacancyapplications","recordId":"@outputs('Get_associated_vacancy_application_record')?['body/pfc_vacancyapplicationid']","item/pfc_datetelephoneinterviewscheduled":"@outputs('Update_a_telephone_interview_record')?['body/scheduledstart']"},"authentication":"@parameters('$authentication')"}}},"runAfter":{"Get_associated_applicant_record":["Succeeded"]},"expression":{"contains":["@triggerOutputs()?['body/subject']","Telephone Interview"]},"type":"If"},"Get_associated_vacancy_application_record":{"runAfter":{},"type":"OpenApiConnection","inputs":{"host":{"connectionName":"shared_commondataserviceforapps_1","operationId":"GetItem","apiId":"/providers/Microsoft.PowerApps/apis/shared_commondataserviceforapps"},"parameters":{"entityName":"pfc_vacancyapplications","recordId":"@triggerOutputs()?['body/_regardingobjectid_value']"},"authentication":"@parameters('$authentication')"}},"Get_associated_applicant_record":{"runAfter":{"Get_associated_vacancy_application_record":["Succeeded"]},"type":"OpenApiConnection","inputs":{"host":{"connectionName":"shared_commondataserviceforapps_1","operationId":"GetItem","apiId":"/providers/Microsoft.PowerApps/apis/shared_commondataserviceforapps"},"parameters":{"entityName":"contacts","recordId":"@outputs('Get_associated_vacancy_application_record')?['body/_pfc_applicant_value']"},"authentication":"@parameters('$authentication')"}}},"outputs":{}}},"schemaVersion":"1.0.0.0"}