﻿<?xml version="1.0" encoding="utf-8"?>
<Workflow WorkflowId="{c72266fd-d798-4bad-af1f-1f73377c5297}" Name="UpdateVacancyApplicationCourtesyCallOutcome" xmlns:xsi="http://www.w3.org/2001/XMLSchema-instance">
  <XamlFileName>/Workflows/UpdateVacancyApplicationCourtesyCallOutcome-C72266FD-D798-4BAD-AF1F-1F73377C5297.xaml</XamlFileName>
  <Type>1</Type>
  <Subprocess>0</Subprocess>
  <Category>0</Category>
  <Mode>1</Mode>
  <Scope>4</Scope>
  <OnDemand>1</OnDemand>
  <TriggerOnUpdateAttributeList>pfc_courtesycalloutcome</TriggerOnUpdateAttributeList>
  <TriggerOnCreate>0</TriggerOnCreate>
  <TriggerOnDelete>0</TriggerOnDelete>
  <AsyncAutodelete>1</AsyncAutodelete>
  <SyncWorkflowLogOnFailure>1</SyncWorkflowLogOnFailure>
  <StateCode>1</StateCode>
  <StatusCode>2</StatusCode>
  <CreateStage>40</CreateStage>
  <UpdateStage>40</UpdateStage>
  <RunAs>1</RunAs>
  <IsTransacted>1</IsTransacted>
  <IntroducedVersion>1.0</IntroducedVersion>
  <IsCustomizable>1</IsCustomizable>
  <IsCustomProcessingStepAllowedForOtherPublishers>1</IsCustomProcessingStepAllowedForOtherPublishers>
  <PrimaryEntity>PhoneCall</PrimaryEntity>
  <LocalizedNames>
    <LocalizedName languagecode="1033" description="UpdateVacancyApplicationCourtesyCallOutcome" />
  </LocalizedNames>
</Workflow>