﻿<?xml version="1.0" encoding="utf-8"?>
<optionset Name="pfc_tieredrate" localizedName="Tiered Rate" description="Select the tier of support that the individual needs" xmlns:xsi="http://www.w3.org/2001/XMLSchema-instance">
  <OptionSetType>picklist</OptionSetType>
  <IsGlobal>1</IsGlobal>
  <IntroducedVersion>1.0.0.191</IntroducedVersion>
  <IsCustomizable>1</IsCustomizable>
  <displaynames>
    <displayname description="Tiered Rate" languagecode="1033" />
  </displaynames>
  <Descriptions>
    <Description description="Select the tier of support that the individual needs" languagecode="1033" />
  </Descriptions>
  <options>
    <option value="229330000">
      <labels>
        <label description="Tier 1 - Basic Service (No PBS Required)" languagecode="1033" />
      </labels>
    </option>
    <option value="229330001">
      <labels>
        <label description="Tier 2 - Minimal Support" languagecode="1033" />
      </labels>
    </option>
    <option value="229330002">
      <labels>
        <label description="Tier 3 - Medium Level of Support" languagecode="1033" />
      </labels>
    </option>
    <option value="229330003">
      <labels>
        <label description="Tier 4 - High Level of Support" languagecode="1033" />
      </labels>
    </option>
  </options>
</optionset>