﻿<?xml version="1.0" encoding="utf-8"?>
<optionset Name="pfc_location" localizedName="Location" xmlns:xsi="http://www.w3.org/2001/XMLSchema-instance">
  <OptionSetType>picklist</OptionSetType>
  <IsGlobal>1</IsGlobal>
  <IntroducedVersion>1.0.0.0</IntroducedVersion>
  <IsCustomizable>1</IsCustomizable>
  <displaynames>
    <displayname description="Location" languagecode="1033" />
  </displaynames>
  <Descriptions>
    <Description description="" languagecode="1033" />
  </Descriptions>
  <options>
    <option value="229330000">
      <labels>
        <label description="Prinsted" languagecode="1033" />
      </labels>
    </option>
    <option value="229330001">
      <labels>
        <label description="The Cornerstone" languagecode="1033" />
      </labels>
    </option>
    <option value="229330002">
      <labels>
        <label description="St Julian's Farm Road" languagecode="1033" />
      </labels>
    </option>
    <option value="229330003">
      <labels>
        <label description="Temple Road" languagecode="1033" />
      </labels>
    </option>
    <option value="229330005">
      <labels>
        <label description="Horsham Road" languagecode="1033" />
      </labels>
    </option>
    <option value="229330004">
      <labels>
        <label description="Chipstead" languagecode="1033" />
      </labels>
    </option>
  </options>
</optionset>