﻿<?xml version="1.0" encoding="utf-8"?>
<optionset Name="pfc_wheredidyouhearaboutthevacancy" localizedName="Where did you hear about the vacancy?" xmlns:xsi="http://www.w3.org/2001/XMLSchema-instance">
  <OptionSetType>picklist</OptionSetType>
  <IsGlobal>1</IsGlobal>
  <IntroducedVersion>1.0.0.0</IntroducedVersion>
  <IsCustomizable>1</IsCustomizable>
  <displaynames>
    <displayname description="Where did you hear about the vacancy?" languagecode="1033" />
  </displaynames>
  <Descriptions>
    <Description description="" languagecode="1033" />
  </Descriptions>
  <options>
    <option value="229330000">
      <labels>
        <label description="Search Engine" languagecode="1033" />
      </labels>
    </option>
    <option value="229330001">
      <labels>
        <label description="Indeed" languagecode="1033" />
      </labels>
    </option>
    <option value="229330002">
      <labels>
        <label description="Facebook" languagecode="1033" />
      </labels>
    </option>
    <option value="229330003">
      <labels>
        <label description="Other" languagecode="1033" />
      </labels>
    </option>
  </options>
</optionset>