﻿<?xml version="1.0" encoding="utf-8"?>
<optionset Name="pfc_relativetype" localizedName="Relative Type" xmlns:xsi="http://www.w3.org/2001/XMLSchema-instance">
  <OptionSetType>picklist</OptionSetType>
  <IsGlobal>1</IsGlobal>
  <IntroducedVersion>1.0.0.0</IntroducedVersion>
  <IsCustomizable>1</IsCustomizable>
  <displaynames>
    <displayname description="Relative Type" languagecode="1033" />
  </displaynames>
  <Descriptions>
    <Description description="" languagecode="1033" />
  </Descriptions>
  <options>
    <option value="229330000">
      <labels>
        <label description="Mother" languagecode="1033" />
      </labels>
    </option>
    <option value="229330001">
      <labels>
        <label description="Father" languagecode="1033" />
      </labels>
    </option>
    <option value="229330002">
      <labels>
        <label description="Brother" languagecode="1033" />
      </labels>
    </option>
    <option value="229330003">
      <labels>
        <label description="Sister" languagecode="1033" />
      </labels>
    </option>
    <option value="229330004">
      <labels>
        <label description="Aunt" languagecode="1033" />
      </labels>
    </option>
    <option value="229330005">
      <labels>
        <label description="Uncle" languagecode="1033" />
      </labels>
    </option>
    <option value="229330006">
      <labels>
        <label description="Cousin" languagecode="1033" />
      </labels>
    </option>
    <option value="229330007">
      <labels>
        <label description="Niece" languagecode="1033" />
      </labels>
    </option>
    <option value="229330008">
      <labels>
        <label description="Nephew" languagecode="1033" />
      </labels>
    </option>
    <option value="229330009">
      <labels>
        <label description="Mother-In-Law" languagecode="1033" />
      </labels>
    </option>
    <option value="229330010">
      <labels>
        <label description="Father-In-Law" languagecode="1033" />
      </labels>
    </option>
    <option value="229330011">
      <labels>
        <label description="Brother-In-Law" languagecode="1033" />
      </labels>
    </option>
    <option value="229330012">
      <labels>
        <label description="Sister-In-Law" languagecode="1033" />
      </labels>
    </option>
  </options>
</optionset>