﻿<?xml version="1.0" encoding="utf-8"?>
<optionset Name="pfc_contracttype" localizedName="Contract Type" xmlns:xsi="http://www.w3.org/2001/XMLSchema-instance">
  <OptionSetType>picklist</OptionSetType>
  <IsGlobal>1</IsGlobal>
  <IntroducedVersion>1.0.0.0</IntroducedVersion>
  <IsCustomizable>1</IsCustomizable>
  <displaynames>
    <displayname description="Contract Type" languagecode="1033" />
  </displaynames>
  <Descriptions>
    <Description description="" languagecode="1033" />
  </Descriptions>
  <options>
    <option value="229330000">
      <labels>
        <label description="Permanent" languagecode="1033" />
      </labels>
    </option>
    <option value="229330001">
      <labels>
        <label description="Temp to Perm" languagecode="1033" />
      </labels>
    </option>
    <option value="229330002">
      <labels>
        <label description="Temporary" languagecode="1033" />
      </labels>
    </option>
    <option value="229330003">
      <labels>
        <label description="Contract" languagecode="1033" />
      </labels>
    </option>
    <option value="229330004">
      <labels>
        <label description="Volunteer" languagecode="1033" />
      </labels>
    </option>
    <option value="229330005">
      <labels>
        <label description="Internship" languagecode="1033" />
      </labels>
    </option>
    <option value="229330006">
      <labels>
        <label description="Zero Hours" languagecode="1033" />
      </labels>
    </option>
  </options>
</optionset>