﻿<?xml version="1.0" encoding="utf-8"?>
<optionset Name="pfc_applicationsummary" localizedName="Application Summary" xmlns:xsi="http://www.w3.org/2001/XMLSchema-instance">
  <OptionSetType>picklist</OptionSetType>
  <IsGlobal>1</IsGlobal>
  <IntroducedVersion>1.0.0.187</IntroducedVersion>
  <IsCustomizable>1</IsCustomizable>
  <ExternalTypeName></ExternalTypeName>
  <displaynames>
    <displayname description="Application Summary" languagecode="1033" />
  </displaynames>
  <Descriptions>
    <Description description="" languagecode="1033" />
  </Descriptions>
  <options>
    <option value="229330013" ExternalValue="" Color="#0000ff">
      <labels>
        <label description="Send Incomplete Application Reminder Email" languagecode="1033" />
      </labels>
      <Descriptions>
        <Description description="" languagecode="1033" />
      </Descriptions>
    </option>
    <option value="229330012" ExternalValue="" Color="">
      <labels>
        <label description="Incomplete Application Reminder Sent" languagecode="1033" />
      </labels>
      <Descriptions>
        <Description description="" languagecode="1033" />
      </Descriptions>
    </option>
    <option value="229330000" ExternalValue="" Color="">
      <labels>
        <label description="Review Application Form &amp; VBQ" languagecode="1033" />
      </labels>
      <Descriptions>
        <Description description="" languagecode="1033" />
      </Descriptions>
    </option>
    <option value="229330001" ExternalValue="" Color="">
      <labels>
        <label description="Make Shortlisting Decision" languagecode="1033" />
      </labels>
      <Descriptions>
        <Description description="" languagecode="1033" />
      </Descriptions>
    </option>
    <option value="229330002" ExternalValue="" Color="">
      <labels>
        <label description="Invited To Telephone Interview" languagecode="1033" />
      </labels>
      <Descriptions>
        <Description description="" languagecode="1033" />
      </Descriptions>
    </option>
    <option value="229330003" ExternalValue="" Color="">
      <labels>
        <label description="Telephone Interview Booked" languagecode="1033" />
      </labels>
      <Descriptions>
        <Description description="" languagecode="1033" />
      </Descriptions>
    </option>
    <option value="229330004" ExternalValue="" Color="">
      <labels>
        <label description="Invited To Face To Face Interview" languagecode="1033" />
      </labels>
      <Descriptions>
        <Description description="" languagecode="1033" />
      </Descriptions>
    </option>
    <option value="229330005" ExternalValue="" Color="">
      <labels>
        <label description="Face To Face Interview Booked" languagecode="1033" />
      </labels>
      <Descriptions>
        <Description description="" languagecode="1033" />
      </Descriptions>
    </option>
    <option value="229330006" ExternalValue="" Color="">
      <labels>
        <label description="Make Courtesy Call" languagecode="1033" />
      </labels>
      <Descriptions>
        <Description description="" languagecode="1033" />
      </Descriptions>
    </option>
    <option value="229330007" ExternalValue="" Color="">
      <labels>
        <label description="Send Formal Job Offer" languagecode="1033" />
      </labels>
      <Descriptions>
        <Description description="" languagecode="1033" />
      </Descriptions>
    </option>
    <option value="229330008" ExternalValue="" Color="">
      <labels>
        <label description="Send Follow Up Email" languagecode="1033" />
      </labels>
      <Descriptions>
        <Description description="" languagecode="1033" />
      </Descriptions>
    </option>
    <option value="229330009" ExternalValue="" Color="">
      <labels>
        <label description="Send Offer Rejected Email" languagecode="1033" />
      </labels>
      <Descriptions>
        <Description description="" languagecode="1033" />
      </Descriptions>
    </option>
    <option value="229330010" ExternalValue="" Color="">
      <labels>
        <label description="Formal Job Offer Sent" languagecode="1033" />
      </labels>
      <Descriptions>
        <Description description="" languagecode="1033" />
      </Descriptions>
    </option>
    <option value="229330011" ExternalValue="" Color="">
      <labels>
        <label description="Formal Job Offer Reply Received" languagecode="1033" />
      </labels>
      <Descriptions>
        <Description description="" languagecode="1033" />
      </Descriptions>
    </option>
    <option value="229330014">
      <labels>
        <label description="Verify Referees" languagecode="1033" />
      </labels>
    </option>
    <option value="229330015">
      <labels>
        <label description="References Requested" languagecode="1033" />
      </labels>
    </option>
    <option value="229330016">
      <labels>
        <label description="Request DBS Check" languagecode="1033" />
      </labels>
    </option>
    <option value="229330017">
      <labels>
        <label description="Follow Up Email Sent" languagecode="1033" />
      </labels>
    </option>
  </options>
</optionset>