﻿<?xml version="1.0" encoding="utf-8"?>
<optionset Name="pfc_applicationsource" localizedName="Application Source" xmlns:xsi="http://www.w3.org/2001/XMLSchema-instance">
  <OptionSetType>picklist</OptionSetType>
  <IsGlobal>1</IsGlobal>
  <IntroducedVersion>1.0.0.0</IntroducedVersion>
  <IsCustomizable>1</IsCustomizable>
  <displaynames>
    <displayname description="Application Source" languagecode="1033" />
  </displaynames>
  <Descriptions>
    <Description description="" languagecode="1033" />
  </Descriptions>
  <options>
    <option value="229330000">
      <labels>
        <label description="PFC Website" languagecode="1033" />
      </labels>
    </option>
    <option value="229330001">
      <labels>
        <label description="Facebook" languagecode="1033" />
      </labels>
    </option>
    <option value="229330002">
      <labels>
        <label description="Local Advertisement" languagecode="1033" />
      </labels>
    </option>
    <option value="229330003">
      <labels>
        <label description="Community Network" languagecode="1033" />
      </labels>
    </option>
    <option value="229330004">
      <labels>
        <label description="Employee Network" languagecode="1033" />
      </labels>
    </option>
    <option value="229330005">
      <labels>
        <label description="Volunteering" languagecode="1033" />
      </labels>
    </option>
  </options>
</optionset>