﻿<?xml version="1.0" encoding="utf-8"?>
<optionset Name="pfc_enquiryqualitycode" localizedName="Rating" xmlns:xsi="http://www.w3.org/2001/XMLSchema-instance">
  <OptionSetType>picklist</OptionSetType>
  <IsGlobal>1</IsGlobal>
  <IntroducedVersion>1.0.0.191</IntroducedVersion>
  <IsCustomizable>1</IsCustomizable>
  <displaynames>
    <displayname description="Rating" languagecode="1033" />
  </displaynames>
  <Descriptions>
    <Description description="" languagecode="1033" />
  </Descriptions>
  <options>
    <option value="229330000">
      <labels>
        <label description="Hot" languagecode="1033" />
      </labels>
    </option>
    <option value="229330001">
      <labels>
        <label description="Warm" languagecode="1033" />
      </labels>
    </option>
    <option value="229330002">
      <labels>
        <label description="Cold" languagecode="1033" />
      </labels>
    </option>
  </options>
</optionset>