﻿<?xml version="1.0" encoding="utf-8"?>
<optionset Name="pfc_role" localizedName="Role" xmlns:xsi="http://www.w3.org/2001/XMLSchema-instance">
  <OptionSetType>picklist</OptionSetType>
  <IsGlobal>1</IsGlobal>
  <IntroducedVersion>1.0.0.0</IntroducedVersion>
  <IsCustomizable>1</IsCustomizable>
  <displaynames>
    <displayname description="Role" languagecode="1033" />
  </displaynames>
  <Descriptions>
    <Description description="" languagecode="1033" />
  </Descriptions>
  <options>
    <option value="229330000">
      <labels>
        <label description="Administrator" languagecode="1033" />
      </labels>
    </option>
    <option value="229330001">
      <labels>
        <label description="Quality Lead" languagecode="1033" />
      </labels>
    </option>
    <option value="229330002">
      <labels>
        <label description="PBS Practitioner" languagecode="1033" />
      </labels>
    </option>
    <option value="229330003">
      <labels>
        <label description="Operations Lead" languagecode="1033" />
      </labels>
    </option>
    <option value="229330004">
      <labels>
        <label description="Area Manager" languagecode="1033" />
      </labels>
    </option>
    <option value="229330005">
      <labels>
        <label description="Locality Manager" languagecode="1033" />
      </labels>
    </option>
    <option value="229330006">
      <labels>
        <label description="Team Leader" languagecode="1033" />
      </labels>
    </option>
    <option value="229330007">
      <labels>
        <label description="Senior Support Worker" languagecode="1033" />
      </labels>
    </option>
    <option value="229330008">
      <labels>
        <label description="Support Worker" languagecode="1033" />
      </labels>
    </option>
  </options>
</optionset>