﻿<?xml version="1.0" encoding="utf-8"?>
<optionset Name="pfc_religion" localizedName="Religious Belief" xmlns:xsi="http://www.w3.org/2001/XMLSchema-instance">
  <OptionSetType>picklist</OptionSetType>
  <IsGlobal>1</IsGlobal>
  <IntroducedVersion>1.0.0.0</IntroducedVersion>
  <IsCustomizable>1</IsCustomizable>
  <displaynames>
    <displayname description="Religious Belief" languagecode="1033" />
  </displaynames>
  <Descriptions>
    <Description description="" languagecode="1033" />
  </Descriptions>
  <options>
    <option value="229330000">
      <labels>
        <label description="No Religion Or Belief" languagecode="1033" />
      </labels>
    </option>
    <option value="229330001">
      <labels>
        <label description="Agnostic" languagecode="1033" />
      </labels>
    </option>
    <option value="229330002">
      <labels>
        <label description="Christian" languagecode="1033" />
      </labels>
    </option>
    <option value="229330003">
      <labels>
        <label description="Muslim" languagecode="1033" />
      </labels>
    </option>
    <option value="229330004">
      <labels>
        <label description="Jewish" languagecode="1033" />
      </labels>
    </option>
    <option value="229330005">
      <labels>
        <label description="Buddhist" languagecode="1033" />
      </labels>
    </option>
    <option value="229330006">
      <labels>
        <label description="Hindu" languagecode="1033" />
      </labels>
    </option>
    <option value="229330007">
      <labels>
        <label description="Prefer Not To Say" languagecode="1033" />
      </labels>
    </option>
    <option value="229330008">
      <labels>
        <label description="Other" languagecode="1033" />
      </labels>
    </option>
  </options>
</optionset>