﻿<?xml version="1.0" encoding="utf-8"?>
<optionset Name="pfc_reasonfordeferral" localizedName="Reason for deferral" xmlns:xsi="http://www.w3.org/2001/XMLSchema-instance">
  <OptionSetType>picklist</OptionSetType>
  <IsGlobal>1</IsGlobal>
  <IntroducedVersion>1.0.0.0</IntroducedVersion>
  <IsCustomizable>1</IsCustomizable>
  <displaynames>
    <displayname description="Reason for deferral" languagecode="1033" />
  </displaynames>
  <Descriptions>
    <Description description="" languagecode="1033" />
  </Descriptions>
  <options>
    <option value="229330000">
      <labels>
        <label description="Candidate no longer interested" languagecode="1033" />
      </labels>
    </option>
    <option value="229330001">
      <labels>
        <label description="Candidate found another job" languagecode="1033" />
      </labels>
    </option>
    <option value="229330002">
      <labels>
        <label description="Value-Base" languagecode="1033" />
      </labels>
    </option>
    <option value="229330003">
      <labels>
        <label description="Role" languagecode="1033" />
      </labels>
    </option>
    <option value="229330004">
      <labels>
        <label description="Location" languagecode="1033" />
      </labels>
    </option>
    <option value="229330005">
      <labels>
        <label description="Service-User grouo" languagecode="1033" />
      </labels>
    </option>
    <option value="229330006">
      <labels>
        <label description="Availablility" languagecode="1033" />
      </labels>
    </option>
    <option value="229330007">
      <labels>
        <label description="Flexible Working" languagecode="1033" />
      </labels>
    </option>
    <option value="229330008">
      <labels>
        <label description="No Vacancy" languagecode="1033" />
      </labels>
    </option>
    <option value="229330009">
      <labels>
        <label description="Other" languagecode="1033" />
      </labels>
    </option>
  </options>
</optionset>