﻿<?xml version="1.0" encoding="utf-8"?>
<optionset Name="pfc_appointability" localizedName="Appointability" xmlns:xsi="http://www.w3.org/2001/XMLSchema-instance">
  <OptionSetType>picklist</OptionSetType>
  <IsGlobal>1</IsGlobal>
  <IntroducedVersion>1.0.0.0</IntroducedVersion>
  <IsCustomizable>1</IsCustomizable>
  <displaynames>
    <displayname description="Appointability" languagecode="1033" />
  </displaynames>
  <Descriptions>
    <Description description="" languagecode="1033" />
  </Descriptions>
  <options>
    <option value="229330000">
      <labels>
        <label description="Exceeds basic role requirement" languagecode="1033" />
      </labels>
    </option>
    <option value="229330001">
      <labels>
        <label description="Meets basic role requirement and demonstrates potential to exceed" languagecode="1033" />
      </labels>
    </option>
    <option value="229330002">
      <labels>
        <label description="Meets basic role requirement" languagecode="1033" />
      </labels>
    </option>
    <option value="229330003">
      <labels>
        <label description="Does not meet baseline role requirement" languagecode="1033" />
      </labels>
    </option>
    <option value="229330004">
      <labels>
        <label description="Interview Not Scheduled" languagecode="1033" />
      </labels>
    </option>
  </options>
</optionset>