﻿<?xml version="1.0" encoding="utf-8"?>
<optionset Name="pfc_whatisyournoticeperiod" localizedName="What is your notice period?" xmlns:xsi="http://www.w3.org/2001/XMLSchema-instance">
  <OptionSetType>picklist</OptionSetType>
  <IsGlobal>1</IsGlobal>
  <IntroducedVersion>1.0.0.0</IntroducedVersion>
  <IsCustomizable>1</IsCustomizable>
  <displaynames>
    <displayname description="What is your notice period?" languagecode="1033" />
  </displaynames>
  <Descriptions>
    <Description description="" languagecode="1033" />
  </Descriptions>
  <options>
    <option value="229330000">
      <labels>
        <label description="Free to start immediately" languagecode="1033" />
      </labels>
    </option>
    <option value="229330001">
      <labels>
        <label description="1-4 weeks" languagecode="1033" />
      </labels>
    </option>
    <option value="229330002">
      <labels>
        <label description="4 weeks +" languagecode="1033" />
      </labels>
    </option>
  </options>
</optionset>