﻿<?xml version="1.0" encoding="utf-8"?>
<optionset Name="pfc_ethnicbackground" localizedName="Ethnic Background" xmlns:xsi="http://www.w3.org/2001/XMLSchema-instance">
  <OptionSetType>picklist</OptionSetType>
  <IsGlobal>1</IsGlobal>
  <IntroducedVersion>1.0.0.0</IntroducedVersion>
  <IsCustomizable>1</IsCustomizable>
  <displaynames>
    <displayname description="Ethnic Background" languagecode="1033" />
  </displaynames>
  <Descriptions>
    <Description description="" languagecode="1033" />
  </Descriptions>
  <options>
    <option value="229330000">
      <labels>
        <label description="White British" languagecode="1033" />
      </labels>
    </option>
    <option value="229330001">
      <labels>
        <label description="White Irish" languagecode="1033" />
      </labels>
    </option>
    <option value="229330002">
      <labels>
        <label description="Black British" languagecode="1033" />
      </labels>
    </option>
    <option value="229330003">
      <labels>
        <label description="Black African" languagecode="1033" />
      </labels>
    </option>
    <option value="229330004">
      <labels>
        <label description="Black Other" languagecode="1033" />
      </labels>
    </option>
    <option value="229330005">
      <labels>
        <label description="Asian British" languagecode="1033" />
      </labels>
    </option>
    <option value="229330006">
      <labels>
        <label description="Indian" languagecode="1033" />
      </labels>
    </option>
    <option value="229330007">
      <labels>
        <label description="Pakistani" languagecode="1033" />
      </labels>
    </option>
    <option value="229330008">
      <labels>
        <label description="Bangladeshi" languagecode="1033" />
      </labels>
    </option>
    <option value="229330009">
      <labels>
        <label description="Chinese" languagecode="1033" />
      </labels>
    </option>
    <option value="229330010">
      <labels>
        <label description="Other Asian" languagecode="1033" />
      </labels>
    </option>
    <option value="229330011">
      <labels>
        <label description="Mixed Race" languagecode="1033" />
      </labels>
    </option>
    <option value="229330012">
      <labels>
        <label description="Other" languagecode="1033" />
      </labels>
    </option>
    <option value="229330013">
      <labels>
        <label description="Prefer Not To Say" languagecode="1033" />
      </labels>
    </option>
  </options>
</optionset>