﻿<?xml version="1.0" encoding="utf-8"?>
<optionset Name="pfc_referral_secondaryneed" localizedName="Secondary Diagnosis" xmlns:xsi="http://www.w3.org/2001/XMLSchema-instance">
  <OptionSetType>picklist</OptionSetType>
  <IsGlobal>1</IsGlobal>
  <IntroducedVersion>1.0.0.191</IntroducedVersion>
  <IsCustomizable>1</IsCustomizable>
  <displaynames>
    <displayname description="Secondary Diagnosis" languagecode="1033" />
  </displaynames>
  <Descriptions>
    <Description description="" languagecode="1033" />
  </Descriptions>
  <options>
    <option value="229330000">
      <labels>
        <label description="Learning Disability" languagecode="1033" />
      </labels>
    </option>
    <option value="229330001">
      <labels>
        <label description="Sensory" languagecode="1033" />
      </labels>
    </option>
    <option value="229330002">
      <labels>
        <label description="Mental Health" languagecode="1033" />
      </labels>
    </option>
    <option value="229330003">
      <labels>
        <label description="Acquired Brain Injury" languagecode="1033" />
      </labels>
    </option>
    <option value="229330004">
      <labels>
        <label description="Communication" languagecode="1033" />
      </labels>
    </option>
    <option value="229330005">
      <labels>
        <label description="Alcohol and Substance Abuse" languagecode="1033" />
      </labels>
    </option>
    <option value="229330006">
      <labels>
        <label description="Behavioural" languagecode="1033" />
      </labels>
    </option>
    <option value="229330007">
      <labels>
        <label description="Forensic" languagecode="1033" />
      </labels>
    </option>
    <option value="229330008">
      <labels>
        <label description="Epilepsy" languagecode="1033" />
      </labels>
    </option>
    <option value="229330009">
      <labels>
        <label description="Medical" languagecode="1033" />
      </labels>
    </option>
    <option value="229330010">
      <labels>
        <label description="Other" languagecode="1033" />
      </labels>
    </option>
  </options>
</optionset>