﻿<?xml version="1.0" encoding="utf-8"?>
<optionset Name="pfc_wheredidyouhearaboutus" localizedName="Where Did You Hear About Us?" xmlns:xsi="http://www.w3.org/2001/XMLSchema-instance">
  <OptionSetType>picklist</OptionSetType>
  <IsGlobal>1</IsGlobal>
  <IntroducedVersion>1.0.0.191</IntroducedVersion>
  <IsCustomizable>1</IsCustomizable>
  <displaynames>
    <displayname description="Where Did You Hear About Us?" languagecode="1033" />
  </displaynames>
  <Descriptions>
    <Description description="" languagecode="1033" />
  </Descriptions>
  <options>
    <option value="229330000">
      <labels>
        <label description="Marketing Emails" languagecode="1033" />
      </labels>
    </option>
    <option value="229330001">
      <labels>
        <label description="Word of Mouth" languagecode="1033" />
      </labels>
    </option>
    <option value="229330002">
      <labels>
        <label description="Worked With Us Previously" languagecode="1033" />
      </labels>
    </option>
    <option value="229330003">
      <labels>
        <label description="Social Media" languagecode="1033" />
      </labels>
    </option>
    <option value="229330004">
      <labels>
        <label description="Other" languagecode="1033" />
      </labels>
    </option>
  </options>
</optionset>