﻿<?xml version="1.0" encoding="utf-8"?>
<optionset Name="pfc_jobtitles" localizedName="Job Title" xmlns:xsi="http://www.w3.org/2001/XMLSchema-instance">
  <OptionSetType>picklist</OptionSetType>
  <IsGlobal>1</IsGlobal>
  <IntroducedVersion>1.0.0.0</IntroducedVersion>
  <IsCustomizable>1</IsCustomizable>
  <displaynames>
    <displayname description="Job Title" languagecode="1033" />
  </displaynames>
  <Descriptions>
    <Description description="" languagecode="1033" />
  </Descriptions>
  <options>
    <option value="229330000">
      <labels>
        <label description="Personal Support Worker" languagecode="1033" />
      </labels>
    </option>
    <option value="229330001">
      <labels>
        <label description="Team Leader" languagecode="1033" />
      </labels>
    </option>
    <option value="229330003">
      <labels>
        <label description="Service Manager" languagecode="1033" />
      </labels>
    </option>
    <option value="229330004">
      <labels>
        <label description="Behaviour Practitioner" languagecode="1033" />
      </labels>
    </option>
    <option value="229330005">
      <labels>
        <label description="Learning Disability Nurse" languagecode="1033" />
      </labels>
    </option>
    <option value="229330006">
      <labels>
        <label description="Occupational Therapist" languagecode="1033" />
      </labels>
    </option>
    <option value="229330002">
      <labels>
        <label description="HR Manager" languagecode="1033" />
      </labels>
    </option>
    <option value="229330007">
      <labels>
        <label description="Training Manager" languagecode="1033" />
      </labels>
    </option>
    <option value="229330008">
      <labels>
        <label description="Registered Manager" languagecode="1033" />
      </labels>
    </option>
    <option value="229330009">
      <labels>
        <label description="Recruitment and Training Coordinator" languagecode="1033" />
      </labels>
    </option>
    <option value="229330010">
      <labels>
        <label description="Deputy Service Manager" languagecode="1033" />
      </labels>
    </option>
    <option value="229330011">
      <labels>
        <label description="Referrals and Assessment Manager" languagecode="1033" />
      </labels>
    </option>
    <option value="229330012">
      <labels>
        <label description="Commercial (Business Development) Manager" languagecode="1033" />
      </labels>
    </option>
    <option value="229330013">
      <labels>
        <label description="Regional Director" languagecode="1033" />
      </labels>
    </option>
    <option value="229330014">
      <labels>
        <label description="Head of Practice" languagecode="1033" />
      </labels>
    </option>
    <option value="229330015">
      <labels>
        <label description="Quality and Practice Coach" languagecode="1033" />
      </labels>
    </option>
    <option value="229330016">
      <labels>
        <label description="Head of Finance" languagecode="1033" />
      </labels>
    </option>
    <option value="229330017">
      <labels>
        <label description="Personal Assistant" languagecode="1033" />
      </labels>
    </option>
    <option value="229330018">
      <labels>
        <label description="Person Specific Support Worker" languagecode="1033" />
      </labels>
    </option>
    <option value="229330019">
      <labels>
        <label description="Finance Officer" languagecode="1033" />
      </labels>
    </option>
    <option value="229330020">
      <labels>
        <label description="Male Personal Support Worker" languagecode="1033" />
      </labels>
    </option>
    <option value="229330021">
      <labels>
        <label description="Female Personal Support Worker" languagecode="1033" />
      </labels>
    </option>
  </options>
</optionset>