﻿<?xml version="1.0" encoding="utf-8"?>
<forms xmlns:xsi="http://www.w3.org/2001/XMLSchema-instance">
  <systemform>
    <formid>{1b56aeb0-6515-44df-9468-86e194313d13}</formid>
    <IntroducedVersion>1.0</IntroducedVersion>
    <FormPresentation>1</FormPresentation>
    <FormActivationState>1</FormActivationState>
    <form>
      <tabs>
        <tab verticallayout="true" id="{ed4a049b-8de7-374d-c49b-dad30c7c4a7d}" name="StageStep3" locklevel="0" expanded="true" visible="false" labelid="{d71bfaa1-eb04-4636-b636-dedcd7778e3e}">
          <labels>
            <label description="Formal Offer" languagecode="1033" />
          </labels>
          <columns>
            <column width="100%">
              <sections>
                <section showbar="false" columns="1" id="{588d7a72-71a4-b3d3-f513-c80d62708da6}" name="StageStep3_section1" labelid="{7d9c3048-fd6b-456e-888c-4bf037590b31}">
                  <labels>
                    <label description="Formal Offer" languagecode="1033" />
                  </labels>
                  <rows>
                    <row>
                      <cell id="{5d57a325-b404-44a8-8767-c6949fb3692c}" showlabel="true" visible="true" labelid="{ad085d1d-e81b-4214-906c-07eae55b02f7}">
                        <labels>
                          <label description="Number of Hours Offered" languagecode="1033" />
                        </labels>
                        <control id="bpf_pfc_vacancyapplication_new_joboffertoemployee:pfc_numberofhoursoffered" classid="{3ef39988-22bb-4f0b-bbbe-64b5a3748aee}" datafieldname="pfc_numberofhoursoffered" relationship="bpf_pfc_vacancyapplication_new_joboffertoemployee" isrequired="true" disabled="false" />
                      </cell>
                    </row>
                    <row>
                      <cell id="{8ed68824-7f42-4581-816f-78b797c3018e}" showlabel="true" visible="true" labelid="{f4525ea9-dc1f-4660-8625-62984bb47eec}">
                        <labels>
                          <label description="Salary Offered" languagecode="1033" />
                        </labels>
                        <control id="bpf_pfc_vacancyapplication_new_joboffertoemployee:pfc_salaryoffered" classid="{533b9e00-756b-4312-95a0-dc888637ac78}" datafieldname="pfc_salaryoffered" relationship="bpf_pfc_vacancyapplication_new_joboffertoemployee" isrequired="true" disabled="false" />
                      </cell>
                    </row>
                    <row>
                      <cell id="{6111df81-9111-10a8-c55f-356925ecbf3d}" showlabel="true" visible="true" labelid="{92761c91-4419-45bf-b98f-9a545b08a2e7}">
                        <labels>
                          <label description="Documentation Appointment Date" languagecode="1033" />
                        </labels>
                        <control id="bpf_pfc_vacancyapplication_new_joboffertoemployee:pfc_documentationappointmentdate" classid="{5b773807-9fb2-42db-97c3-7a91eff8adff}" datafieldname="pfc_documentationappointmentdate" relationship="bpf_pfc_vacancyapplication_new_joboffertoemployee" isrequired="false" disabled="false" />
                      </cell>
                    </row>
                    <row>
                      <cell id="{71075690-9da4-4711-84f0-6d31cf31c032}" showlabel="true" visible="true" labelid="{2c4c12a4-ced5-4824-94c8-38be6577470d}">
                        <labels>
                          <label description="Send Formal Job Offer" languagecode="1033" />
                        </labels>
                        <control id="Step_12:9f6c5e27-286d-eb11-a812-000d3a870510_flowstep" classid="{00ad73da-bd4d-49c6-88a8-2f4f4cad4a20}" datafieldname="Step_12" isrequired="false" disabled="false" />
                      </cell>
                    </row>
                    <row>
                      <cell id="{18695b74-90ee-4a7e-8542-d8f61bfb0661}" showlabel="true" visible="true" labelid="{f6db779e-582e-4aa2-84aa-7bff1ea23db9}">
                        <labels>
                          <label description="Date Job Offer Sent" languagecode="1033" />
                        </labels>
                        <control id="bpf_pfc_vacancyapplication_new_joboffertoemployee:pfc_datejoboffersent" classid="{5b773807-9fb2-42db-97c3-7a91eff8adff}" datafieldname="pfc_datejoboffersent" relationship="bpf_pfc_vacancyapplication_new_joboffertoemployee" isrequired="false" disabled="false" />
                      </cell>
                    </row>
                    <row>
                      <cell id="{295aa631-7d03-4f62-b8ff-4aeaa20ec9c0}" showlabel="true" visible="true" labelid="{51beb85e-ee04-4bee-b7c1-ea6290fe3062}">
                        <labels>
                          <label description="Date Applicant Accepted Offer in Writing" languagecode="1033" />
                        </labels>
                        <control id="bpf_pfc_vacancyapplication_new_joboffertoemployee:pfc_dateapplicantacceptedofferinwriting" classid="{5b773807-9fb2-42db-97c3-7a91eff8adff}" datafieldname="pfc_dateapplicantacceptedofferinwriting" relationship="bpf_pfc_vacancyapplication_new_joboffertoemployee" isrequired="false" disabled="false" />
                      </cell>
                    </row>
                    <row>
                      <cell id="{d9c90618-e2be-4368-b4ad-18413968a835}" showlabel="true" visible="true" labelid="{c9a0fada-1277-4d64-ba6b-ae4cdf0b6445}">
                        <labels>
                          <label description="Date Applicant Rejected Offer In Writing" languagecode="1033" />
                        </labels>
                        <control id="bpf_pfc_vacancyapplication_new_joboffertoemployee:pfc_dateapplicantrejectedofferinwriting" classid="{5b773807-9fb2-42db-97c3-7a91eff8adff}" datafieldname="pfc_dateapplicantrejectedofferinwriting" relationship="bpf_pfc_vacancyapplication_new_joboffertoemployee" isrequired="false" disabled="false" />
                      </cell>
                    </row>
                  </rows>
                </section>
              </sections>
            </column>
          </columns>
        </tab>
        <tab verticallayout="true" id="{df488b0d-e26c-4675-8a4e-9628007323a0}" name="StageStep20" locklevel="0" expanded="true" visible="false" labelid="{7b1c4b2f-4541-4e87-b36f-ddfe49afafbb}">
          <labels>
            <label description="References &amp; Disclosures" languagecode="1033" />
          </labels>
          <columns>
            <column width="100%">
              <sections>
                <section showbar="false" columns="1" id="{f6efbc5d-f66e-9150-1467-7eea0ce18fc0}" name="StageStep20_section1" labelid="{2ec3ea6c-2f31-4975-a04a-7eea74faa41e}">
                  <labels>
                    <label description="References &amp; Disclosures" languagecode="1033" />
                  </labels>
                  <rows>
                    <row>
                      <cell id="{7bb208c0-1c4e-47a2-b9e8-4a521428d457}" showlabel="true" visible="true" labelid="{7a3f35e5-bf90-49d0-88d2-6639fbbd00a6}">
                        <labels>
                          <label description="Date Reference 1 Requested" languagecode="1033" />
                        </labels>
                        <control id="bpf_pfc_vacancyapplication_new_joboffertoemployee:pfc_datereference1requested" classid="{5b773807-9fb2-42db-97c3-7a91eff8adff}" datafieldname="pfc_datereference1requested" relationship="bpf_pfc_vacancyapplication_new_joboffertoemployee" isrequired="false" disabled="false" />
                      </cell>
                    </row>
                    <row>
                      <cell id="{7bd5e2d3-5172-421b-9e55-87d3b4dcfcbc}" showlabel="true" visible="true" labelid="{0b4d267c-c0b0-46a5-9827-a65cec7043ad}">
                        <labels>
                          <label description="Date Reference 2 Requested" languagecode="1033" />
                        </labels>
                        <control id="bpf_pfc_vacancyapplication_new_joboffertoemployee:pfc_datereference2requested" classid="{5b773807-9fb2-42db-97c3-7a91eff8adff}" datafieldname="pfc_datereference2requested" relationship="bpf_pfc_vacancyapplication_new_joboffertoemployee" isrequired="false" disabled="false" />
                      </cell>
                    </row>
                    <row>
                      <cell id="{33c217cd-e6e3-4f71-93ed-d20bd07eaf51}" showlabel="true" visible="true" labelid="{a7c91281-b2ad-484b-863e-b7d7bb07aa02}">
                        <labels>
                          <label description="Date Reference 1 Verified" languagecode="1033" />
                        </labels>
                        <control id="bpf_pfc_vacancyapplication_new_joboffertoemployee:pfc_dateemployeereference1isverified" classid="{5b773807-9fb2-42db-97c3-7a91eff8adff}" datafieldname="pfc_dateemployeereference1isverified" relationship="bpf_pfc_vacancyapplication_new_joboffertoemployee" isrequired="false" disabled="false" />
                      </cell>
                    </row>
                    <row>
                      <cell id="{4504a9e7-a583-4e8a-b3d3-a6bbaa9b4145}" showlabel="true" visible="true" labelid="{62ba84c5-4fc5-4670-b47a-078cfbfd12d7}">
                        <labels>
                          <label description="Date Reference 2 Verified" languagecode="1033" />
                        </labels>
                        <control id="bpf_pfc_vacancyapplication_new_joboffertoemployee:pfc_dateemployeereference2isverified" classid="{5b773807-9fb2-42db-97c3-7a91eff8adff}" datafieldname="pfc_dateemployeereference2isverified" relationship="bpf_pfc_vacancyapplication_new_joboffertoemployee" isrequired="false" disabled="false" />
                      </cell>
                    </row>
                    <row>
                      <cell id="{040e9a55-620e-4ed2-93c6-6a10c2d708cb}" showlabel="true" visible="true" labelid="{8ec5f87c-c2a0-4dc5-ae92-72df943fb818}">
                        <labels>
                          <label description="Date ID, RTW &amp; DBS Docs Verified" languagecode="1033" />
                        </labels>
                        <control id="bpf_pfc_vacancyapplication_new_joboffertoemployee:pfc_dateidrtwdbsapplicationdocumentsverified" classid="{5b773807-9fb2-42db-97c3-7a91eff8adff}" datafieldname="pfc_dateidrtwdbsapplicationdocumentsverified" relationship="bpf_pfc_vacancyapplication_new_joboffertoemployee" isrequired="false" disabled="false" />
                      </cell>
                    </row>
                    <row>
                      <cell id="{3b4bdb96-8bcc-4a5f-a579-fcca52dca8fb}" showlabel="true" visible="true" labelid="{dca72ecb-0faa-4f5e-a696-7cca4dd0ccc2}">
                        <labels>
                          <label description="Date DBS Application Submitted" languagecode="1033" />
                        </labels>
                        <control id="bpf_pfc_vacancyapplication_new_joboffertoemployee:pfc_datedbsapplicationsubmitted" classid="{5b773807-9fb2-42db-97c3-7a91eff8adff}" datafieldname="pfc_datedbsapplicationsubmitted" relationship="bpf_pfc_vacancyapplication_new_joboffertoemployee" isrequired="false" disabled="false" />
                      </cell>
                    </row>
                    <row>
                      <cell id="{403c6620-264e-4838-acb6-903e963a090a}" showlabel="true" visible="true" labelid="{d8f346fc-b181-4afa-9e1b-a13d5930910c}">
                        <labels>
                          <label description="Date ISA First Complete (If Delayed DBS)" languagecode="1033" />
                        </labels>
                        <control id="bpf_pfc_vacancyapplication_new_joboffertoemployee:pfc_dateisafirstcompleteonlyifdelayeddbs" classid="{5b773807-9fb2-42db-97c3-7a91eff8adff}" datafieldname="pfc_dateisafirstcompleteonlyifdelayeddbs" relationship="bpf_pfc_vacancyapplication_new_joboffertoemployee" isrequired="false" disabled="false" />
                      </cell>
                    </row>
                    <row>
                      <cell id="{bff98019-48a3-47f1-9257-6a5ada0f3fe4}" showlabel="true" visible="true" labelid="{6c61a2c2-2215-4556-bd53-17d0a7ad09f9}">
                        <labels>
                          <label description="Date ISA Or DBS Risk Assessments" languagecode="1033" />
                        </labels>
                        <control id="bpf_pfc_vacancyapplication_new_joboffertoemployee:pfc_dateisaordbsriskassessmentsputinplace" classid="{5b773807-9fb2-42db-97c3-7a91eff8adff}" datafieldname="pfc_dateisaordbsriskassessmentsputinplace" relationship="bpf_pfc_vacancyapplication_new_joboffertoemployee" isrequired="false" disabled="false" />
                      </cell>
                    </row>
                    <row>
                      <cell id="{74e6ba93-d705-4973-808d-36e465724a05}" showlabel="true" visible="true" labelid="{7e38e764-bacd-46b7-a744-7e475c882654}">
                        <labels>
                          <label description="Date DBS Received " languagecode="1033" />
                        </labels>
                        <control id="bpf_pfc_vacancyapplication_new_joboffertoemployee:pfc_datedbsreceived" classid="{5b773807-9fb2-42db-97c3-7a91eff8adff}" datafieldname="pfc_datedbsreceived" relationship="bpf_pfc_vacancyapplication_new_joboffertoemployee" isrequired="false" disabled="false" />
                      </cell>
                    </row>
                    <row>
                      <cell id="{bffaf8f4-b0cd-4143-a821-f6227b6428a6}" showlabel="true" visible="true" labelid="{ff5d0aa2-2d08-48f1-8f14-22b7caf3602f}">
                        <labels>
                          <label description="DBS Certificate Number" languagecode="1033" />
                        </labels>
                        <control id="bpf_pfc_vacancyapplication_new_joboffertoemployee:pfc_dbscertificatenumber" classid="{4273edbd-ac1d-40d3-9fb2-095c621b552d}" datafieldname="pfc_dbscertificatenumber" relationship="bpf_pfc_vacancyapplication_new_joboffertoemployee" isrequired="true" disabled="false" />
                      </cell>
                    </row>
                    <row>
                      <cell id="{e61a7506-e360-45ef-a13b-35786e7d95d9}" showlabel="true" visible="true" labelid="{8ad52076-57b6-4f92-bb97-f0497f4b47e2}">
                        <labels>
                          <label description="Contract Signature Date" languagecode="1033" />
                        </labels>
                        <control id="bpf_pfc_vacancyapplication_new_joboffertoemployee:pfc_contractsignaturedate" classid="{5b773807-9fb2-42db-97c3-7a91eff8adff}" datafieldname="pfc_contractsignaturedate" relationship="bpf_pfc_vacancyapplication_new_joboffertoemployee" isrequired="true" disabled="false" />
                      </cell>
                    </row>
                    <row>
                      <cell id="{5a99b81a-fd48-46e2-b453-13811f5df6c8}" showlabel="true" visible="true" labelid="{95522960-8f48-4de7-b3b0-4a9d2cc4a17c}">
                        <labels>
                          <label description="Date HR And IT Notified" languagecode="1033" />
                        </labels>
                        <control id="bpf_pfc_vacancyapplication_new_joboffertoemployee:pfc_datehranditnotified" classid="{5b773807-9fb2-42db-97c3-7a91eff8adff}" datafieldname="pfc_datehranditnotified" relationship="bpf_pfc_vacancyapplication_new_joboffertoemployee" isrequired="false" disabled="false" />
                      </cell>
                    </row>
                    <row>
                      <cell id="{4aee32cd-dd75-4ac3-9684-6329ecee63d9}" showlabel="true" visible="true" labelid="{7271fee3-f3f9-4cc6-9f4f-b3814454cb04}">
                        <labels>
                          <label description="Appoint As Probationer" languagecode="1033" />
                        </labels>
                        <control id="Step_47:9c710f98-a65f-eb11-a812-0022481a7dc3_flowstep" classid="{00ad73da-bd4d-49c6-88a8-2f4f4cad4a20}" datafieldname="Step_47" isrequired="false" disabled="false" />
                      </cell>
                    </row>
                    <row>
                      <cell id="{5c877ac7-5b3b-4bbe-946d-bb6404fb6f0a}" showlabel="true" visible="true" labelid="{c7d61016-006e-4bfc-b1d9-20253aaee49e}">
                        <labels>
                          <label description="Date Appointed As Probationer" languagecode="1033" />
                        </labels>
                        <control id="bpf_pfc_vacancyapplication_new_joboffertoemployee:pfc_dateappointedaspobationer" classid="{5b773807-9fb2-42db-97c3-7a91eff8adff}" datafieldname="pfc_dateappointedaspobationer" relationship="bpf_pfc_vacancyapplication_new_joboffertoemployee" isrequired="true" disabled="false" />
                      </cell>
                    </row>
                  </rows>
                </section>
              </sections>
            </column>
          </columns>
        </tab>
      </tabs>
    </form>
    <IsCustomizable>1</IsCustomizable>
    <CanBeDeleted>1</CanBeDeleted>
    <LocalizedNames>
      <LocalizedName description="Information" languagecode="1033" />
    </LocalizedNames>
    <Descriptions>
      <Description description="A form for this entity." languagecode="1033" />
    </Descriptions>
  </systemform>
</forms>