﻿<?xml version="1.0" encoding="utf-8"?>
<forms xmlns:xsi="http://www.w3.org/2001/XMLSchema-instance">
  <systemform>
    <formid>{3117b11e-221d-eb11-a813-000d3a86ad30}</formid>
    <IntroducedVersion>1.0.0.54</IntroducedVersion>
    <FormPresentation>1</FormPresentation>
    <FormActivationState>1</FormActivationState>
    <form headerdensity="HighWithControls">
      <tabs>
        <tab verticallayout="true" id="{ae84728d-5c3b-4733-86d0-f7801d440115}" IsUserDefined="1" name="general_tab" labelid="{59d87f5c-6396-4e86-9d42-335e26bba100}" locklevel="0" expanded="true" showlabel="true">
          <labels>
            <label description="General" languagecode="1033" />
          </labels>
          <columns>
            <column width="100%">
              <sections>
                <section showlabel="false" showbar="false" IsUserDefined="0" id="{0622b5ce-3c3d-4a04-b72e-0b37fb0a279e}" visible="false" labelid="{283c6200-1674-4ebb-b85e-87b0e0e2ceaa}">
                  <labels>
                    <label description="General" languagecode="1033" />
                  </labels>
                  <rows>
                    <row>
                      <cell id="{6a1a086a-878c-4550-93f4-ea2c5adc2b9b}" visible="false" labelid="{defbd9f1-7c92-49c9-80e0-7eecad924022}">
                        <labels>
                          <label description="Owner" languagecode="1033" />
                        </labels>
                        <control id="ownerid" classid="{270BD3DB-D9AF-4782-9025-509E298DEC0A}" datafieldname="ownerid" uniqueid="{eda1238c-1d8c-464b-ee2d-92310531458c}" />
                      </cell>
                    </row>
                  </rows>
                </section>
                <section name="General_section_3" id="d7a675ef-c1ec-41c2-aa81-c5e6b132047b" IsUserDefined="0" locklevel="0" showlabel="false" showbar="false" layout="varwidth" celllabelalignment="Left" celllabelposition="Top" columns="1" labelwidth="115" labelid="{14b890e7-f964-4b97-9f99-5542216b2703}">
                  <labels>
                    <label description="New Section" languagecode="1033" />
                  </labels>
                  <rows>
                    <row>
                      <cell id="{9fee1612-e3cd-4e92-80b1-30adb1c1a04a}" labelid="{f2dbce4f-ff07-43af-a170-675bf9afb1c5}" visible="false">
                        <labels>
                          <label description="No" languagecode="1033" />
                        </labels>
                        <control id="pfc_no" classid="{4273EDBD-AC1D-40d3-9FB2-095C621B552D}" datafieldname="pfc_no" disabled="true" uniqueid="{d65ea4d0-584e-7c87-8dd9-e68857cca23a}" />
                      </cell>
                    </row>
                    <row>
                      <cell id="{ce1eb394-c2d4-4eb5-a588-2acc5e98ef7c}" showlabel="true" locklevel="0" labelid="{ec7c097b-0aba-442d-8790-c940b62820b1}" visible="false">
                        <labels>
                          <label description="Applicant" languagecode="1033" />
                        </labels>
                        <control id="pfc_applicant" classid="{270BD3DB-D9AF-4782-9025-509E298DEC0A}" datafieldname="pfc_applicant" disabled="true" uniqueid="{c7425928-07c7-3056-5037-7ed76d02d592}">
                          <parameters>
                            <DisableViewPicker>true</DisableViewPicker>
                          </parameters>
                        </control>
                      </cell>
                    </row>
                    <row>
                      <cell id="{9c7c03bd-8591-48d0-aac7-6e30f931ffb7}" showlabel="true" locklevel="0" labelid="{42e86eea-80ca-46a4-97e9-184a2f549463}" visible="false">
                        <labels>
                          <label description="Vacancy" languagecode="1033" />
                        </labels>
                        <control id="pfc_vacancy" classid="{270BD3DB-D9AF-4782-9025-509E298DEC0A}" datafieldname="pfc_vacancy" disabled="true">
                          <parameters>
                            <DisableViewPicker>true</DisableViewPicker>
                            <DefaultViewId>{E91706BE-B2DE-4DD1-8D34-496DA7B95D10}</DefaultViewId>
                            <AvailableViewIds>{E91706BE-B2DE-4DD1-8D34-496DA7B95D10},{AFE872A8-9BE3-EA11-A813-000D3A86A8CF},{0AF07A7A-B19F-4F96-A2E7-F4126104AED0},{F444F6FB-2123-47D7-AD40-D9A5FC81A1B2}</AvailableViewIds>
                          </parameters>
                        </control>
                      </cell>
                    </row>
                    <row>
                      <cell id="{01774386-ecc5-4af2-a3b0-65ef476fb209}" locklevel="0">
                        <labels>
                          <label description="I give consent for Pathway for Care to store and process my data and image throughout the whole recruitment process and potential employment, in accordance with current Data Protection regulation." languagecode="1033" />
                        </labels>
                        <control id="pfc_wholerecruitmentprocessconsent" classid="{67FAC785-CD58-4F9F-ABB3-4B7DDC6ED5ED}" datafieldname="pfc_wholerecruitmentprocessconsent" disabled="false" uniqueid="{9177d77b-c24c-4350-1608-2dd784184ba4}" />
                      </cell>
                    </row>
                    <row>
                      <cell id="{532b22f4-c166-44ae-8157-72d00747493c}" locklevel="0">
                        <labels>
                          <label description="I give consent for Pathway for Care to store and process my data to answer my enquiries and check references." languagecode="1033" />
                        </labels>
                        <control id="pfc_referencesconsent" classid="{67FAC785-CD58-4F9F-ABB3-4B7DDC6ED5ED}" datafieldname="pfc_referencesconsent" disabled="false" />
                      </cell>
                    </row>
                    <row>
                      <cell id="{23a9f609-81dc-4077-96eb-65fe8c0f63a9}" locklevel="0">
                        <labels>
                          <label description="I give consent for Pathway for Care to store and process my data as part of the screening process. I understand the personal information I provide may be check with third parties relevant to the recruitment process." languagecode="1033" />
                        </labels>
                        <control id="pfc_thirdpartyconsent" classid="{67FAC785-CD58-4F9F-ABB3-4B7DDC6ED5ED}" datafieldname="pfc_thirdpartyconsent" disabled="false" />
                      </cell>
                    </row>
                    <row>
                      <cell id="{a02a9124-4edc-4313-9b92-a9d046ed3b81}" locklevel="0">
                        <labels>
                          <label description="I understand that if unsuccessful, Pathway for Care will only keep my interview questionnaires and interview notes – any other data will be destroyed." languagecode="1033" />
                        </labels>
                        <control id="pfc_dataretentionconsent" classid="{67FAC785-CD58-4F9F-ABB3-4B7DDC6ED5ED}" datafieldname="pfc_dataretentionconsent" disabled="false" />
                      </cell>
                    </row>
                    <row>
                      <cell id="{ce734450-f327-4243-a173-3f0dc17c27ae}" locklevel="0">
                        <labels>
                          <label description="If, I am successful and accept employment at Pathway for Care; I consent for my data, images and records to be stored and used by Pathway for Care in accordance with current Data Protection regulation." languagecode="1033" />
                        </labels>
                        <control id="pfc_employeedatastorageconsent" classid="{67FAC785-CD58-4F9F-ABB3-4B7DDC6ED5ED}" datafieldname="pfc_employeedatastorageconsent" disabled="false" />
                      </cell>
                    </row>
                  </rows>
                </section>
              </sections>
            </column>
          </columns>
        </tab>
        <tab name="vbq_tab" id="b75dbe3f-b11f-4735-9d87-156155d42a46" IsUserDefined="0" locklevel="0" showlabel="true" expanded="true">
          <labels>
            <label description="Value Base Questionnaire" languagecode="1033" />
          </labels>
          <columns>
            <column width="100%">
              <sections>
                <section name="diversity_inclusion_tab_section" id="ba12b4ec-74a2-4873-bf2b-f24baf57b687" IsUserDefined="0" locklevel="0" showlabel="false" showbar="false" layout="varwidth" celllabelalignment="Left" celllabelposition="Top" columns="1" labelwidth="115">
                  <labels>
                    <label description="Diversity &amp; Inclusion" languagecode="1033" />
                  </labels>
                  <rows>
                    <row>
                      <cell id="{274e319d-4f45-462d-9fdf-79507815a910}" locklevel="0">
                        <labels>
                          <label description="Describe a time you demonstrated respectful behaviour that was tolerant of another’s views." languagecode="1033" />
                        </labels>
                        <control id="pfc_respectfulbehaviour" classid="{E0DECE4B-6FC8-4A8F-A065-082708572369}" datafieldname="pfc_respectfulbehaviour" disabled="false" />
                      </cell>
                    </row>
                  </rows>
                </section>
                <section name="integrity_tab_section" id="e1d36976-72b8-43f4-8538-29217a0c27fb" IsUserDefined="0" locklevel="0" showlabel="false" showbar="false" layout="varwidth" celllabelalignment="Left" celllabelposition="Top" columns="1" labelwidth="115">
                  <labels>
                    <label description="Integrity and Work Ethic" languagecode="1033" />
                  </labels>
                  <rows>
                    <row>
                      <cell id="{dcffcc3e-3334-48d3-a3db-6ddae5652388}" locklevel="0">
                        <labels>
                          <label description="How do you motivate yourself when faced with a task you don’t enjoy?" languagecode="1033" />
                        </labels>
                        <control id="pfc_selfmotivation" classid="{E0DECE4B-6FC8-4A8F-A065-082708572369}" datafieldname="pfc_selfmotivation" disabled="false" />
                      </cell>
                    </row>
                  </rows>
                </section>
                <section name="collaboration_tab_5_section" id="9da620b0-95a6-4fc9-8203-e74bd8919155" IsUserDefined="0" locklevel="0" showlabel="false" showbar="false" layout="varwidth" celllabelalignment="Left" celllabelposition="Top" columns="1" labelwidth="115">
                  <labels>
                    <label description="Collaboration &amp; Innovation" languagecode="1033" />
                  </labels>
                  <rows>
                    <row>
                      <cell id="{57b4a672-078a-40a6-9bfd-904290ac9b4c}" locklevel="0">
                        <labels>
                          <label description="Describe a situation where you made a mistake. What happened? What would you do differently another time? What did you learn from this about yourself?" languagecode="1033" />
                        </labels>
                        <control id="pfc_mistakesandlearning" classid="{E0DECE4B-6FC8-4A8F-A065-082708572369}" datafieldname="pfc_mistakesandlearning" disabled="false" />
                      </cell>
                    </row>
                  </rows>
                </section>
                <section name="care_tab_section" id="472d05e8-e438-4f47-aad9-7e347332bcfb" IsUserDefined="0" locklevel="0" showlabel="false" showbar="false" layout="varwidth" celllabelalignment="Left" celllabelposition="Top" columns="1" labelwidth="115">
                  <labels>
                    <label description="Care &amp; Safety" languagecode="1033" />
                  </labels>
                  <rows>
                    <row>
                      <cell id="{d24b4790-73d4-4021-b93b-5c38a8ae67c5}" locklevel="0" showlabel="true">
                        <labels>
                          <label description="What aspects of the role you applied for would you find most and least enjoyable?" languagecode="1033" />
                        </labels>
                        <control id="pfc_likesanddislikes" classid="{E0DECE4B-6FC8-4A8F-A065-082708572369}" datafieldname="pfc_likesanddislikes" disabled="false" uniqueid="{545e06c6-b201-ad44-2836-aed5d22d7ec8}" />
                      </cell>
                    </row>
                  </rows>
                </section>
                <section name="respect_tab_section" id="4194f850-0fc4-4c8f-b670-a8126ddd0a21" IsUserDefined="0" locklevel="0" showlabel="false" showbar="false" layout="varwidth" celllabelalignment="Left" celllabelposition="Top" columns="1" labelwidth="115">
                  <labels>
                    <label description="Respect, Compassion &amp; Customer Orientation" languagecode="1033" />
                  </labels>
                  <rows>
                    <row>
                      <cell id="{950baa7a-367c-0e70-2c03-8668d3b94ce1}" showlabel="true" locklevel="0">
                        <labels>
                          <label description="Tell me about a time when you've had to deal with an upset Service user/client" languagecode="1033" />
                        </labels>
                        <control id="pfc_importanceofcompassion" classid="{E0DECE4B-6FC8-4a8f-A065-082708572369}" datafieldname="pfc_importanceofcompassion" disabled="false" uniqueid="{8aa24b0c-ec96-9c3c-5324-e25630eca987}" />
                      </cell>
                    </row>
                  </rows>
                </section>
              </sections>
            </column>
          </columns>
        </tab>
        <tab name="submit_dec_tab" id="93fe3241-16dc-4c7e-9aaa-8c43f0649498" IsUserDefined="0" locklevel="0" showlabel="true" labelid="{68d281bf-9a7d-4262-9e38-0c8dd37e6c59}" expanded="true">
          <labels>
            <label description="Submission Declaration" languagecode="1033" />
          </labels>
          <columns>
            <column width="100%">
              <sections>
                <section name="submission_dec_section" id="3308e338-a2c8-4064-a0a3-6c02088fd310" IsUserDefined="0" locklevel="0" showlabel="true" showbar="false" layout="varwidth" celllabelalignment="Left" celllabelposition="Top" columns="1111" labelwidth="115" labelid="{55e478f5-308a-46a2-9c61-17ef7030353f}">
                  <labels>
                    <label description="Submission Declaration" languagecode="1033" />
                  </labels>
                  <rows>
                    <row>
                      <cell id="{2f2f67b4-c396-4ea1-bc67-76dcfb8253a8}" locklevel="0">
                        <labels>
                          <label description="I confirm that I have completed this form to the best of my knowledge and belief" languagecode="1033" />
                        </labels>
                        <control id="pfc_submissiondeclaration" classid="{3EF39988-22BB-4F0B-BBBE-64B5A3748AEE}" datafieldname="pfc_submissiondeclaration" disabled="false" />
                      </cell>
                      <cell showlabel="false" locklevel="0" id="{1bb99a04-6f34-4856-a139-53b7a79c62a8}">
                        <labels>
                          <label description="" languagecode="1033" />
                        </labels>
                      </cell>
                      <cell showlabel="false" locklevel="0" id="{eec877ca-1c36-4014-9651-e1927540bb57}">
                        <labels>
                          <label description="" languagecode="1033" />
                        </labels>
                      </cell>
                      <cell showlabel="false" locklevel="0" id="{aff3cb74-55f7-425c-8f7f-eb56ad6a1323}">
                        <labels>
                          <label description="" languagecode="1033" />
                        </labels>
                      </cell>
                    </row>
                    <row>
                      <cell locklevel="0" id="{d6e8094d-af0a-4f17-a848-0283193f40c1}" showlabel="false">
                        <labels>
                          <label description="" languagecode="1033" />
                        </labels>
                      </cell>
                      <cell locklevel="0" id="{10dbc59c-9273-4a26-a34e-325f665e0129}" showlabel="false">
                        <labels>
                          <label description="" languagecode="1033" />
                        </labels>
                      </cell>
                      <cell locklevel="0" id="{5c288df6-0d8b-492d-9c9a-cda936a6b9aa}" showlabel="false">
                        <labels>
                          <label description="" languagecode="1033" />
                        </labels>
                      </cell>
                      <cell locklevel="0" id="{9d5f9a4e-56ac-4874-b1fd-48916ba1190a}" showlabel="false">
                        <labels>
                          <label description="" languagecode="1033" />
                        </labels>
                      </cell>
                    </row>
                  </rows>
                </section>
              </sections>
            </column>
          </columns>
        </tab>
      </tabs>
      <header id="{8d8f8237-3523-4b8b-8881-b097876dba40}" celllabelposition="Top" columns="111" labelwidth="115" celllabelalignment="Left">
        <rows>
          <row>
            <cell id="{63377553-74a8-4513-be03-3f64970f1005}" showlabel="false" labelid="{d269fe9f-ed3d-4788-b5a5-3cf89ac41670}">
              <labels>
                <label description="" languagecode="1033" />
              </labels>
            </cell>
            <cell id="{9174a1db-7456-4c80-9e22-e3cd1f5f5174}" showlabel="false" labelid="{937e19b5-1ec2-4bbd-afda-263d23b10603}">
              <labels>
                <label description="" languagecode="1033" />
              </labels>
            </cell>
            <cell id="{7a88e414-9c26-4deb-9233-77e9706d318b}" showlabel="false" labelid="{f01edeb4-b27c-4a3e-a08d-353339c6ae61}">
              <labels>
                <label description="" languagecode="1033" />
              </labels>
            </cell>
            <cell id="{1aef80e7-c22b-4849-9069-e7e59d6b1fc9}" locklevel="0" labelid="{755f2272-c230-4265-bba3-551f869b9b98}">
              <labels>
                <label description="Owner" languagecode="1033" />
              </labels>
              <control id="header_ownerid" classid="{270BD3DB-D9AF-4782-9025-509E298DEC0A}" datafieldname="ownerid" disabled="false" />
            </cell>
          </row>
        </rows>
      </header>
      <footer id="{c339c239-e2f7-46d8-87f9-042bbb64d5e8}" celllabelposition="Top" columns="111" labelwidth="115" celllabelalignment="Left">
        <rows>
          <row>
            <cell id="{dcb9a449-d091-46d5-9756-889036c1a1ed}" showlabel="false" labelid="{8219b3f1-8265-409b-8e8b-6b4d488aa492}">
              <labels>
                <label description="" languagecode="1033" />
              </labels>
            </cell>
            <cell id="{842a7861-e277-4e87-bb2e-cce3652622af}" showlabel="false" labelid="{1c54d2bb-f015-4d8a-85e5-397072a11b73}">
              <labels>
                <label description="" languagecode="1033" />
              </labels>
            </cell>
            <cell id="{bef4ba6c-c905-4be2-b508-65f8a22f0434}" showlabel="false" labelid="{a0069674-5884-4234-ad88-09d719c6cfb3}">
              <labels>
                <label description="" languagecode="1033" />
              </labels>
            </cell>
          </row>
        </rows>
      </footer>
      <controlDescriptions />
      <Navigation>
        <NavBar />
        <NavBarAreas>
          <NavBarArea Id="Info">
            <Titles>
              <Title LCID="1033" Text="Common" />
            </Titles>
          </NavBarArea>
          <NavBarArea Id="Sales">
            <Titles>
              <Title LCID="1033" Text="Sales" />
            </Titles>
          </NavBarArea>
          <NavBarArea Id="Service">
            <Titles>
              <Title LCID="1033" Text="Service" />
            </Titles>
          </NavBarArea>
          <NavBarArea Id="Marketing">
            <Titles>
              <Title LCID="1033" Text="Marketing" />
            </Titles>
          </NavBarArea>
          <NavBarArea Id="ProcessCenter">
            <Titles>
              <Title LCID="1033" Text="Process Sessions" />
            </Titles>
          </NavBarArea>
        </NavBarAreas>
      </Navigation>
      <DisplayConditions Order="2" FallbackForm="false">
        <Role Id="{627090ff-40a3-4053-8790-584edc5be201}" />
        <Role Id="{119f245c-3cc8-4b62-b31c-d1a046ced15d}" />
      </DisplayConditions>
    </form>
    <IsCustomizable>1</IsCustomizable>
    <CanBeDeleted>1</CanBeDeleted>
    <LocalizedNames>
      <LocalizedName description="Vacancy Application Web Form" languagecode="1033" />
    </LocalizedNames>
    <Descriptions>
      <Description description="Vacancy Application form for Web Portal." languagecode="1033" />
    </Descriptions>
  </systemform>
</forms>