﻿<?xml version="1.0" encoding="utf-8"?>
<forms xmlns:xsi="http://www.w3.org/2001/XMLSchema-instance">
  <systemform>
    <formid>{b384e01c-dc31-44cd-aa92-d2cf29aee95b}</formid>
    <IntroducedVersion>1.0.0.0</IntroducedVersion>
    <FormPresentation>1</FormPresentation>
    <FormActivationState>1</FormActivationState>
    <form>
      <tabs>
        <tab verticallayout="true" id="{f651edd6-e3df-4dc3-aac5-311866a5baee}" IsUserDefined="1">
          <labels>
            <label description="" languagecode="1033" />
          </labels>
          <columns>
            <column width="100%">
              <sections>
                <section showlabel="false" showbar="false" IsUserDefined="0" id="{476cd52f-57ae-4de4-be8c-d1142be2c0e6}">
                  <labels>
                    <label description="GENERAL" languagecode="1033" />
                  </labels>
                  <rows>
                    <row>
                      <cell id="{9810157f-d63c-4666-aadf-ea12cd78d07e}">
                        <labels>
                          <label description="" languagecode="1033" />
                        </labels>
                        <control id="pfc_schoolname" classid="{4273EDBD-AC1D-40d3-9FB2-095C621B552D}" datafieldname="pfc_schoolname" />
                      </cell>
                    </row>
                    <row>
                      <cell id="{c74245a4-b7ce-44f7-a5f2-dc22a828d49f}">
                        <labels>
                          <label description="" languagecode="1033" />
                        </labels>
                        <control id="ownerid" classid="{270BD3DB-D9AF-4782-9025-509E298DEC0A}" datafieldname="ownerid" />
                      </cell>
                    </row>
                  </rows>
                </section>
              </sections>
            </column>
          </columns>
        </tab>
      </tabs>
    </form>
    <IsCustomizable>1</IsCustomizable>
    <CanBeDeleted>1</CanBeDeleted>
    <LocalizedNames>
      <LocalizedName description="Information" languagecode="1033" />
    </LocalizedNames>
  </systemform>
</forms>