﻿<?xml version="1.0" encoding="utf-8"?>
<forms xmlns:xsi="http://www.w3.org/2001/XMLSchema-instance">
  <systemform>
    <formid>{39e69408-28d0-ea11-a813-000d3a86a8cf}</formid>
    <IntroducedVersion>1.0.0.0</IntroducedVersion>
    <FormPresentation>1</FormPresentation>
    <FormActivationState>1</FormActivationState>
    <form headerdensity="HighWithControls">
      <tabs>
        <tab verticallayout="true" id="{5ce81936-327f-475f-8f80-185bd6e59502}" IsUserDefined="1" name="Employment _" labelid="{336ac993-8820-4a78-9223-0f0fe1c8032b}">
          <labels>
            <label description="Employment Details" languagecode="1033" />
          </labels>
          <columns>
            <column width="100%">
              <sections>
                <section showlabel="false" showbar="false" IsUserDefined="0" id="{097339e6-5931-4453-8861-437dc22e13ef}" visible="false" labelid="{c59f6f4d-8baf-4e4b-bfbd-0bcfb2426d7f}">
                  <labels>
                    <label description="General" languagecode="1033" />
                  </labels>
                  <rows>
                    <row>
                      <cell id="{41eb1961-bdde-4bc6-b018-9cb1d91ad32d}" visible="false" labelid="{8cf8b4a7-64e2-4e1c-b8e6-b4ed4223427b}">
                        <labels>
                          <label description="Owner" languagecode="1033" />
                        </labels>
                        <control id="ownerid" classid="{270BD3DB-D9AF-4782-9025-509E298DEC0A}" datafieldname="ownerid" />
                      </cell>
                    </row>
                  </rows>
                </section>
                <section name="employment_section" id="71190c36-1a2c-4d21-bcf7-d80138d34f5f" IsUserDefined="0" locklevel="0" showlabel="false" showbar="false" layout="varwidth" celllabelalignment="Left" celllabelposition="Left" columns="11" labelwidth="115" labelid="{4d6e05f9-28fd-42f8-ad7f-40d95051fa13}">
                  <labels>
                    <label description="Employment" languagecode="1033" />
                  </labels>
                  <rows>
                    <row>
                      <cell id="{70b67ea9-5c7a-4a4c-bf7d-add739d3c58f}" locklevel="0">
                        <labels>
                          <label description="Gap in Employment" languagecode="1033" />
                        </labels>
                        <control id="pfc_isgapinemployment" classid="{67FAC785-CD58-4F9F-ABB3-4B7DDC6ED5ED}" datafieldname="pfc_isgapinemployment" disabled="false" />
                      </cell>
                      <cell id="{138f0cd3-b106-42eb-89df-0e25e6e049ff}" showlabel="true" locklevel="0" visible="false" labelid="{f0de0ca3-0e10-4a2f-a59e-97bb7c06ce88}">
                        <labels>
                          <label description="Applicant" languagecode="1033" />
                        </labels>
                        <control id="pfc_applicant" classid="{270BD3DB-D9AF-4782-9025-509E298DEC0A}" datafieldname="pfc_applicant" disabled="false">
                          <parameters>
                            <DisableViewPicker>true</DisableViewPicker>
                          </parameters>
                        </control>
                      </cell>
                    </row>
                    <row>
                      <cell id="{d67f6685-4771-4394-8a31-ffdf57d74b84}" locklevel="0">
                        <labels>
                          <label description="Reason for Gap" languagecode="1033" />
                        </labels>
                        <control id="pfc_reasonforgap" classid="{4273EDBD-AC1D-40D3-9FB2-095C621B552D}" datafieldname="pfc_reasonforgap" disabled="false" />
                      </cell>
                      <cell showlabel="true" locklevel="0" id="{ce9aeca7-6ee7-4fc3-8703-bc4099a284ab}" labelid="{0057af92-856d-44cb-a8b1-f1bb5ea8baca}">
                        <labels>
                          <label description="" languagecode="1033" />
                        </labels>
                      </cell>
                    </row>
                    <row>
                      <cell id="{df11f9d2-b79c-4d61-9882-0ca91238fc26}" labelid="{887efd33-c26f-4bf9-97fd-71fd1e09f38a}">
                        <labels>
                          <label description="Employer Name" languagecode="1033" />
                        </labels>
                        <control id="pfc_employername" classid="{4273EDBD-AC1D-40d3-9FB2-095C621B552D}" datafieldname="pfc_employername" />
                      </cell>
                      <cell locklevel="0" id="{a962887e-6ebf-4ba8-bb18-db6bb599fdd9}" showlabel="false">
                        <labels>
                          <label description="" languagecode="1033" />
                        </labels>
                      </cell>
                    </row>
                    <row>
                      <cell id="{d73f3b6d-c356-40ad-9dfb-f32695123a46}" showlabel="true" locklevel="0" labelid="{c735421e-0206-48ca-8985-6f69289b072b}">
                        <labels>
                          <label description="Job Title" languagecode="1033" />
                        </labels>
                        <control id="pfc_jobtitle" classid="{4273EDBD-AC1D-40D3-9FB2-095C621B552D}" datafieldname="pfc_jobtitle" disabled="false" />
                      </cell>
                      <cell locklevel="0" id="{c6db9790-0a5b-480b-ae93-54aeeb5d733a}" showlabel="false">
                        <labels>
                          <label description="" languagecode="1033" />
                        </labels>
                      </cell>
                    </row>
                    <row>
                      <cell id="{dc767072-f734-47f9-9fec-789b0b884949}" showlabel="true" locklevel="0" labelid="{02b274d4-0ef6-44dc-b6b2-2de2b823c82d}">
                        <labels>
                          <label description="Start Date" languagecode="1033" />
                        </labels>
                        <control id="pfc_startdate" classid="{5B773807-9FB2-42DB-97C3-7A91EFF8ADFF}" datafieldname="pfc_startdate" disabled="false" />
                      </cell>
                      <cell locklevel="0" id="{0319f644-bf8b-4085-baee-3b39f853df23}" showlabel="false">
                        <labels>
                          <label description="" languagecode="1033" />
                        </labels>
                      </cell>
                    </row>
                    <row>
                      <cell id="{acfdad45-f10e-4551-8641-aaf14c576977}" locklevel="0" showlabel="true">
                        <labels>
                          <label description="Current Employment" languagecode="1033" />
                        </labels>
                        <control id="pfc_iscurrentemployment" classid="{B0C6723A-8503-4fd7-BB28-C8A06AC933C2}" datafieldname="pfc_iscurrentemployment" disabled="false" uniqueid="{be0e6697-9c4e-4b30-0b6d-a02c7869961d}" />
                      </cell>
                      <cell locklevel="0" id="{d85ddd85-6a6f-4980-bd7d-e8198d099bbb}" showlabel="false">
                        <labels>
                          <label description="" languagecode="1033" />
                        </labels>
                      </cell>
                    </row>
                    <row>
                      <cell id="{07ba707f-25c4-435b-8fe7-9b4aa33d0277}" showlabel="true" locklevel="0" labelid="{c8ed1919-fe7b-4174-894b-d62a55ebdfea}">
                        <labels>
                          <label description="End Date" languagecode="1033" />
                        </labels>
                        <control id="pfc_enddate" classid="{5B773807-9FB2-42DB-97C3-7A91EFF8ADFF}" datafieldname="pfc_enddate" disabled="false" />
                      </cell>
                      <cell id="{7181de66-debc-6192-46e6-c5d2102a68e0}" showlabel="false">
                        <labels>
                          <label description="" languagecode="1033" />
                        </labels>
                      </cell>
                    </row>
                    <row>
                      <cell id="{180c89f5-21fd-44d0-bc33-70f568ccae61}" showlabel="true" locklevel="0" labelid="{7a435005-fcd6-446b-8a1b-eb0cf4c4792a}">
                        <labels>
                          <label description="Reason for Leaving" languagecode="1033" />
                        </labels>
                        <control id="pfc_reasonforleaving" classid="{4273EDBD-AC1D-40D3-9FB2-095C621B552D}" datafieldname="pfc_reasonforleaving" disabled="false" />
                      </cell>
                      <cell locklevel="0" id="{27b0245d-a76b-4e2b-8c56-a092aafd8487}" showlabel="false">
                        <labels>
                          <label description="" languagecode="1033" />
                        </labels>
                      </cell>
                    </row>
                  </rows>
                </section>
              </sections>
            </column>
          </columns>
        </tab>
      </tabs>
      <header id="{b45859ea-3ff6-47cc-8f03-955bd59085cf}" celllabelposition="Top" columns="111" labelwidth="115" celllabelalignment="Left">
        <rows>
          <row>
            <cell id="{6046cf87-9b23-442c-a98e-5440c537532b}" showlabel="false" labelid="{5faa90c3-2386-4373-8f0e-1500d3eac9b1}">
              <labels>
                <label description="" languagecode="1033" />
              </labels>
            </cell>
            <cell id="{d8c63744-1f35-419c-af07-56e6fbb66e55}" showlabel="false" labelid="{338a9f62-f44b-4999-aeea-dd50bb4d8b5f}">
              <labels>
                <label description="" languagecode="1033" />
              </labels>
            </cell>
            <cell id="{04387e0d-d8d8-45d7-b15c-0c9d30dd6a8c}" showlabel="false" labelid="{d710772b-cd32-4103-95a4-82ba7eb354b3}">
              <labels>
                <label description="" languagecode="1033" />
              </labels>
            </cell>
          </row>
        </rows>
      </header>
      <footer id="{e0b7d764-ffe9-440c-b4c8-bd37ed39cd7a}" celllabelposition="Top" columns="111" labelwidth="115" celllabelalignment="Left">
        <rows>
          <row>
            <cell id="{8013dff3-b55d-46a7-b32e-dfc873b8f789}" showlabel="false" labelid="{474800b9-eb09-4085-bd92-048d91b55c7b}">
              <labels>
                <label description="" languagecode="1033" />
              </labels>
            </cell>
            <cell id="{72795266-2bcb-4637-b33a-d661f535e3df}" showlabel="false" labelid="{dea06c52-0d49-4457-9ae9-d0a1c3a6c843}">
              <labels>
                <label description="" languagecode="1033" />
              </labels>
            </cell>
            <cell id="{c68221d8-fda1-44c5-913c-1df44d6adb49}" showlabel="false" labelid="{b7b309ce-768e-4995-b687-90cb5ce7e107}">
              <labels>
                <label description="" languagecode="1033" />
              </labels>
            </cell>
          </row>
        </rows>
      </footer>
      <Navigation>
        <NavBar />
        <NavBarAreas>
          <NavBarArea Id="Info">
            <Titles>
              <Title LCID="1033" Text="Common" />
            </Titles>
          </NavBarArea>
          <NavBarArea Id="Sales">
            <Titles>
              <Title LCID="1033" Text="Sales" />
            </Titles>
          </NavBarArea>
          <NavBarArea Id="Service">
            <Titles>
              <Title LCID="1033" Text="Service" />
            </Titles>
          </NavBarArea>
          <NavBarArea Id="Marketing">
            <Titles>
              <Title LCID="1033" Text="Marketing" />
            </Titles>
          </NavBarArea>
          <NavBarArea Id="ProcessCenter">
            <Titles>
              <Title LCID="1033" Text="Process Sessions" />
            </Titles>
          </NavBarArea>
        </NavBarAreas>
      </Navigation>
      <controlDescriptions />
      <DisplayConditions Order="1" FallbackForm="true">
        <Role Id="{627090ff-40a3-4053-8790-584edc5be201}" />
        <Role Id="{119f245c-3cc8-4b62-b31c-d1a046ced15d}" />
      </DisplayConditions>
    </form>
    <IsCustomizable>1</IsCustomizable>
    <CanBeDeleted>1</CanBeDeleted>
    <LocalizedNames>
      <LocalizedName description="Employment History Web Form" languagecode="1033" />
    </LocalizedNames>
    <Descriptions>
      <Description description="A form for this entity." languagecode="1033" />
    </Descriptions>
  </systemform>
</forms>