﻿<?xml version="1.0" encoding="utf-8"?>
<forms xmlns:xsi="http://www.w3.org/2001/XMLSchema-instance">
  <systemform>
    <formid>{8c67bef2-b295-4296-95d0-64f9748fc766}</formid>
    <IntroducedVersion>1.0.0.0</IntroducedVersion>
    <FormPresentation>1</FormPresentation>
    <FormActivationState>1</FormActivationState>
    <form headerdensity="HighWithControls">
      <tabs>
        <tab verticallayout="true" id="{5ce81936-327f-475f-8f80-185bd6e59502}" IsUserDefined="1" name="Employment _">
          <labels>
            <label description="Employment Details" languagecode="1033" />
          </labels>
          <columns>
            <column width="100%">
              <sections>
                <section showlabel="false" showbar="false" IsUserDefined="0" id="{097339e6-5931-4453-8861-437dc22e13ef}" visible="false">
                  <labels>
                    <label description="General" languagecode="1033" />
                  </labels>
                  <rows>
                    <row>
                      <cell id="{41eb1961-bdde-4bc6-b018-9cb1d91ad32d}" visible="false">
                        <labels>
                          <label description="Owner" languagecode="1033" />
                        </labels>
                        <control id="ownerid" classid="{270BD3DB-D9AF-4782-9025-509E298DEC0A}" datafieldname="ownerid" />
                      </cell>
                    </row>
                  </rows>
                </section>
                <section name="employment_section" id="71190c36-1a2c-4d21-bcf7-d80138d34f5f" IsUserDefined="0" locklevel="0" showlabel="false" showbar="false" layout="varwidth" celllabelalignment="Left" celllabelposition="Left" columns="11" labelwidth="115">
                  <labels>
                    <label description="Employment" languagecode="1033" />
                  </labels>
                  <rows>
                    <row>
                      <cell id="{df11f9d2-b79c-4d61-9882-0ca91238fc26}">
                        <labels>
                          <label description="Employer Name" languagecode="1033" />
                        </labels>
                        <control id="pfc_employername" classid="{4273EDBD-AC1D-40d3-9FB2-095C621B552D}" datafieldname="pfc_employername" />
                      </cell>
                      <cell id="{dc767072-f734-47f9-9fec-789b0b884949}" showlabel="true" locklevel="0">
                        <labels>
                          <label description="Start Date" languagecode="1033" />
                        </labels>
                        <control id="pfc_startdate" classid="{5B773807-9FB2-42DB-97C3-7A91EFF8ADFF}" datafieldname="pfc_startdate" disabled="false" />
                      </cell>
                    </row>
                    <row>
                      <cell id="{6f586749-baaf-430d-a326-935b9be0a019}" showlabel="true" locklevel="0">
                        <labels>
                          <label description="Address 1: Street 1" languagecode="1033" />
                        </labels>
                        <control id="pfc_address1_line1" classid="{4273EDBD-AC1D-40D3-9FB2-095C621B552D}" datafieldname="pfc_address1_line1" disabled="false" />
                      </cell>
                      <cell id="{07ba707f-25c4-435b-8fe7-9b4aa33d0277}" showlabel="true" locklevel="0">
                        <labels>
                          <label description="End Date" languagecode="1033" />
                        </labels>
                        <control id="pfc_enddate" classid="{5B773807-9FB2-42DB-97C3-7A91EFF8ADFF}" datafieldname="pfc_enddate" disabled="false" />
                      </cell>
                    </row>
                    <row>
                      <cell id="{0c35b403-99c9-4c6d-b4e0-94bf9547a4d7}" showlabel="true" locklevel="0">
                        <labels>
                          <label description="Address 1: Street 2" languagecode="1033" />
                        </labels>
                        <control id="pfc_address1_line2" classid="{4273EDBD-AC1D-40D3-9FB2-095C621B552D}" datafieldname="pfc_address1_line2" disabled="false" />
                      </cell>
                      <cell id="{d73f3b6d-c356-40ad-9dfb-f32695123a46}" showlabel="true" locklevel="0">
                        <labels>
                          <label description="Job Title" languagecode="1033" />
                        </labels>
                        <control id="pfc_jobtitle" classid="{4273EDBD-AC1D-40D3-9FB2-095C621B552D}" datafieldname="pfc_jobtitle" disabled="false" />
                      </cell>
                    </row>
                    <row>
                      <cell id="{92ab8bf0-6a6c-4604-b17c-dc0f2aa3af18}" showlabel="true" locklevel="0">
                        <labels>
                          <label description="Address 1: Street 3" languagecode="1033" />
                        </labels>
                        <control id="pfc_address1_line3" classid="{4273EDBD-AC1D-40D3-9FB2-095C621B552D}" datafieldname="pfc_address1_line3" disabled="false" />
                      </cell>
                      <cell id="{180c89f5-21fd-44d0-bc33-70f568ccae61}" showlabel="true" locklevel="0">
                        <labels>
                          <label description="Reason for Leaving" languagecode="1033" />
                        </labels>
                        <control id="pfc_reasonforleaving" classid="{4273EDBD-AC1D-40D3-9FB2-095C621B552D}" datafieldname="pfc_reasonforleaving" disabled="false" />
                      </cell>
                    </row>
                    <row>
                      <cell id="{9880ba95-1200-486e-a305-8b52706907fa}" showlabel="true" locklevel="0">
                        <labels>
                          <label description="Address 1: City" languagecode="1033" />
                        </labels>
                        <control id="pfc_address1_city" classid="{4273EDBD-AC1D-40D3-9FB2-095C621B552D}" datafieldname="pfc_address1_city" disabled="false" />
                      </cell>
                      <cell id="{138f0cd3-b106-42eb-89df-0e25e6e049ff}" showlabel="true" locklevel="0" visible="false">
                        <labels>
                          <label description="Applicant" languagecode="1033" />
                        </labels>
                        <control id="pfc_applicant" classid="{270BD3DB-D9AF-4782-9025-509E298DEC0A}" datafieldname="pfc_applicant" disabled="false">
                          <parameters>
                            <DisableViewPicker>true</DisableViewPicker>
                          </parameters>
                        </control>
                      </cell>
                    </row>
                    <row>
                      <cell id="{b7125ffe-b1a2-40e3-ab59-df4a716812db}" showlabel="true" locklevel="0">
                        <labels>
                          <label description="Address 1: County" languagecode="1033" />
                        </labels>
                        <control id="pfc_address1_county" classid="{4273EDBD-AC1D-40D3-9FB2-095C621B552D}" datafieldname="pfc_address1_county" disabled="false" />
                      </cell>
                      <cell showlabel="true" locklevel="0" id="{ce9aeca7-6ee7-4fc3-8703-bc4099a284ab}">
                        <labels>
                          <label description="" languagecode="1033" />
                        </labels>
                      </cell>
                    </row>
                  </rows>
                </section>
              </sections>
            </column>
          </columns>
        </tab>
      </tabs>
      <header id="{b45859ea-3ff6-47cc-8f03-955bd59085cf}" celllabelposition="Top" columns="111" labelwidth="115" celllabelalignment="Left">
        <rows>
          <row>
            <cell id="{6046cf87-9b23-442c-a98e-5440c537532b}" showlabel="false">
              <labels>
                <label description="" languagecode="1033" />
              </labels>
            </cell>
            <cell id="{d8c63744-1f35-419c-af07-56e6fbb66e55}" showlabel="false">
              <labels>
                <label description="" languagecode="1033" />
              </labels>
            </cell>
            <cell id="{04387e0d-d8d8-45d7-b15c-0c9d30dd6a8c}" showlabel="false">
              <labels>
                <label description="" languagecode="1033" />
              </labels>
            </cell>
          </row>
        </rows>
      </header>
      <footer id="{e0b7d764-ffe9-440c-b4c8-bd37ed39cd7a}" celllabelposition="Top" columns="111" labelwidth="115" celllabelalignment="Left">
        <rows>
          <row>
            <cell id="{8013dff3-b55d-46a7-b32e-dfc873b8f789}" showlabel="false">
              <labels>
                <label description="" languagecode="1033" />
              </labels>
            </cell>
            <cell id="{72795266-2bcb-4637-b33a-d661f535e3df}" showlabel="false">
              <labels>
                <label description="" languagecode="1033" />
              </labels>
            </cell>
            <cell id="{c68221d8-fda1-44c5-913c-1df44d6adb49}" showlabel="false">
              <labels>
                <label description="" languagecode="1033" />
              </labels>
            </cell>
          </row>
        </rows>
      </footer>
      <DisplayConditions Order="0" FallbackForm="true">
        <Everyone />
      </DisplayConditions>
    </form>
    <IsCustomizable>1</IsCustomizable>
    <CanBeDeleted>1</CanBeDeleted>
    <LocalizedNames>
      <LocalizedName description="Employment history Main" languagecode="1033" />
    </LocalizedNames>
    <Descriptions>
      <Description description="A form for this entity." languagecode="1033" />
    </Descriptions>
  </systemform>
</forms>