﻿<?xml version="1.0" encoding="utf-8"?>
<savedqueries xmlns:xsi="http://www.w3.org/2001/XMLSchema-instance">
  <savedquery>
    <IsCustomizable>1</IsCustomizable>
    <CanBeDeleted>1</CanBeDeleted>
    <isquickfindquery>0</isquickfindquery>
    <isprivate>0</isprivate>
    <isdefault>0</isdefault>
    <savedqueryid>{03266b6f-c67c-eb11-a812-0022481a6349}</savedqueryid>
    <layoutxml>
      <grid name="resultset" jump="bpf_name" select="1" icon="1" preview="1">
        <row name="result" id="businessprocessflowinstanceid">
          <cell name="activestagestartedon" width="114" />
          <cell name="a_54502b5183164a9da02370858be312b7.pfc_applicationsummary" width="286" />
          <cell name="a_54502b5183164a9da02370858be312b7.pfc_applicant" width="100" />
        </row>
      </grid>
    </layoutxml>
    <querytype>0</querytype>
    <fetchxml>
      <fetch version="1.0" output-format="xml-platform" mapping="logical">
        <entity name="new_joboffertoemployee">
          <attribute name="businessprocessflowinstanceid" />
          <attribute name="activestagestartedon" />
          <filter type="and">
            <condition attribute="activestageid" operator="eq" value="{df488b0d-e26c-4675-8a4e-9628007323a0}" uiname="References &amp; Disclosures" uitype="processstage" />
          </filter>
          <link-entity alias="a_54502b5183164a9da02370858be312b7" name="pfc_vacancyapplication" to="bpf_pfc_vacancyapplicationid" from="pfc_vacancyapplicationid" link-type="inner">
            <attribute name="pfc_applicant" />
            <attribute name="pfc_applicationsummary" />
            <filter type="and">
              <condition attribute="pfc_applicant" operator="not-null" />
              <condition attribute="pfc_vacancy" operator="not-null" />
              <filter type="or">
                <condition attribute="pfc_applicationsummary" operator="eq" value="229330014" />
                <condition attribute="pfc_applicationsummary" operator="eq" value="229330015" />
                <condition attribute="pfc_applicationsummary" operator="eq" value="229330016" />
              </filter>
            </filter>
          </link-entity>
          <order attribute="activestagestartedon" descending="false" />
        </entity>
      </fetch>
    </fetchxml>
    <IntroducedVersion>1.0.0.187</IntroducedVersion>
    <LocalizedNames>
      <LocalizedName description="References &amp; Disclosures Stage Vacancy Applications" languagecode="1033" />
    </LocalizedNames>
  </savedquery>
</savedqueries>