﻿<?xml version="1.0" encoding="utf-8"?>
<savedqueries xmlns:xsi="http://www.w3.org/2001/XMLSchema-instance">
  <savedquery>
    <IsCustomizable>1</IsCustomizable>
    <CanBeDeleted>0</CanBeDeleted>
    <isquickfindquery>0</isquickfindquery>
    <isprivate>0</isprivate>
    <isdefault>0</isdefault>
    <savedqueryid>{a051384c-719d-43d3-9c1c-75e69ad7f0cc}</savedqueryid>
    <layoutxml>
      <grid name="resultset" jump="bpf_name" select="1" icon="1" preview="1">
        <row name="result" id="businessprocessflowinstanceid">
          <cell name="bpf_pfc_vacancyapplicationid" width="300" />
          <cell name="activestageid" width="150" />
          <cell name="statuscode" width="150" />
          <cell name="createdon" width="150" />
          <cell name="bpf_duration" width="150" />
          <cell name="processid" width="300" />
        </row>
      </grid>
    </layoutxml>
    <querytype>0</querytype>
    <fetchxml>
      <fetch version="1.0" mapping="logical">
        <entity name="new_joboffertoemployee">
          <attribute name="businessprocessflowinstanceid" />
          <attribute name="bpf_name" />
          <attribute name="createdon" />
          <attribute name="bpf_pfc_vacancyapplicationid" />
          <attribute name="activestageid" />
          <attribute name="statecode" />
          <attribute name="createdby" />
          <attribute name="bpf_duration" />
          <attribute name="processid" />
          <order attribute="bpf_name" descending="false" />
          <filter type="and">
            <condition attribute="statecode" operator="eq" value="1" />
          </filter>
        </entity>
      </fetch>
    </fetchxml>
    <IntroducedVersion>1.0</IntroducedVersion>
    <LocalizedNames>
      <LocalizedName description="Inactive Job Offer to Employee" languagecode="1033" />
    </LocalizedNames>
  </savedquery>
</savedqueries>