﻿<?xml version="1.0" encoding="utf-8"?>
<savedqueries xmlns:xsi="http://www.w3.org/2001/XMLSchema-instance">
  <savedquery>
    <IsCustomizable>1</IsCustomizable>
    <CanBeDeleted>1</CanBeDeleted>
    <isquickfindquery>0</isquickfindquery>
    <isprivate>0</isprivate>
    <isdefault>0</isdefault>
    <savedqueryid>{daa3d278-c27c-eb11-a812-0022481a6b70}</savedqueryid>
    <layoutxml>
      <grid name="resultset" jump="bpf_name" select="1" icon="1" preview="1">
        <row name="result" id="businessprocessflowinstanceid">
          <cell name="activestagestartedon" width="127" />
          <cell name="a_ec85937cf6dc49f3b512e00bee8a5929.pfc_applicationsummary" width="300" />
          <cell name="a_ec85937cf6dc49f3b512e00bee8a5929.pfc_applicant" width="100" />
        </row>
      </grid>
    </layoutxml>
    <querytype>0</querytype>
    <fetchxml>
      <fetch version="1.0" output-format="xml-platform" mapping="logical">
        <entity name="new_joboffertoemployee">
          <attribute name="businessprocessflowinstanceid" />
          <attribute name="activestagestartedon" />
          <filter type="and">
            <filter type="or">
              <condition attribute="activestageid" operator="eq" value="{fd775091-bcfb-4f97-8520-7fe76a865912}" uiname="Formal Offer" uitype="processstage" />
              <condition attribute="activestageid" operator="eq" value="{ed4a049b-8de7-374d-c49b-dad30c7c4a7d}" uiname="Formal Offer" uitype="processstage" />
            </filter>
          </filter>
          <link-entity alias="a_ec85937cf6dc49f3b512e00bee8a5929" name="pfc_vacancyapplication" to="bpf_pfc_vacancyapplicationid" from="pfc_vacancyapplicationid" link-type="inner">
            <attribute name="pfc_applicant" />
            <attribute name="pfc_applicationsummary" />
            <filter type="and">
              <condition attribute="pfc_applicant" operator="not-null" />
              <condition attribute="pfc_vacancy" operator="not-null" />
              <filter type="or">
                <condition attribute="pfc_applicationsummary" operator="eq" value="229330014" />
                <condition attribute="pfc_applicationsummary" operator="eq" value="229330007" />
                <condition attribute="pfc_applicationsummary" operator="eq" value="229330010" />
              </filter>
            </filter>
          </link-entity>
          <order attribute="activestagestartedon" descending="false" />
        </entity>
      </fetch>
    </fetchxml>
    <IntroducedVersion>1.0.0.187</IntroducedVersion>
    <LocalizedNames>
      <LocalizedName description="Formal Offer Stage Vacancy Applications" languagecode="1033" />
    </LocalizedNames>
  </savedquery>
</savedqueries>