﻿<?xml version="1.0" encoding="utf-8"?>
<forms xmlns:xsi="http://www.w3.org/2001/XMLSchema-instance">
  <systemform>
    <formid>{c9796764-0c7b-4edd-8927-df4008c08db5}</formid>
    <IntroducedVersion>1.0.0.191</IntroducedVersion>
    <FormPresentation>1</FormPresentation>
    <FormActivationState>1</FormActivationState>
    <form>
      <tabs>
        <tab verticallayout="true" id="{95bb8faf-0b21-4cad-a713-63048add7366}" IsUserDefined="1">
          <labels>
            <label description="" languagecode="1033" />
          </labels>
          <columns>
            <column width="100%">
              <sections>
                <section showlabel="false" showbar="false" IsUserDefined="0" id="{710eafdb-c2a1-4b93-affb-301b2f8592e4}">
                  <labels>
                    <label description="GENERAL" languagecode="1033" />
                  </labels>
                  <rows>
                    <row>
                      <cell id="{b7621fc3-2d30-4651-b84c-3c3083d97df8}">
                        <labels>
                          <label description="Referral No" languagecode="1033" />
                        </labels>
                        <control id="pfc_name" classid="{4273EDBD-AC1D-40d3-9FB2-095C621B552D}" datafieldname="pfc_name" />
                      </cell>
                    </row>
                    <row>
                      <cell id="{79f08e82-f38a-4747-981a-a28740fe4b7e}">
                        <labels>
                          <label description="Owner" languagecode="1033" />
                        </labels>
                        <control id="ownerid" classid="{270BD3DB-D9AF-4782-9025-509E298DEC0A}" datafieldname="ownerid" />
                      </cell>
                    </row>
                  </rows>
                </section>
              </sections>
            </column>
          </columns>
        </tab>
      </tabs>
    </form>
    <IsCustomizable>1</IsCustomizable>
    <CanBeDeleted>1</CanBeDeleted>
    <LocalizedNames>
      <LocalizedName description="Information" languagecode="1033" />
    </LocalizedNames>
  </systemform>
</forms>