﻿<?xml version="1.0" encoding="utf-8"?>
<forms xmlns:xsi="http://www.w3.org/2001/XMLSchema-instance">
  <systemform>
    <formid>{b69b2367-d3f1-eb11-94ef-000d3a874302}</formid>
    <IntroducedVersion>1.0.0.191</IntroducedVersion>
    <FormPresentation>1</FormPresentation>
    <FormActivationState>1</FormActivationState>
    <form>
      <tabs>
        <tab id="F931FFE2-B873-473F-8F95-9502F0AA3F5E" name="tab_1" showlabel="false" labelid="{c30105da-ffc4-417f-a0ae-5353b375295b}">
          <labels>
            <label description="New Tab" languagecode="1033" />
          </labels>
          <columns>
            <column width="34%">
              <sections>
                <section id="0C655D4E-C6E3-424E-9AF5-71E72D30D12E" name="tab_1_column_1_section_1" columns="1" showlabel="true" showbar="false" IsUserDefined="0" labelwidth="130" labelid="{37463d1d-6aea-4968-bc10-43b2e296b2f1}">
                  <labels>
                    <label description="Referee" languagecode="1033" />
                  </labels>
                  <rows>
                    <row>
                      <cell id="{ec0d24a3-fe82-4cf4-b374-fe6474d5cfde}" locklevel="0" labelid="{e94b3926-8ab1-4c78-a9d3-e997d8994a7a}">
                        <labels>
                          <label description="First Name" languagecode="1033" />
                        </labels>
                        <control id="pfc_referrerfirstname" classid="{4273EDBD-AC1D-40D3-9FB2-095C621B552D}" datafieldname="pfc_referrerfirstname" disabled="false" />
                      </cell>
                    </row>
                    <row>
                      <cell id="{a338d95c-9aa2-4ddb-a067-899a8107bd1b}" locklevel="0" labelid="{b63abfbd-c5d4-406e-8c6c-947b0bf8221a}">
                        <labels>
                          <label description="Last Name" languagecode="1033" />
                        </labels>
                        <control id="pfc_referrerlastname" classid="{4273EDBD-AC1D-40D3-9FB2-095C621B552D}" datafieldname="pfc_referrerlastname" disabled="false" />
                      </cell>
                    </row>
                    <row>
                      <cell id="{34790666-d225-4bce-8687-99dce0cddba7}" locklevel="0" labelid="{2ece4344-dcf7-4559-b97d-cdbf98fa01cc}">
                        <labels>
                          <label description="Email" languagecode="1033" />
                        </labels>
                        <control id="pfc_referreremail" classid="{ADA2203E-B4CD-49BE-9DDF-234642B43B52}" datafieldname="pfc_referreremail" disabled="false" />
                      </cell>
                    </row>
                    <row>
                      <cell id="{ca83da60-bac8-4944-92f2-b25cecaeb704}" locklevel="0" labelid="{1dceed8e-462a-420b-b8d0-f7c38e7f4c60}">
                        <labels>
                          <label description="Main Phone" languagecode="1033" />
                        </labels>
                        <control id="pfc_mainphone" classid="{4273EDBD-AC1D-40D3-9FB2-095C621B552D}" datafieldname="pfc_mainphone" disabled="false" />
                      </cell>
                    </row>
                    <row>
                      <cell id="{40c8f016-6340-4307-9bce-d66c0e1a5e7c}" locklevel="0" labelid="{181c7f82-b3b3-455e-ab3d-db5bfc943678}">
                        <labels>
                          <label description="Role" languagecode="1033" />
                        </labels>
                        <control id="pfc_role" classid="{3EF39988-22BB-4F0B-BBBE-64B5A3748AEE}" datafieldname="pfc_role" disabled="false" />
                      </cell>
                    </row>
                    <row>
                      <cell id="{918ec44e-6dda-4d7b-bd27-c97eaf0366b3}" locklevel="0" labelid="{c1d7e4cc-d68f-463f-a55c-2945ecbb2049}">
                        <labels>
                          <label description="Organisation" languagecode="1033" />
                        </labels>
                        <control id="pfc_enquirerorganisation" classid="{4273EDBD-AC1D-40D3-9FB2-095C621B552D}" datafieldname="pfc_enquirerorganisation" disabled="false" />
                      </cell>
                    </row>
                  </rows>
                </section>
              </sections>
            </column>
            <column width="33%">
              <sections>
                <section id="02DECBA0-3AE2-484D-A19F-C5353AF4F4F2" name="tab_1_column_2_section_1" columns="1" showlabel="true" showbar="false" IsUserDefined="0" labelwidth="130" labelid="{95a1776d-1999-4973-9788-da5875fe91e4}">
                  <labels>
                    <label description="Individual with Need" languagecode="1033" />
                  </labels>
                  <rows>
                    <row>
                      <cell id="{ffd68410-0d04-491f-bc7c-a876c0220ce1}" locklevel="0" labelid="{c1a0a467-c45c-4e46-a552-9eb9d8b0b016}">
                        <labels>
                          <label description="Initials or Reference Number" languagecode="1033" />
                        </labels>
                        <control id="pfc_initialsorreferencenumber" classid="{4273EDBD-AC1D-40D3-9FB2-095C621B552D}" datafieldname="pfc_initialsorreferencenumber" disabled="false" />
                      </cell>
                    </row>
                  </rows>
                </section>
              </sections>
            </column>
            <column width="33%">
              <sections>
                <section id="46FD66EA-B686-41D9-AAE0-C565BD78EC1F" name="tab_1_column_3_section_1" columns="1" showlabel="true" showbar="false" IsUserDefined="0" labelwidth="130" visible="false" labelid="{96af2f95-a71c-417f-b816-dd7f84a2b659}">
                  <labels>
                    <label description="New Section" languagecode="1033" />
                  </labels>
                  <rows>
                    <row>
                      <cell showlabel="false" locklevel="0" id="{409430c4-646c-444f-8b0f-91ca81b1f90b}" labelid="{d031e57c-0314-451d-baa5-a6b4f3845e20}">
                        <labels>
                          <label description="" languagecode="1033" />
                        </labels>
                      </cell>
                    </row>
                  </rows>
                </section>
              </sections>
            </column>
          </columns>
        </tab>
      </tabs>
      <DisplayConditions Order="0" FallbackForm="true">
        <Role Id="{627090ff-40a3-4053-8790-584edc5be201}" />
        <Role Id="{119f245c-3cc8-4b62-b31c-d1a046ced15d}" />
        <Role Id="{9610cad1-c0a0-426d-b56a-0e815eda0126}" />
        <Role Id="{2b779093-0618-4a52-8996-180bf0e34e75}" />
        <Role Id="{0ad83390-1b48-45e1-b4cb-1a0257c1c58b}" />
        <Role Id="{e0c3c5e2-9cb6-456c-8c8e-2eca3010c410}" />
        <Role Id="{52c97507-9206-4df3-a9b3-3579ceb41a2c}" />
        <Role Id="{bcb4f2b1-9e9c-4885-8b7f-3beb7a01e7d3}" />
        <Role Id="{b4f6c3ef-b88c-4166-814a-45930f8b5682}" />
        <Role Id="{77c24c41-1e47-476a-bf50-655050f2d658}" />
        <Role Id="{25accba3-a4bb-4274-bc7d-70e3fd6468bd}" />
        <Role Id="{1d238bd4-1c79-4fe5-93af-71e2a1c86c31}" />
        <Role Id="{8cbbb192-09b1-4114-8614-aac829bbf7fb}" />
        <Role Id="{4bad0a38-fed7-466d-86dd-ccea55c9959d}" />
        <Role Id="{aac42a11-b907-478b-951a-ce6390976b3b}" />
        <Role Id="{a0f5d1cf-0dc9-4a09-897c-d5daaefa86ee}" />
        <Role Id="{5fec8fd0-5b40-4f41-a947-d6a185d4524e}" />
      </DisplayConditions>
    </form>
    <IsCustomizable>1</IsCustomizable>
    <CanBeDeleted>1</CanBeDeleted>
    <LocalizedNames>
      <LocalizedName description="Enquiry quick create form" languagecode="1033" />
    </LocalizedNames>
  </systemform>
</forms>