﻿<?xml version="1.0" encoding="utf-8"?>
<Entity xmlns:xsi="http://www.w3.org/2001/XMLSchema-instance">
  <Name LocalizedName="Account" OriginalName="">Account</Name>
  <EntityInfo>
    <entity Name="Account">
      <attributes />
      <EntitySetName>accounts</EntitySetName>
      <IsDuplicateCheckSupported>1</IsDuplicateCheckSupported>
      <IsBusinessProcessEnabled>1</IsBusinessProcessEnabled>
      <IsRequiredOffline>0</IsRequiredOffline>
      <IsInteractionCentricEnabled>1</IsInteractionCentricEnabled>
      <IsCollaboration>0</IsCollaboration>
      <AutoRouteToOwnerQueue>0</AutoRouteToOwnerQueue>
      <IsConnectionsEnabled>1</IsConnectionsEnabled>
      <EntityColor>#794300</EntityColor>
      <IsDocumentManagementEnabled>1</IsDocumentManagementEnabled>
      <AutoCreateAccessTeams>0</AutoCreateAccessTeams>
      <IsOneNoteIntegrationEnabled>1</IsOneNoteIntegrationEnabled>
      <IsKnowledgeManagementEnabled>0</IsKnowledgeManagementEnabled>
      <IsSLAEnabled>0</IsSLAEnabled>
      <IsDocumentRecommendationsEnabled>0</IsDocumentRecommendationsEnabled>
      <IsBPFEntity>0</IsBPFEntity>
      <OwnershipTypeMask>UserOwned</OwnershipTypeMask>
      <EntityMask>ActivityPointer</EntityMask>
      <IsAuditEnabled>0</IsAuditEnabled>
      <IsRetrieveAuditEnabled>0</IsRetrieveAuditEnabled>
      <IsRetrieveMultipleAuditEnabled>0</IsRetrieveMultipleAuditEnabled>
      <IsActivity>0</IsActivity>
      <ActivityTypeMask></ActivityTypeMask>
      <IsActivityParty>1</IsActivityParty>
      <IsReplicated>1</IsReplicated>
      <IsReplicationUserFiltered>1</IsReplicationUserFiltered>
      <IsMailMergeEnabled>1</IsMailMergeEnabled>
      <IsVisibleInMobile>1</IsVisibleInMobile>
      <IsVisibleInMobileClient>1</IsVisibleInMobileClient>
      <IsReadOnlyInMobileClient>0</IsReadOnlyInMobileClient>
      <IsOfflineInMobileClient>1</IsOfflineInMobileClient>
      <DaysSinceRecordLastModified>0</DaysSinceRecordLastModified>
      <MobileOfflineFilters>
		&lt;fetch version="1.0" output-format="xml-platform" mapping="logical" distinct="false"&gt;
			&lt;entity name="account"&gt;
				&lt;filter type="and"&gt;
					&lt;condition attribute="modifiedon" operator="last-x-days" value="10"/&gt;
				&lt;/filter&gt;
			&lt;/entity&gt;
		&lt;/fetch&gt;
	</MobileOfflineFilters>
      <IsMapiGridEnabled>1</IsMapiGridEnabled>
      <IsReadingPaneEnabled>1</IsReadingPaneEnabled>
      <IsQuickCreateEnabled>1</IsQuickCreateEnabled>
      <SyncToExternalSearchIndex>1</SyncToExternalSearchIndex>
      <IntroducedVersion>5.0.0.0</IntroducedVersion>
      <EnforceStateTransitions>0</EnforceStateTransitions>
      <EntityHelpUrlEnabled>0</EntityHelpUrlEnabled>
      <ChangeTrackingEnabled>1</ChangeTrackingEnabled>
      <IsEnabledForExternalChannels>1</IsEnabledForExternalChannels>
      <IsSolutionAware>0</IsSolutionAware>
      <HasRelatedNotes>True</HasRelatedNotes>
      <HasRelatedActivities>True</HasRelatedActivities>
    </entity>
  </EntityInfo>
  <FormXml />
  <RibbonDiffXml />
</Entity>