﻿<?xml version="1.0" encoding="utf-8"?>
<Dashboard xmlns:xsi="http://www.w3.org/2001/XMLSchema-instance">
  <LocalizedNames>
    <LocalizedName description="Vacancy Applications Dashboard" languagecode="1033" />
  </LocalizedNames>
  <FormId>{a37a4e6c-757a-eb11-a812-0022481a6349}</FormId>
  <IsCustomizable>1</IsCustomizable>
  <IsDefault>0</IsDefault>
  <FormXml>
    <forms type="dashboard">
      <form>
        <tabs>
          <tab showlabel="false" verticallayout="true" id="{f72ef7b1-d90c-4322-b9ec-94677b1245b8}">
            <labels>
              <label description="Tab" languagecode="1033" />
            </labels>
            <columns>
              <column width="100%">
                <sections>
                  <section showlabel="false" showbar="false" columns="111" id="{8f0b63d9-b715-461c-8fe1-677454081f41}">
                    <labels>
                      <label description="Section" languagecode="1033" />
                    </labels>
                    <rows>
                      <row>
                        <cell colspan="1" rowspan="12" showlabel="false" id="{c54b31f4-9ae3-4219-be61-c9536261a1c7}" auto="false">
                          <labels>
                            <label description="Vacancy Applications" languagecode="1033" />
                          </labels>
                          <control id="Component044543e" uniqueid="{5e28861d-8d66-2270-0906-581331b3ae60}" classid="{E7A81278-8635-4d9e-8D4D-59480B391C5B}" indicationOfSubgrid="true">
                            <parameters>
                              <TargetEntityType>pfc_vacancyapplication</TargetEntityType>
                              <ChartGridMode>Grid</ChartGridMode>
                              <EnableQuickFind>true</EnableQuickFind>
                              <EnableViewPicker>true</EnableViewPicker>
                              <EnableJumpBar>true</EnableJumpBar>
                              <RecordsPerPage>8</RecordsPerPage>
                              <HeaderColorCode>#F3F3F3</HeaderColorCode>
                              <ViewId>{0FB2B464-707A-EB11-A812-0022481A6349}</ViewId>
                              <IsUserView>false</IsUserView>
                              <ViewIds>{0FB2B464-707A-EB11-A812-0022481A6349}</ViewIds>
                              <AutoExpand>Fixed</AutoExpand>
                              <VisualizationId>{60FC0269-7E7A-EB11-A812-0022481A6349}</VisualizationId>
                              <IsUserChart>false</IsUserChart>
                              <EnableChartPicker>false</EnableChartPicker>
                              <RelationshipName />
                            </parameters>
                          </control>
                        </cell>
                        <cell colspan="1" rowspan="12" showlabel="false" id="{3d0288d9-e7cb-4856-a594-86d95ba4ac66}" auto="false">
                          <labels>
                            <label description="Vacancy Applications" languagecode="1033" />
                          </labels>
                          <control id="Component81508cc" uniqueid="{57707c25-adb6-5582-a1ba-3242d1b7b3a5}" classid="{E7A81278-8635-4d9e-8D4D-59480B391C5B}" indicationOfSubgrid="true">
                            <parameters>
                              <TargetEntityType>pfc_vacancyapplication</TargetEntityType>
                              <ChartGridMode>Grid</ChartGridMode>
                              <EnableQuickFind>true</EnableQuickFind>
                              <EnableViewPicker>true</EnableViewPicker>
                              <EnableJumpBar>true</EnableJumpBar>
                              <RecordsPerPage>8</RecordsPerPage>
                              <HeaderColorCode>#F3F3F3</HeaderColorCode>
                              <ViewId>{5B065F46-727A-EB11-A812-0022481A6349}</ViewId>
                              <IsUserView>false</IsUserView>
                              <ViewIds>{5B065F46-727A-EB11-A812-0022481A6349}</ViewIds>
                              <AutoExpand>Fixed</AutoExpand>
                              <VisualizationId>{60FC0269-7E7A-EB11-A812-0022481A6349}</VisualizationId>
                              <IsUserChart>false</IsUserChart>
                              <EnableChartPicker>false</EnableChartPicker>
                              <RelationshipName />
                            </parameters>
                          </control>
                        </cell>
                        <cell colspan="1" rowspan="12" showlabel="false" id="{62e75289-09c1-474e-b658-27ba34404164}" auto="false">
                          <labels>
                            <label description="Vacancy Applications" languagecode="1033" />
                          </labels>
                          <control id="Componentc3ba6bb" uniqueid="{62132e20-9e94-5748-d1d3-c7e8d616b840}" classid="{E7A81278-8635-4d9e-8D4D-59480B391C5B}" indicationOfSubgrid="true">
                            <parameters>
                              <TargetEntityType>pfc_vacancyapplication</TargetEntityType>
                              <ChartGridMode>Grid</ChartGridMode>
                              <EnableQuickFind>true</EnableQuickFind>
                              <EnableViewPicker>true</EnableViewPicker>
                              <EnableJumpBar>true</EnableJumpBar>
                              <RecordsPerPage>8</RecordsPerPage>
                              <HeaderColorCode>#F3F3F3</HeaderColorCode>
                              <ViewId>{524F0F5B-737A-EB11-A812-0022481A6349}</ViewId>
                              <IsUserView>false</IsUserView>
                              <ViewIds>{524F0F5B-737A-EB11-A812-0022481A6349}</ViewIds>
                              <AutoExpand>Fixed</AutoExpand>
                              <VisualizationId>{60FC0269-7E7A-EB11-A812-0022481A6349}</VisualizationId>
                              <IsUserChart>false</IsUserChart>
                              <EnableChartPicker>false</EnableChartPicker>
                              <RelationshipName />
                            </parameters>
                          </control>
                        </cell>
                      </row>
                      <row />
                      <row />
                      <row />
                      <row />
                      <row />
                      <row />
                      <row />
                      <row />
                      <row />
                      <row />
                      <row />
                      <row>
                        <cell id="{ea208152-a659-54b2-3000-05a9d8c6b53c}" showlabel="false" colspan="1" auto="false" rowspan="12">
                          <labels>
                            <label description="Application To Courtesy Call" languagecode="1033" />
                          </labels>
                          <control id="Component9272349" classid="{E7A81278-8635-4d9e-8D4D-59480B391C5B}" indicationOfSubgrid="true" uniqueid="{6ae705ad-52da-eb77-8e75-c17183ca0a8d}">
                            <parameters>
                              <ViewId>{F7CCBB4C-457B-EB11-A812-0022481A6B70}</ViewId>
                              <IsUserView>false</IsUserView>
                              <RelationshipName />
                              <TargetEntityType>new_recruitmenttracker</TargetEntityType>
                              <AutoExpand>Fixed</AutoExpand>
                              <EnableQuickFind>true</EnableQuickFind>
                              <EnableViewPicker>true</EnableViewPicker>
                              <ViewIds>{CA02541B-637B-EB11-A812-0022481A6349},{AB5C5FBD-517B-EB11-A812-0022481A6349},{EB34BE15-547B-EB11-A812-0022481A6B70},{F7CCBB4C-457B-EB11-A812-0022481A6B70},{A0AFC7D2-507B-EB11-A812-0022481A6349}</ViewIds>
                              <EnableJumpBar>true</EnableJumpBar>
                              <ChartGridMode>Grid</ChartGridMode>
                              <VisualizationId>{3DA82AA2-477B-EB11-A812-0022481A6349}</VisualizationId>
                              <IsUserChart>false</IsUserChart>
                              <EnableChartPicker>false</EnableChartPicker>
                              <RecordsPerPage>8</RecordsPerPage>
                              <HeaderColorCode>#F3F3F3</HeaderColorCode>
                            </parameters>
                          </control>
                        </cell>
                        <cell id="{3a821422-b5c6-b3bb-2852-57bb1a92338d}" showlabel="false" colspan="1" auto="false" rowspan="12">
                          <labels>
                            <label description="Job Offer to Employee" languagecode="1033" />
                          </labels>
                          <control id="Component1377678" classid="{E7A81278-8635-4d9e-8D4D-59480B391C5B}" indicationOfSubgrid="true" uniqueid="{e2d95518-c5d8-c6c3-75e7-5c1609387545}">
                            <parameters>
                              <ViewId>{DAA3D278-C27C-EB11-A812-0022481A6B70}</ViewId>
                              <IsUserView>false</IsUserView>
                              <RelationshipName />
                              <TargetEntityType>new_joboffertoemployee</TargetEntityType>
                              <AutoExpand>Fixed</AutoExpand>
                              <EnableQuickFind>true</EnableQuickFind>
                              <EnableViewPicker>true</EnableViewPicker>
                              <ViewIds>{DAA3D278-C27C-EB11-A812-0022481A6B70},{03266B6F-C67C-EB11-A812-0022481A6349}</ViewIds>
                              <EnableJumpBar>true</EnableJumpBar>
                              <ChartGridMode>Grid</ChartGridMode>
                              <VisualizationId />
                              <IsUserChart>false</IsUserChart>
                              <EnableChartPicker>false</EnableChartPicker>
                              <RecordsPerPage>8</RecordsPerPage>
                              <HeaderColorCode>#F3F3F3</HeaderColorCode>
                            </parameters>
                          </control>
                        </cell>
                        <cell colspan="1" rowspan="12" showlabel="false" id="{7f7d34f3-1ac3-4ef7-a816-35c531a852c3}" auto="false">
                          <labels>
                            <label description="Vacancy Applications" languagecode="1033" />
                          </labels>
                          <control id="Component266b40a" uniqueid="{1923699c-e2eb-1512-c058-ae7adc3c1332}" classid="{E7A81278-8635-4d9e-8D4D-59480B391C5B}" indicationOfSubgrid="true">
                            <parameters>
                              <TargetEntityType>new_recruitmenttracker</TargetEntityType>
                              <ChartGridMode>Chart</ChartGridMode>
                              <EnableQuickFind>false</EnableQuickFind>
                              <EnableViewPicker>false</EnableViewPicker>
                              <EnableJumpBar>false</EnableJumpBar>
                              <RecordsPerPage>12</RecordsPerPage>
                              <HeaderColorCode>#F3F3F3</HeaderColorCode>
                              <ViewId>{64A4209C-252B-45A1-B363-E9E38F1B9D94}</ViewId>
                              <IsUserView>false</IsUserView>
                              <ViewIds>{64A4209C-252B-45A1-B363-E9E38F1B9D94}</ViewIds>
                              <AutoExpand>Fixed</AutoExpand>
                              <VisualizationId>{3DA82AA2-477B-EB11-A812-0022481A6349}</VisualizationId>
                              <IsUserChart>false</IsUserChart>
                              <EnableChartPicker>false</EnableChartPicker>
                              <RelationshipName />
                            </parameters>
                          </control>
                        </cell>
                      </row>
                      <row />
                      <row />
                      <row />
                      <row />
                      <row />
                      <row />
                      <row />
                      <row />
                      <row />
                      <row />
                      <row />
                      <row>
                        <cell id="{5dd10907-9310-03ea-3b91-70dd0be422c3}" showlabel="false" colspan="1" auto="false" rowspan="12">
                          <labels>
                            <label description="Job Offer to Employee" languagecode="1033" />
                          </labels>
                          <control id="Component9873104" classid="{E7A81278-8635-4d9e-8D4D-59480B391C5B}" indicationOfSubgrid="true">
                            <parameters>
                              <ViewId>{7F1F0856-BB77-40BE-8B79-740DFDF43432}</ViewId>
                              <IsUserView>false</IsUserView>
                              <RelationshipName />
                              <TargetEntityType>new_joboffertoemployee</TargetEntityType>
                              <AutoExpand>Fixed</AutoExpand>
                              <EnableQuickFind>false</EnableQuickFind>
                              <EnableViewPicker>false</EnableViewPicker>
                              <ViewIds />
                              <EnableJumpBar>false</EnableJumpBar>
                              <ChartGridMode>Chart</ChartGridMode>
                              <VisualizationId>{5AE2365E-AC7D-EB11-A812-0022481A6B70}</VisualizationId>
                              <IsUserChart>false</IsUserChart>
                              <EnableChartPicker>false</EnableChartPicker>
                              <RecordsPerPage>8</RecordsPerPage>
                              <HeaderColorCode />
                            </parameters>
                          </control>
                        </cell>
                        <cell id="{a202e4d0-a31e-0c2b-64b2-a96b1e8596a4}" showlabel="false">
                          <labels>
                            <label description="" languagecode="1033" />
                          </labels>
                        </cell>
                        <cell id="{4b205699-6c24-0740-ba15-b6dec81c18e2}" showlabel="false">
                          <labels>
                            <label description="" languagecode="1033" />
                          </labels>
                        </cell>
                      </row>
                      <row>
                        <cell id="{27ab9aae-650e-0421-8357-1cb03b55aabe}" showlabel="false">
                          <labels>
                            <label description="" languagecode="1033" />
                          </labels>
                        </cell>
                        <cell id="{1161c50e-8bd6-a270-daea-d81421a7d451}" showlabel="false">
                          <labels>
                            <label description="" languagecode="1033" />
                          </labels>
                        </cell>
                      </row>
                      <row>
                        <cell id="{47550538-2481-ea7d-d066-105da7e17390}" showlabel="false">
                          <labels>
                            <label description="" languagecode="1033" />
                          </labels>
                        </cell>
                        <cell id="{26d09e08-1806-ae57-c5d0-0cd110ada72a}" showlabel="false">
                          <labels>
                            <label description="" languagecode="1033" />
                          </labels>
                        </cell>
                      </row>
                      <row>
                        <cell id="{61d4a987-b41d-ca4a-0be2-9231a7563bbb}" showlabel="false">
                          <labels>
                            <label description="" languagecode="1033" />
                          </labels>
                        </cell>
                        <cell id="{0772a603-730a-a50c-e492-bca96531b514}" showlabel="false">
                          <labels>
                            <label description="" languagecode="1033" />
                          </labels>
                        </cell>
                      </row>
                      <row>
                        <cell id="{d65e20d0-2859-1d87-0216-4726633eab0b}" showlabel="false">
                          <labels>
                            <label description="" languagecode="1033" />
                          </labels>
                        </cell>
                        <cell id="{6167caa5-812e-c411-0c1a-ab4b681c96a5}" showlabel="false">
                          <labels>
                            <label description="" languagecode="1033" />
                          </labels>
                        </cell>
                      </row>
                      <row>
                        <cell id="{9674ab95-9598-4e40-6383-114bebeb2c72}" showlabel="false">
                          <labels>
                            <label description="" languagecode="1033" />
                          </labels>
                        </cell>
                        <cell id="{88019927-ad61-c6e7-47db-405460946743}" showlabel="false">
                          <labels>
                            <label description="" languagecode="1033" />
                          </labels>
                        </cell>
                      </row>
                      <row>
                        <cell id="{0bea47e3-8a17-239d-b539-336591a4d289}" showlabel="false">
                          <labels>
                            <label description="" languagecode="1033" />
                          </labels>
                        </cell>
                        <cell id="{d5161209-dcd0-0395-b2ee-be2b5baa5db0}" showlabel="false">
                          <labels>
                            <label description="" languagecode="1033" />
                          </labels>
                        </cell>
                      </row>
                      <row>
                        <cell id="{27260ea8-aba7-06b1-204e-ad88b88c037d}" showlabel="false">
                          <labels>
                            <label description="" languagecode="1033" />
                          </labels>
                        </cell>
                        <cell id="{a24d612a-04d6-123b-c396-00503233c9de}" showlabel="false">
                          <labels>
                            <label description="" languagecode="1033" />
                          </labels>
                        </cell>
                      </row>
                      <row>
                        <cell id="{a7a8a039-b419-395a-ced6-4852a2d63713}" showlabel="false">
                          <labels>
                            <label description="" languagecode="1033" />
                          </labels>
                        </cell>
                        <cell id="{0d835848-169c-6885-5b34-1464cb90d125}" showlabel="false">
                          <labels>
                            <label description="" languagecode="1033" />
                          </labels>
                        </cell>
                      </row>
                      <row>
                        <cell id="{bb94d4c8-847a-9661-e081-ab2ee7b68d54}" showlabel="false">
                          <labels>
                            <label description="" languagecode="1033" />
                          </labels>
                        </cell>
                        <cell id="{7491dc57-901d-c4ba-8ead-31eecde13e45}" showlabel="false">
                          <labels>
                            <label description="" languagecode="1033" />
                          </labels>
                        </cell>
                      </row>
                      <row>
                        <cell id="{cc563c89-2a14-b542-3986-e29988b00333}" showlabel="false">
                          <labels>
                            <label description="" languagecode="1033" />
                          </labels>
                        </cell>
                        <cell id="{9617409a-be3b-3753-7e87-5652993e77a9}" showlabel="false">
                          <labels>
                            <label description="" languagecode="1033" />
                          </labels>
                        </cell>
                      </row>
                      <row>
                        <cell id="{a13953d3-2bb8-e97a-2655-0022375ee9c8}" showlabel="false">
                          <labels>
                            <label description="" languagecode="1033" />
                          </labels>
                        </cell>
                        <cell id="{8e0accba-3d3b-866c-1561-dd9e15b07350}" showlabel="false">
                          <labels>
                            <label description="" languagecode="1033" />
                          </labels>
                        </cell>
                      </row>
                    </rows>
                  </section>
                </sections>
              </column>
            </columns>
          </tab>
        </tabs>
        <controlDescriptions />
        <DisplayConditions FallbackForm="true">
          <Role Id="{85937b6b-91a1-46ed-9778-929fc9f61812}" />
          <Role Id="{1C5F6EA8-874E-EB11-A812-000D3A870884}" />
          <Role Id="{627090ff-40a3-4053-8790-584edc5be201}" />
        </DisplayConditions>
      </form>
    </forms>
  </FormXml>
  <IntroducedVersion>1.0.0.187</IntroducedVersion>
  <IsTabletEnabled>0</IsTabletEnabled>
</Dashboard>