﻿<?xml version="1.0" encoding="utf-8"?>
<savedqueries xmlns:xsi="http://www.w3.org/2001/XMLSchema-instance">
  <savedquery>
    <IsCustomizable>1</IsCustomizable>
    <CanBeDeleted>1</CanBeDeleted>
    <isquickfindquery>0</isquickfindquery>
    <isprivate>0</isprivate>
    <isdefault>0</isdefault>
    <savedqueryid>{0fb2b464-707a-eb11-a812-0022481a6349}</savedqueryid>
    <layoutxml>
      <grid name="resultset" jump="pfc_no" select="1" icon="1" preview="1">
        <row name="result" id="pfc_vacancyapplicationid">
          <cell name="createdon" width="100" />
          <cell name="pfc_applicationsummary" width="194" />
          <cell name="pfc_applicant" width="103" />
        </row>
      </grid>
    </layoutxml>
    <querytype>0</querytype>
    <fetchxml>
      <fetch version="1.0" output-format="xml-platform" mapping="logical">
        <entity name="pfc_vacancyapplication">
          <attribute name="pfc_vacancyapplicationid" />
          <attribute name="pfc_applicant" />
          <attribute name="pfc_applicationsummary" />
          <attribute name="createdon" />
          <order attribute="createdon" descending="false" />
          <filter type="and">
            <filter type="and">
              <condition attribute="pfc_applicant" operator="not-null" />
              <condition attribute="pfc_applicationsummary" operator="not-null" />
              <condition attribute="statecode" operator="eq" value="0" />
              <condition attribute="statuscode" operator="eq" value="229330020" />
              <condition attribute="pfc_vacancy" operator="not-null" />
            </filter>
          </filter>
        </entity>
      </fetch>
    </fetchxml>
    <IntroducedVersion>1.0.0.187</IntroducedVersion>
    <LocalizedNames>
      <LocalizedName description="New Vacancy Applications" languagecode="1033" />
    </LocalizedNames>
  </savedquery>
</savedqueries>