﻿<?xml version="1.0" encoding="utf-8"?>
<savedqueries xmlns:xsi="http://www.w3.org/2001/XMLSchema-instance">
  <savedquery>
    <IsCustomizable>1</IsCustomizable>
    <CanBeDeleted>0</CanBeDeleted>
    <isquickfindquery>0</isquickfindquery>
    <isprivate>0</isprivate>
    <isdefault>1</isdefault>
    <savedqueryid>{2cc3c217-a685-457e-9933-571174083698}</savedqueryid>
    <layoutxml>
      <grid name="pfc_vacancyapplications" jump="pfc_no" select="1" icon="1" preview="1">
        <row name="pfc_vacancyapplication" id="pfc_vacancyapplicationid">
          <cell name="pfc_no" width="300" />
          <cell name="createdon" width="125" />
        </row>
      </grid>
    </layoutxml>
    <querytype>2</querytype>
    <fetchxml>
      <fetch version="1.0" mapping="logical">
        <entity name="pfc_vacancyapplication">
          <attribute name="pfc_vacancyapplicationid" />
          <attribute name="pfc_no" />
          <attribute name="createdon" />
          <order attribute="pfc_no" descending="false" />
          <filter type="and">
            <condition attribute="statecode" operator="eq" value="0" />
          </filter>
        </entity>
      </fetch>
    </fetchxml>
    <IntroducedVersion>1.0.0.0</IntroducedVersion>
    <LocalizedNames>
      <LocalizedName description="Vacancy Application Associated View" languagecode="1033" />
    </LocalizedNames>
  </savedquery>
</savedqueries>