﻿<?xml version="1.0" encoding="utf-8"?>
<savedqueries xmlns:xsi="http://www.w3.org/2001/XMLSchema-instance">
  <savedquery>
    <IsCustomizable>1</IsCustomizable>
    <CanBeDeleted>1</CanBeDeleted>
    <isquickfindquery>0</isquickfindquery>
    <isprivate>0</isprivate>
    <isdefault>0</isdefault>
    <savedqueryid>{5b065f46-727a-eb11-a812-0022481a6349}</savedqueryid>
    <layoutxml>
      <grid name="resultset" jump="pfc_no" select="1" icon="1" preview="1">
        <row name="result" id="pfc_vacancyapplicationid">
          <cell name="pfc_no" width="100" />
          <cell name="pfc_applicationsummary" width="214" />
          <cell name="pfc_applicant" width="151" />
        </row>
      </grid>
    </layoutxml>
    <querytype>0</querytype>
    <fetchxml>
      <fetch version="1.0" output-format="xml-platform" mapping="logical">
        <entity name="pfc_vacancyapplication">
          <attribute name="pfc_vacancyapplicationid" />
          <attribute name="pfc_applicationsummary" />
          <attribute name="pfc_applicant" />
          <attribute name="pfc_no" />
          <filter type="and">
            <filter type="and">
              <condition attribute="pfc_applicant" operator="not-null" />
              <condition attribute="statecode" operator="eq" value="0" />
              <condition attribute="statuscode" operator="eq" value="229330022" />
              <condition attribute="pfc_vacancy" operator="not-null" />
            </filter>
            <filter type="and">
              <filter type="or">
                <condition attribute="pfc_applicationsummary" operator="eq" value="229330001" />
                <condition attribute="pfc_applicationsummary" operator="eq" value="229330003" />
                <condition attribute="pfc_applicationsummary" operator="eq" value="229330005" />
                <condition attribute="pfc_applicationsummary" operator="eq" value="229330006" />
                <condition attribute="pfc_applicationsummary" operator="eq" value="229330007" />
                <condition attribute="pfc_applicationsummary" operator="eq" value="229330008" />
                <condition attribute="pfc_applicationsummary" operator="eq" value="229330014" />
                <condition attribute="pfc_applicationsummary" operator="eq" value="229330016" />
              </filter>
            </filter>
          </filter>
        </entity>
      </fetch>
    </fetchxml>
    <IntroducedVersion>1.0.0.187</IntroducedVersion>
    <LocalizedNames>
      <LocalizedName description="In Progress Vacancy Applications" languagecode="1033" />
    </LocalizedNames>
  </savedquery>
</savedqueries>