﻿<?xml version="1.0" encoding="utf-8"?>
<savedqueries xmlns:xsi="http://www.w3.org/2001/XMLSchema-instance">
  <savedquery>
    <IsCustomizable>1</IsCustomizable>
    <CanBeDeleted>1</CanBeDeleted>
    <isquickfindquery>0</isquickfindquery>
    <isprivate>0</isprivate>
    <isdefault>0</isdefault>
    <savedqueryid>{68ef7b44-afd1-ea11-a813-000d3a86a8cf}</savedqueryid>
    <layoutxml>
      <grid name="resultset" jump="pfc_no" select="1" icon="1" preview="1">
        <row name="result" id="pfc_vacancyapplicationid">
          <cell name="createdon" width="100" />
          <cell name="modifiedon" width="100" />
          <cell name="pfc_applicationsummary" width="229" />
          <cell name="pfc_applicant" width="100" />
          <cell name="a_ada7062ef7fc4d69afabcea317d76c80.pfc_jobtitles" width="100" />
          <cell name="a_ada7062ef7fc4d69afabcea317d76c80.pfc_site" width="100" />
        </row>
      </grid>
    </layoutxml>
    <querytype>0</querytype>
    <fetchxml>
      <fetch version="1.0" output-format="xml-platform" mapping="logical">
        <entity name="pfc_vacancyapplication">
          <attribute name="pfc_vacancyapplicationid" />
          <attribute name="pfc_supportinginfo" />
          <filter type="and">
            <filter type="and">
              <condition attribute="statecode" operator="eq" value="0" />
              <condition attribute="pfc_submissiondeclaration" operator="eq" value="229330000" />
              <condition attribute="pfc_applicant" operator="not-null" />
              <condition attribute="pfc_vacancy" operator="not-null" />
              <condition attribute="ownerid" operator="eq-userid" />
            </filter>
          </filter>
          <link-entity alias="a_ada7062ef7fc4d69afabcea317d76c80" name="pfc_vacancy" to="pfc_vacancy" from="pfc_vacancyid" link-type="outer" visible="false">
            <attribute name="pfc_jobtitles" />
            <attribute name="pfc_jobtitle" />
            <attribute name="pfc_vacancyid" />
            <attribute name="pfc_site" />
          </link-entity>
          <attribute name="pfc_applicant" />
          <attribute name="createdon" />
          <attribute name="modifiedon" />
          <order attribute="createdon" descending="false" />
          <order attribute="modifiedon" descending="false" />
          <attribute name="pfc_applicationsummary" />
        </entity>
      </fetch>
    </fetchxml>
    <IntroducedVersion>1.0.0.0</IntroducedVersion>
    <LocalizedNames>
      <LocalizedName description="My Active Complete Vacancy Applications" languagecode="1033" />
    </LocalizedNames>
    <Descriptions>
      <Description description="All active applications for the current user" languagecode="1033" />
    </Descriptions>
  </savedquery>
</savedqueries>