﻿<?xml version="1.0" encoding="utf-8"?>
<savedqueries xmlns:xsi="http://www.w3.org/2001/XMLSchema-instance">
  <savedquery>
    <IsCustomizable>1</IsCustomizable>
    <CanBeDeleted>0</CanBeDeleted>
    <isquickfindquery>0</isquickfindquery>
    <isprivate>0</isprivate>
    <isdefault>0</isdefault>
    <savedqueryid>{6edf17a1-6871-4bb1-bf8f-c6b1f03cdae3}</savedqueryid>
    <layoutxml>
      <grid name="resultset" jump="pfc_no" select="1" icon="1" preview="1">
        <row name="result" id="pfc_vacancyapplicationid">
          <cell name="createdon" width="100" />
          <cell name="modifiedon" width="100" />
          <cell name="statuscode" width="100" />
          <cell name="pfc_applicant" width="100" />
          <cell name="a_ef736879974547eda221a94ad6a43afc.pfc_jobtitles" width="100" />
          <cell name="a_ef736879974547eda221a94ad6a43afc.pfc_site" width="100" />
        </row>
      </grid>
    </layoutxml>
    <querytype>0</querytype>
    <fetchxml>
      <fetch version="1.0" mapping="logical">
        <entity name="pfc_vacancyapplication">
          <attribute name="pfc_vacancyapplicationid" />
          <attribute name="pfc_applicant" />
          <filter type="and">
            <condition attribute="statecode" operator="eq" value="1" />
            <condition attribute="pfc_applicant" operator="not-null" />
            <condition attribute="pfc_vacancy" operator="not-null" />
          </filter>
          <link-entity alias="a_ef736879974547eda221a94ad6a43afc" name="pfc_vacancy" to="pfc_vacancy" from="pfc_vacancyid" link-type="outer" visible="false">
            <attribute name="pfc_jobtitles" />
            <attribute name="pfc_site" />
          </link-entity>
          <attribute name="createdon" />
          <attribute name="statuscode" />
          <attribute name="modifiedon" />
          <order attribute="createdon" descending="false" />
          <order attribute="modifiedon" descending="false" />
        </entity>
      </fetch>
    </fetchxml>
    <IntroducedVersion>1.0.0.0</IntroducedVersion>
    <LocalizedNames>
      <LocalizedName description="Inactive Vacancy Applications" languagecode="1033" />
    </LocalizedNames>
  </savedquery>
</savedqueries>