﻿<?xml version="1.0" encoding="utf-8"?>
<savedqueries xmlns:xsi="http://www.w3.org/2001/XMLSchema-instance">
  <savedquery>
    <IsCustomizable>1</IsCustomizable>
    <CanBeDeleted>1</CanBeDeleted>
    <isquickfindquery>0</isquickfindquery>
    <isprivate>0</isprivate>
    <isdefault>0</isdefault>
    <savedqueryid>{a2d6be6f-6b70-eb11-a812-0022481a667b}</savedqueryid>
    <layoutxml>
      <grid name="resultset" jump="pfc_no" select="1" icon="1" preview="1">
        <row name="result" id="pfc_vacancyapplicationid">
          <cell name="pfc_no" width="93" />
          <cell name="pfc_applicationsummary" width="267" />
          <cell name="pfc_applicant" width="100" />
        </row>
      </grid>
    </layoutxml>
    <querytype>0</querytype>
    <fetchxml>
      <fetch version="1.0" output-format="xml-platform" mapping="logical">
        <entity name="pfc_vacancyapplication">
          <attribute name="pfc_no" />
          <attribute name="pfc_vacancyapplicationid" />
          <attribute name="pfc_applicant" />
          <attribute name="pfc_applicationsummary" />
          <filter type="and">
            <filter type="or">
              <condition attribute="pfc_applicationsummary" operator="eq" value="229330013" />
              <condition attribute="pfc_applicationsummary" operator="eq" value="229330012" />
            </filter>
            <filter type="and">
              <condition attribute="statecode" operator="eq" value="0" />
              <condition attribute="pfc_applicant" operator="not-null" />
              <condition attribute="pfc_vacancy" operator="not-null" />
            </filter>
          </filter>
        </entity>
      </fetch>
    </fetchxml>
    <IntroducedVersion>1.0.0.167</IntroducedVersion>
    <LocalizedNames>
      <LocalizedName description="Incomplete Vacancy Applications" languagecode="1033" />
    </LocalizedNames>
  </savedquery>
</savedqueries>