﻿<?xml version="1.0" encoding="utf-8"?>
<savedqueries xmlns:xsi="http://www.w3.org/2001/XMLSchema-instance">
  <savedquery>
    <IsCustomizable>1</IsCustomizable>
    <CanBeDeleted>0</CanBeDeleted>
    <isquickfindquery>0</isquickfindquery>
    <isprivate>0</isprivate>
    <isdefault>1</isdefault>
    <savedqueryid>{c44205f1-41ce-4d75-82bf-8f9e5a768598}</savedqueryid>
    <layoutxml>
      <grid name="resultset" jump="pfc_no" select="1" icon="1" preview="1">
        <row name="result" id="pfc_vacancyapplicationid">
          <cell name="createdon" width="100" />
          <cell name="modifiedon" width="100" />
          <cell name="pfc_applicationsummary" width="260" />
          <cell name="pfc_applicant" width="110" />
          <cell name="a_9a40d9529cc34dddbe3d79b3615a5189.pfc_jobtitles" width="147" />
          <cell name="a_9a40d9529cc34dddbe3d79b3615a5189.pfc_site" width="100" />
        </row>
      </grid>
    </layoutxml>
    <querytype>0</querytype>
    <fetchxml>
      <fetch version="1.0" mapping="logical" count="50">
        <entity name="pfc_vacancyapplication">
          <attribute name="pfc_vacancyapplicationid" />
          <attribute name="pfc_applicant" />
          <filter type="and">
            <filter type="and">
              <condition attribute="statecode" operator="eq" value="0" />
              <condition attribute="pfc_applicant" operator="not-null" />
              <condition attribute="pfc_vacancy" operator="not-null" />
            </filter>
          </filter>
          <link-entity alias="a_9a40d9529cc34dddbe3d79b3615a5189" name="pfc_vacancy" to="pfc_vacancy" from="pfc_vacancyid" link-type="outer" visible="false">
            <attribute name="pfc_jobtitles" />
            <attribute name="pfc_site" />
          </link-entity>
          <attribute name="pfc_applicationsummary" />
          <attribute name="createdon" />
          <order attribute="createdon" descending="false" />
          <attribute name="modifiedon" />
        </entity>
      </fetch>
    </fetchxml>
    <IntroducedVersion>1.0.0.0</IntroducedVersion>
    <LocalizedNames>
      <LocalizedName description="Active Vacancy Applications" languagecode="1033" />
    </LocalizedNames>
    <Descriptions>
      <Description description="Active Vacancy Applications" languagecode="1033" />
    </Descriptions>
  </savedquery>
</savedqueries>