﻿<?xml version="1.0" encoding="utf-8"?>
<forms xmlns:xsi="http://www.w3.org/2001/XMLSchema-instance">
  <systemform>
    <formid>{549a8aa3-c349-4ab9-8bac-4873fa9a7a5c}</formid>
    <IntroducedVersion>6.0.0.0</IntroducedVersion>
    <FormPresentation>1</FormPresentation>
    <FormActivationState>1</FormActivationState>
    <form headerdensity="HighWithControls" shownavigationbar="true" showImage="false" maxWidth="1920" solutionaction="Modified">
      <tabs>
        <tab name="appointment" id="{2A2A5AC4-581A-4131-BA0B-8A34943B19FC}" IsUserDefined="0" showlabel="false" expanded="true" ordinalvalue="0">
          <columns>
            <column width="67%" id="0">
              <sections>
                <section name="general information" showlabel="false" showbar="false" locklevel="0" id="{846F5D88-C043-4E1F-9BF3-90CD9093C1D7}" IsUserDefined="0" layout="varwidth" columns="11" labelwidth="115" celllabelposition="Left" ordinalvalue="0" solutionaction="Modified">
                  <rows>
                    <row>
                      <cell auto="false" showlabel="true" locklevel="0" rowspan="1" colspan="2" id="{9BF8162D-95A7-4390-86E1-8305ACF475B0}" ordinalvalue="10002">
                        <labels>
                          <label description="Subject" languagecode="1033" solutionaction="Added" />
                        </labels>
                      </cell>
                    </row>
                    <row>
                      <cell colspan="2" id="{E15ACF1F-BA3E-4BC5-8AE5-AA3A290E7769}" ordinalvalue="10003">
                        <labels>
                          <label description="Location" languagecode="1033" solutionaction="Added" />
                        </labels>
                      </cell>
                    </row>
                    <row>
                      <cell auto="false" showlabel="true" locklevel="1" rowspan="1" colspan="2" id="{5D06EDBF-8D54-4710-8C6A-81483D6F41F4}" ordinalvalue="10004">
                        <labels>
                          <label description="Regarding" languagecode="1033" solutionaction="Added" />
                        </labels>
                      </cell>
                    </row>
                  </rows>
                </section>
                <section name="attachments" showlabel="true" showbar="false" locklevel="0" id="{2DE1E001-3C69-41EF-86F1-429997660A27}" height="auto" IsUserDefined="0" layout="varheight" columns="11" labelid="{3674A55E-0853-4D1C-8D91-6DF9B0E20E8C}" labelwidth="115" celllabelalignment="Left" celllabelposition="Left" ordinalvalue="1">
                  <rows />
                </section>
                <section name="scheduling information" showlabel="false" showbar="false" locklevel="1" id="{A83EF0B4-92A2-4442-AF94-DC43BA1C31D3}" IsUserDefined="0" layout="varwidth" columns="1" ordinalvalue="2">
                  <rows>
                    <row>
                      <cell auto="false" showlabel="true" locklevel="0" rowspan="1" colspan="1" id="{B4D87035-7744-4AE7-AFB5-AC85CA81642C}" ordinalvalue="10000">
                        <labels>
                          <label description="Start Time" languagecode="1033" solutionaction="Added" />
                        </labels>
                      </cell>
                    </row>
                    <row>
                      <cell auto="false" showlabel="true" locklevel="0" rowspan="1" colspan="1" id="{0BF43F88-DA02-4A74-823F-1EF5014867A9}" ordinalvalue="10001">
                        <labels>
                          <label description="End Time" languagecode="1033" solutionaction="Added" />
                        </labels>
                      </cell>
                    </row>
                    <row>
                      <cell auto="false" showlabel="true" locklevel="0" rowspan="1" colspan="1" id="{4899B6A9-00DC-46BF-B6C6-4809D6EAAA67}" ordinalvalue="10002">
                        <labels>
                          <label description="All Day Event" languagecode="1033" solutionaction="Added" />
                        </labels>
                      </cell>
                    </row>
                    <row>
                      <cell auto="false" showlabel="true" locklevel="0" rowspan="1" colspan="1" id="{ECDDF39D-1393-4C80-941A-4F8FE486305F}" ordinalvalue="10003">
                        <labels>
                          <label description="Duration" languagecode="1033" solutionaction="Added" />
                        </labels>
                      </cell>
                    </row>
                  </rows>
                </section>
                <section name="appointment description" showlabel="true" showbar="false" locklevel="0" id="{299BE158-E0A5-423D-9B70-BC82B5BC26B9}" IsUserDefined="0" layout="varwidth" columns="11" height="auto" ordinalvalue="3">
                  <rows>
                    <row>
                      <cell auto="true" showlabel="false" locklevel="0" rowspan="14" colspan="2" id="{EA609D20-9CD9-4988-86B7-0F0C367ADD10}" ordinalvalue="10000">
                        <labels>
                          <label description="Description" languagecode="1033" solutionaction="Added" />
                        </labels>
                        <control id="description" classid="{E0DECE4B-6FC8-4a8f-A065-082708572369}" datafieldname="description" disabled="false" uniqueid="{38123bb6-dadc-91c8-0900-04ec780ade5a}" solutionaction="Modified" />
                      </cell>
                    </row>
                  </rows>
                </section>
              </sections>
            </column>
            <column width="33%" id="1">
              <sections>
                <section name="tab_2_section_2" showlabel="false" showbar="false" locklevel="0" id="{08520212-16e5-7152-81d4-d5e62eec683a}" IsUserDefined="0" layout="varwidth" columns="11" labelwidth="115" ordinalvalue="0">
                  <rows>
                    <row>
                      <cell id="{ce339e0c-7c39-42bd-b754-d33d2f32aafd}" showlabel="false" ordinalvalue="10000" solutionaction="Added">
                        <labels>
                          <label description="" languagecode="1033" />
                        </labels>
                      </cell>
                      <cell id="{917708f3-0b4b-478b-99cf-d62b46730685}" showlabel="false" ordinalvalue="20001" solutionaction="Added">
                        <labels>
                          <label description="" languagecode="1033" />
                        </labels>
                      </cell>
                    </row>
                  </rows>
                </section>
              </sections>
            </column>
          </columns>
        </tab>
      </tabs>
      <header id="{42B31823-0752-4F96-83F8-0F3AC9C24E31}" columns="111" celllabelposition="Top" labelwidth="115">
        <rows>
          <row>
            <cell id="{BD0D7CAA-7581-4BC8-9FBC-906A16BA4881}" ordinalvalue="10000">
              <labels>
                <label description="Priority" languagecode="1033" solutionaction="Added" />
              </labels>
            </cell>
            <cell id="{FDE00F70-5571-47E9-B6BC-275E779B5269}" showlabel="true" ordinalvalue="20001">
              <labels>
                <label description="Status" languagecode="1033" solutionaction="Added" />
              </labels>
            </cell>
            <cell id="{83C1A8F6-E296-402C-836D-E41758053C08}" showlabel="true" locklevel="1" ordinalvalue="30002">
              <labels>
                <label description="Owner" languagecode="1033" solutionaction="Added" />
              </labels>
            </cell>
          </row>
        </rows>
      </header>
      <footer id="{ba78faaa-fc8a-4e6c-8eca-c50c9115b3e6}" celllabelposition="Top" columns="111" labelwidth="115" celllabelalignment="Left" solutionaction="Added">
        <rows>
          <row>
            <cell id="{2b48263a-2629-4204-b0e9-f737ea5f28ac}" showlabel="false" ordinalvalue="10000">
              <labels>
                <label description="" languagecode="1033" />
              </labels>
            </cell>
            <cell id="{72cfb08f-cf32-4213-8887-70c6a88bc13b}" showlabel="false" ordinalvalue="20001">
              <labels>
                <label description="" languagecode="1033" />
              </labels>
            </cell>
            <cell id="{08dfe295-9e42-4566-8e39-50adfdc554bf}" showlabel="false" ordinalvalue="30002">
              <labels>
                <label description="" languagecode="1033" />
              </labels>
            </cell>
            <cell id="{20582575-04d3-ae98-d780-601379da9807}" showlabel="false" ordinalvalue="40003">
              <labels>
                <label description="" languagecode="1033" />
              </labels>
            </cell>
          </row>
        </rows>
      </footer>
      <Navigation solutionaction="Added">
        <NavBar />
        <NavBarAreas>
          <NavBarArea Id="Info">
            <Titles>
              <Title LCID="1033" Text="Common" />
            </Titles>
          </NavBarArea>
          <NavBarArea Id="Sales">
            <Titles>
              <Title LCID="1033" Text="Sales" />
            </Titles>
          </NavBarArea>
          <NavBarArea Id="Service">
            <Titles>
              <Title LCID="1033" Text="Service" />
            </Titles>
          </NavBarArea>
          <NavBarArea Id="Marketing">
            <Titles>
              <Title LCID="1033" Text="Marketing" />
            </Titles>
          </NavBarArea>
          <NavBarArea Id="ProcessCenter">
            <Titles>
              <Title LCID="1033" Text="Process Sessions" />
            </Titles>
          </NavBarArea>
        </NavBarAreas>
      </Navigation>
      <controlDescriptions solutionaction="Added">
        <controlDescription forControl="{628cd192-18b3-4f94-8c8c-8a5a300a6922}">
          <customControl id="{67FAC785-CD58-4F9F-ABB3-4B7DDC6ED5ED}">
            <parameters>
              <datafieldname>pfc_whyapplycriteriamet</datafieldname>
            </parameters>
          </customControl>
          <customControl formFactor="0" name="MscrmControls.FlipSwitch.FlipSwitchControl">
            <parameters>
              <value>pfc_whyapplycriteriamet</value>
            </parameters>
          </customControl>
          <customControl formFactor="2" name="MscrmControls.FlipSwitch.FlipSwitchControl">
            <parameters>
              <value>pfc_whyapplycriteriamet</value>
            </parameters>
          </customControl>
          <customControl formFactor="1" name="MscrmControls.FlipSwitch.FlipSwitchControl">
            <parameters>
              <value>pfc_whyapplycriteriamet</value>
            </parameters>
          </customControl>
        </controlDescription>
        <controlDescription forControl="{5f121b40-f0f0-44f3-88cb-89db925c53b4}">
          <customControl id="{67FAC785-CD58-4F9F-ABB3-4B7DDC6ED5ED}">
            <parameters>
              <datafieldname>pfc_noticeperiodcriteriamet</datafieldname>
            </parameters>
          </customControl>
          <customControl formFactor="0" name="MscrmControls.FlipSwitch.FlipSwitchControl">
            <parameters>
              <value>pfc_noticeperiodcriteriamet</value>
            </parameters>
          </customControl>
          <customControl formFactor="2" name="MscrmControls.FlipSwitch.FlipSwitchControl">
            <parameters>
              <value>pfc_noticeperiodcriteriamet</value>
            </parameters>
          </customControl>
          <customControl formFactor="1" name="MscrmControls.FlipSwitch.FlipSwitchControl">
            <parameters>
              <value>pfc_noticeperiodcriteriamet</value>
            </parameters>
          </customControl>
        </controlDescription>
        <controlDescription forControl="{99e49272-091f-4c94-98ad-406db7fc4754}">
          <customControl id="{67FAC785-CD58-4F9F-ABB3-4B7DDC6ED5ED}">
            <parameters>
              <datafieldname>pfc_locationcriteriamet</datafieldname>
            </parameters>
          </customControl>
          <customControl formFactor="0" name="MscrmControls.FlipSwitch.FlipSwitchControl">
            <parameters>
              <value>pfc_locationcriteriamet</value>
            </parameters>
          </customControl>
          <customControl formFactor="2" name="MscrmControls.FlipSwitch.FlipSwitchControl">
            <parameters>
              <value>pfc_locationcriteriamet</value>
            </parameters>
          </customControl>
          <customControl formFactor="1" name="MscrmControls.FlipSwitch.FlipSwitchControl">
            <parameters>
              <value>pfc_locationcriteriamet</value>
            </parameters>
          </customControl>
        </controlDescription>
        <controlDescription forControl="{3bf210ea-87f5-452c-a041-995a0bf7b231}">
          <customControl id="{67FAC785-CD58-4F9F-ABB3-4B7DDC6ED5ED}">
            <parameters>
              <datafieldname>pfc_hoursperweekcriteriamet</datafieldname>
            </parameters>
          </customControl>
          <customControl formFactor="0" name="MscrmControls.FlipSwitch.FlipSwitchControl">
            <parameters>
              <value>pfc_hoursperweekcriteriamet</value>
            </parameters>
          </customControl>
          <customControl formFactor="2" name="MscrmControls.FlipSwitch.FlipSwitchControl">
            <parameters>
              <value>pfc_hoursperweekcriteriamet</value>
            </parameters>
          </customControl>
          <customControl formFactor="1" name="MscrmControls.FlipSwitch.FlipSwitchControl">
            <parameters>
              <value>pfc_hoursperweekcriteriamet</value>
            </parameters>
          </customControl>
        </controlDescription>
        <controlDescription forControl="{b4ffe1c6-eb10-4cb9-87d8-dea4c3c2b056}">
          <customControl id="{67FAC785-CD58-4F9F-ABB3-4B7DDC6ED5ED}">
            <parameters>
              <datafieldname>pfc_punctualitycriteriamet</datafieldname>
            </parameters>
          </customControl>
          <customControl formFactor="0" name="MscrmControls.FlipSwitch.FlipSwitchControl">
            <parameters>
              <value>pfc_punctualitycriteriamet</value>
            </parameters>
          </customControl>
          <customControl formFactor="2" name="MscrmControls.FlipSwitch.FlipSwitchControl">
            <parameters>
              <value>pfc_punctualitycriteriamet</value>
            </parameters>
          </customControl>
          <customControl formFactor="1" name="MscrmControls.FlipSwitch.FlipSwitchControl">
            <parameters>
              <value>pfc_punctualitycriteriamet</value>
            </parameters>
          </customControl>
        </controlDescription>
        <controlDescription forControl="{b01d3964-790a-4b94-990c-d3ad93df512b}">
          <customControl id="{67FAC785-CD58-4F9F-ABB3-4B7DDC6ED5ED}">
            <parameters>
              <datafieldname>pfc_flexibilitycriteriamet</datafieldname>
            </parameters>
          </customControl>
          <customControl formFactor="0" name="MscrmControls.FlipSwitch.FlipSwitchControl">
            <parameters>
              <value>pfc_flexibilitycriteriamet</value>
            </parameters>
          </customControl>
          <customControl formFactor="2" name="MscrmControls.FlipSwitch.FlipSwitchControl">
            <parameters>
              <value>pfc_flexibilitycriteriamet</value>
            </parameters>
          </customControl>
          <customControl formFactor="1" name="MscrmControls.FlipSwitch.FlipSwitchControl">
            <parameters>
              <value>pfc_flexibilitycriteriamet</value>
            </parameters>
          </customControl>
        </controlDescription>
        <controlDescription forControl="{f5e80d3d-baf8-4159-9d8a-601619734283}">
          <customControl id="{67FAC785-CD58-4F9F-ABB3-4B7DDC6ED5ED}">
            <parameters>
              <datafieldname>pfc_shiftchangescriteriamet</datafieldname>
            </parameters>
          </customControl>
          <customControl formFactor="0" name="MscrmControls.FlipSwitch.FlipSwitchControl">
            <parameters>
              <value>pfc_shiftchangescriteriamet</value>
            </parameters>
          </customControl>
          <customControl formFactor="2" name="MscrmControls.FlipSwitch.FlipSwitchControl">
            <parameters>
              <value>pfc_shiftchangescriteriamet</value>
            </parameters>
          </customControl>
          <customControl formFactor="1" name="MscrmControls.FlipSwitch.FlipSwitchControl">
            <parameters>
              <value>pfc_shiftchangescriteriamet</value>
            </parameters>
          </customControl>
        </controlDescription>
        <controlDescription forControl="{bf400877-78db-4c5c-a7ef-c5e59591aaf5}">
          <customControl id="{67FAC785-CD58-4F9F-ABB3-4B7DDC6ED5ED}">
            <parameters>
              <datafieldname>pfc_salarycriteriamet</datafieldname>
            </parameters>
          </customControl>
          <customControl formFactor="0" name="MscrmControls.FlipSwitch.FlipSwitchControl">
            <parameters>
              <value>pfc_salarycriteriamet</value>
            </parameters>
          </customControl>
          <customControl formFactor="2" name="MscrmControls.FlipSwitch.FlipSwitchControl">
            <parameters>
              <value>pfc_salarycriteriamet</value>
            </parameters>
          </customControl>
          <customControl formFactor="1" name="MscrmControls.FlipSwitch.FlipSwitchControl">
            <parameters>
              <value>pfc_salarycriteriamet</value>
            </parameters>
          </customControl>
        </controlDescription>
        <controlDescription forControl="{8c2cd704-28bf-4cbf-850c-f4c1daf98e92}">
          <customControl id="{67FAC785-CD58-4F9F-ABB3-4B7DDC6ED5ED}">
            <parameters>
              <datafieldname>pfc_dbscheckcriteriamet</datafieldname>
            </parameters>
          </customControl>
          <customControl formFactor="0" name="MscrmControls.FlipSwitch.FlipSwitchControl">
            <parameters>
              <value>pfc_dbscheckcriteriamet</value>
            </parameters>
          </customControl>
          <customControl formFactor="2" name="MscrmControls.FlipSwitch.FlipSwitchControl">
            <parameters>
              <value>pfc_dbscheckcriteriamet</value>
            </parameters>
          </customControl>
          <customControl formFactor="1" name="MscrmControls.FlipSwitch.FlipSwitchControl">
            <parameters>
              <value>pfc_dbscheckcriteriamet</value>
            </parameters>
          </customControl>
        </controlDescription>
        <controlDescription forControl="{142a3d84-e445-4250-a27f-b2ad98081ae4}">
          <customControl id="{67FAC785-CD58-4F9F-ABB3-4B7DDC6ED5ED}">
            <parameters>
              <datafieldname>pfc_haveyougoteligibilitytoworkintheuk</datafieldname>
            </parameters>
          </customControl>
          <customControl formFactor="0" name="MscrmControls.FlipSwitch.FlipSwitchControl">
            <parameters>
              <value>pfc_haveyougoteligibilitytoworkintheuk</value>
            </parameters>
          </customControl>
          <customControl formFactor="2" name="MscrmControls.FlipSwitch.FlipSwitchControl">
            <parameters>
              <value>pfc_haveyougoteligibilitytoworkintheuk</value>
            </parameters>
          </customControl>
          <customControl formFactor="1" name="MscrmControls.FlipSwitch.FlipSwitchControl">
            <parameters>
              <value>pfc_haveyougoteligibilitytoworkintheuk</value>
            </parameters>
          </customControl>
        </controlDescription>
        <controlDescription forControl="{15118506-c104-4c58-a246-d0e45043bd61}">
          <customControl id="{67FAC785-CD58-4F9F-ABB3-4B7DDC6ED5ED}">
            <parameters>
              <datafieldname>pfc_eligibilitytoworkinukcriteriamet</datafieldname>
            </parameters>
          </customControl>
          <customControl formFactor="0" name="MscrmControls.FlipSwitch.FlipSwitchControl">
            <parameters>
              <value>pfc_eligibilitytoworkinukcriteriamet</value>
            </parameters>
          </customControl>
          <customControl formFactor="2" name="MscrmControls.FlipSwitch.FlipSwitchControl">
            <parameters>
              <value>pfc_eligibilitytoworkinukcriteriamet</value>
            </parameters>
          </customControl>
          <customControl formFactor="1" name="MscrmControls.FlipSwitch.FlipSwitchControl">
            <parameters>
              <value>pfc_eligibilitytoworkinukcriteriamet</value>
            </parameters>
          </customControl>
        </controlDescription>
        <controlDescription forControl="{5665fa48-56a4-4619-b78f-701cb2996ddd}">
          <customControl id="{67FAC785-CD58-4F9F-ABB3-4B7DDC6ED5ED}">
            <parameters>
              <datafieldname>pfc_doyouhaveexperienceusingmsoffice</datafieldname>
            </parameters>
          </customControl>
          <customControl formFactor="0" name="MscrmControls.FlipSwitch.FlipSwitchControl">
            <parameters>
              <value>pfc_doyouhaveexperienceusingmsoffice</value>
            </parameters>
          </customControl>
          <customControl formFactor="2" name="MscrmControls.FlipSwitch.FlipSwitchControl">
            <parameters>
              <value>pfc_doyouhaveexperienceusingmsoffice</value>
            </parameters>
          </customControl>
          <customControl formFactor="1" name="MscrmControls.FlipSwitch.FlipSwitchControl">
            <parameters>
              <value>pfc_doyouhaveexperienceusingmsoffice</value>
            </parameters>
          </customControl>
        </controlDescription>
        <controlDescription forControl="{19bbd064-3562-4d57-a35c-5019984ba61f}">
          <customControl id="{67FAC785-CD58-4F9F-ABB3-4B7DDC6ED5ED}">
            <parameters>
              <datafieldname>pfc_microsoftofficeexperiencecriteriamet</datafieldname>
            </parameters>
          </customControl>
          <customControl formFactor="0" name="MscrmControls.FlipSwitch.FlipSwitchControl">
            <parameters>
              <value>pfc_microsoftofficeexperiencecriteriamet</value>
            </parameters>
          </customControl>
          <customControl formFactor="2" name="MscrmControls.FlipSwitch.FlipSwitchControl">
            <parameters>
              <value>pfc_microsoftofficeexperiencecriteriamet</value>
            </parameters>
          </customControl>
          <customControl formFactor="1" name="MscrmControls.FlipSwitch.FlipSwitchControl">
            <parameters>
              <value>pfc_microsoftofficeexperiencecriteriamet</value>
            </parameters>
          </customControl>
        </controlDescription>
        <controlDescription forControl="{fb9af11e-a81a-41b4-960e-6ed079161e9f}">
          <customControl id="{67FAC785-CD58-4F9F-ABB3-4B7DDC6ED5ED}">
            <parameters>
              <datafieldname>pfc_experiencesupportingpeoplewithautism</datafieldname>
            </parameters>
          </customControl>
          <customControl formFactor="0" name="MscrmControls.FlipSwitch.FlipSwitchControl">
            <parameters>
              <value>pfc_experiencesupportingpeoplewithautism</value>
            </parameters>
          </customControl>
          <customControl formFactor="2" name="MscrmControls.FlipSwitch.FlipSwitchControl">
            <parameters>
              <value>pfc_experiencesupportingpeoplewithautism</value>
            </parameters>
          </customControl>
          <customControl formFactor="1" name="MscrmControls.FlipSwitch.FlipSwitchControl">
            <parameters>
              <value>pfc_experiencesupportingpeoplewithautism</value>
            </parameters>
          </customControl>
        </controlDescription>
        <controlDescription forControl="{c9e8bd6f-e1f1-4a84-9e87-1cea2b00731d}">
          <customControl id="{67FAC785-CD58-4F9F-ABB3-4B7DDC6ED5ED}">
            <parameters>
              <datafieldname>pfc_priorexperiencecriteriamet</datafieldname>
            </parameters>
          </customControl>
          <customControl formFactor="0" name="MscrmControls.FlipSwitch.FlipSwitchControl">
            <parameters>
              <value>pfc_priorexperiencecriteriamet</value>
            </parameters>
          </customControl>
          <customControl formFactor="2" name="MscrmControls.FlipSwitch.FlipSwitchControl">
            <parameters>
              <value>pfc_priorexperiencecriteriamet</value>
            </parameters>
          </customControl>
          <customControl formFactor="1" name="MscrmControls.FlipSwitch.FlipSwitchControl">
            <parameters>
              <value>pfc_priorexperiencecriteriamet</value>
            </parameters>
          </customControl>
        </controlDescription>
        <controlDescription forControl="{e5f6fae4-a08d-43c8-80b8-5e3dbf2fe818}">
          <customControl id="{67FAC785-CD58-4F9F-ABB3-4B7DDC6ED5ED}">
            <parameters>
              <datafieldname>pfc_otherspersonalhygienecriteriamet</datafieldname>
            </parameters>
          </customControl>
          <customControl formFactor="0" name="MscrmControls.FlipSwitch.FlipSwitchControl">
            <parameters>
              <value>pfc_otherspersonalhygienecriteriamet</value>
            </parameters>
          </customControl>
          <customControl formFactor="2" name="MscrmControls.FlipSwitch.FlipSwitchControl">
            <parameters>
              <value>pfc_otherspersonalhygienecriteriamet</value>
            </parameters>
          </customControl>
          <customControl formFactor="1" name="MscrmControls.FlipSwitch.FlipSwitchControl">
            <parameters>
              <value>pfc_otherspersonalhygienecriteriamet</value>
            </parameters>
          </customControl>
        </controlDescription>
        <controlDescription forControl="{470858cf-aaf3-47a5-b312-c287b2fdf94a}">
          <customControl id="{67FAC785-CD58-4F9F-ABB3-4B7DDC6ED5ED}">
            <parameters>
              <datafieldname>pfc_multisettingpromptsassistcriteriamet</datafieldname>
            </parameters>
          </customControl>
          <customControl formFactor="0" name="MscrmControls.FlipSwitch.FlipSwitchControl">
            <parameters>
              <value>pfc_multisettingpromptsassistcriteriamet</value>
            </parameters>
          </customControl>
          <customControl formFactor="2" name="MscrmControls.FlipSwitch.FlipSwitchControl">
            <parameters>
              <value>pfc_multisettingpromptsassistcriteriamet</value>
            </parameters>
          </customControl>
          <customControl formFactor="1" name="MscrmControls.FlipSwitch.FlipSwitchControl">
            <parameters>
              <value>pfc_multisettingpromptsassistcriteriamet</value>
            </parameters>
          </customControl>
        </controlDescription>
        <controlDescription forControl="{225fc455-3f2e-4d59-92af-46de76ccd4af}">
          <customControl id="{67FAC785-CD58-4F9F-ABB3-4B7DDC6ED5ED}">
            <parameters>
              <datafieldname>pfc_areyoucurrentlyworking</datafieldname>
            </parameters>
          </customControl>
          <customControl formFactor="0" name="MscrmControls.FlipSwitch.FlipSwitchControl">
            <parameters>
              <value>pfc_areyoucurrentlyworking</value>
            </parameters>
          </customControl>
          <customControl formFactor="2" name="MscrmControls.FlipSwitch.FlipSwitchControl">
            <parameters>
              <value>pfc_areyoucurrentlyworking</value>
            </parameters>
          </customControl>
          <customControl formFactor="1" name="MscrmControls.FlipSwitch.FlipSwitchControl">
            <parameters>
              <value>pfc_areyoucurrentlyworking</value>
            </parameters>
          </customControl>
        </controlDescription>
        <controlDescription forControl="{afef35ad-bd76-47e2-a530-32b69e41830b}">
          <customControl id="{67FAC785-CD58-4F9F-ABB3-4B7DDC6ED5ED}">
            <parameters>
              <datafieldname>pfc_isthelocationoftherolesuitableforyou</datafieldname>
            </parameters>
          </customControl>
          <customControl formFactor="0" name="MscrmControls.FlipSwitch.FlipSwitchControl">
            <parameters>
              <value>pfc_isthelocationoftherolesuitableforyou</value>
            </parameters>
          </customControl>
          <customControl formFactor="2" name="MscrmControls.FlipSwitch.FlipSwitchControl">
            <parameters>
              <value>pfc_isthelocationoftherolesuitableforyou</value>
            </parameters>
          </customControl>
          <customControl formFactor="1" name="MscrmControls.FlipSwitch.FlipSwitchControl">
            <parameters>
              <value>pfc_isthelocationoftherolesuitableforyou</value>
            </parameters>
          </customControl>
        </controlDescription>
        <controlDescription forControl="{ecf04801-1844-4929-a11b-63bbe86c900d}">
          <customControl id="{67FAC785-CD58-4F9F-ABB3-4B7DDC6ED5ED}">
            <parameters>
              <datafieldname>pfc_issueswithearlyorlateshifts</datafieldname>
            </parameters>
          </customControl>
          <customControl formFactor="0" name="MscrmControls.FlipSwitch.FlipSwitchControl">
            <parameters>
              <value>pfc_issueswithearlyorlateshifts</value>
            </parameters>
          </customControl>
          <customControl formFactor="2" name="MscrmControls.FlipSwitch.FlipSwitchControl">
            <parameters>
              <value>pfc_issueswithearlyorlateshifts</value>
            </parameters>
          </customControl>
          <customControl formFactor="1" name="MscrmControls.FlipSwitch.FlipSwitchControl">
            <parameters>
              <value>pfc_issueswithearlyorlateshifts</value>
            </parameters>
          </customControl>
        </controlDescription>
        <controlDescription forControl="{f7cf3d7b-15c4-4398-8773-93391ddacff8}">
          <customControl id="{67FAC785-CD58-4F9F-ABB3-4B7DDC6ED5ED}">
            <parameters>
              <datafieldname>pfc_canyouprovideadditionalsupportifneed</datafieldname>
            </parameters>
          </customControl>
          <customControl formFactor="0" name="MscrmControls.FlipSwitch.FlipSwitchControl">
            <parameters>
              <value>pfc_canyouprovideadditionalsupportifneed</value>
            </parameters>
          </customControl>
          <customControl formFactor="2" name="MscrmControls.FlipSwitch.FlipSwitchControl">
            <parameters>
              <value>pfc_canyouprovideadditionalsupportifneed</value>
            </parameters>
          </customControl>
          <customControl formFactor="1" name="MscrmControls.FlipSwitch.FlipSwitchControl">
            <parameters>
              <value>pfc_canyouprovideadditionalsupportifneed</value>
            </parameters>
          </customControl>
        </controlDescription>
        <controlDescription forControl="{bd1d51e0-32ea-470d-b97f-bc02fb994fa9}">
          <customControl id="{67FAC785-CD58-4F9F-ABB3-4B7DDC6ED5ED}">
            <parameters>
              <datafieldname>pfc_haveyouhadadbscheckinpastthreeyears</datafieldname>
            </parameters>
          </customControl>
          <customControl formFactor="0" name="MscrmControls.FlipSwitch.FlipSwitchControl">
            <parameters>
              <value>pfc_haveyouhadadbscheckinpastthreeyears</value>
            </parameters>
          </customControl>
          <customControl formFactor="2" name="MscrmControls.FlipSwitch.FlipSwitchControl">
            <parameters>
              <value>pfc_haveyouhadadbscheckinpastthreeyears</value>
            </parameters>
          </customControl>
          <customControl formFactor="1" name="MscrmControls.FlipSwitch.FlipSwitchControl">
            <parameters>
              <value>pfc_haveyouhadadbscheckinpastthreeyears</value>
            </parameters>
          </customControl>
        </controlDescription>
        <controlDescription forControl="{33a5a4fe-f8cb-4673-8ba2-06db08f16707}">
          <customControl id="{67FAC785-CD58-4F9F-ABB3-4B7DDC6ED5ED}">
            <parameters>
              <datafieldname>pfc_anytrainingrelevanttothisrole</datafieldname>
            </parameters>
          </customControl>
          <customControl formFactor="0" name="MscrmControls.FlipSwitch.FlipSwitchControl">
            <parameters>
              <value>pfc_anytrainingrelevanttothisrole</value>
            </parameters>
          </customControl>
          <customControl formFactor="2" name="MscrmControls.FlipSwitch.FlipSwitchControl">
            <parameters>
              <value>pfc_anytrainingrelevanttothisrole</value>
            </parameters>
          </customControl>
          <customControl formFactor="1" name="MscrmControls.FlipSwitch.FlipSwitchControl">
            <parameters>
              <value>pfc_anytrainingrelevanttothisrole</value>
            </parameters>
          </customControl>
        </controlDescription>
        <controlDescription forControl="{1941198f-696b-4a42-b823-6a1fb82f0b43}">
          <customControl id="{67FAC785-CD58-4F9F-ABB3-4B7DDC6ED5ED}">
            <parameters>
              <datafieldname>pfc_relevanttrainingcriteriamet</datafieldname>
            </parameters>
          </customControl>
          <customControl formFactor="0" name="MscrmControls.FlipSwitch.FlipSwitchControl">
            <parameters>
              <value>pfc_relevanttrainingcriteriamet</value>
            </parameters>
          </customControl>
          <customControl formFactor="2" name="MscrmControls.FlipSwitch.FlipSwitchControl">
            <parameters>
              <value>pfc_relevanttrainingcriteriamet</value>
            </parameters>
          </customControl>
          <customControl formFactor="1" name="MscrmControls.FlipSwitch.FlipSwitchControl">
            <parameters>
              <value>pfc_relevanttrainingcriteriamet</value>
            </parameters>
          </customControl>
        </controlDescription>
      </controlDescriptions>
    </form>
    <LocalizedNames>
      <LocalizedName description="Appointment" languagecode="1033" />
    </LocalizedNames>
    <Descriptions>
      <Description description="Updated default Appointment form." languagecode="1033" />
    </Descriptions>
  </systemform>
</forms>