﻿<?xml version="1.0" encoding="utf-8"?>
<InteractionCentricDashboard xmlns:xsi="http://www.w3.org/2001/XMLSchema-instance">
  <LocalizedNames>
    <LocalizedName description="Enquiries Dashoard" languagecode="1033" />
  </LocalizedNames>
  <FormId>{09c82682-8fa6-eb11-9442-0022480018c6}</FormId>
  <IsCustomizable>1</IsCustomizable>
  <IsDefault>0</IsDefault>
  <FormXml>
    <forms type="interactioncentricdashboard">
      <form>
        <tabs filterby="createdon" timeframe="7" primaryentitylogicalname="pfc_enquiry" entityview="{07BA74DD-8EA6-EB11-9442-0022480018C6}" dashboardCategory="1_1" tilespresent="false">
          <tab showlabel="true" verticallayout="true" collapsible="true" id="{23b57ece-3e5a-4f96-bcf1-3e6f5359ec57}">
            <labels>
              <label description="Visual Filters" languagecode="1033" />
            </labels>
            <columns>
              <column width="100%">
                <sections>
                  <section name="VisualFilters" showlabel="false" showbar="false" columns="111" id="{4f5ed76c-8ba4-4b78-8b2f-928c43eed292}">
                    <labels>
                      <label description="Section" languagecode="1033" />
                    </labels>
                    <rows>
                      <row>
                        <cell colspan="1" rowspan="12" showlabel="false" ischartcell="true" id="{d507a3f1-f919-477b-b8af-a4aa22dd480f}" auto="false">
                          <labels>
                            <label description="Enquiry" languagecode="1033" />
                          </labels>
                          <control id="Componentf81123f" uniqueid="{140a6a49-4744-6964-4d96-8bd06195b3c8}" classid="{E7A81278-8635-4d9e-8D4D-59480B391C5B}" indicationOfSubgrid="true">
                            <parameters>
                              <TargetEntityType>pfc_enquiry</TargetEntityType>
                              <ChartGridMode>Chart</ChartGridMode>
                              <EnableQuickFind>false</EnableQuickFind>
                              <EnableViewPicker>false</EnableViewPicker>
                              <EnableJumpBar>false</EnableJumpBar>
                              <RecordsPerPage>10</RecordsPerPage>
                              <HeaderColorCode />
                              <ViewId>{07BA74DD-8EA6-EB11-9442-0022480018C6}</ViewId>
                              <IsUserView>false</IsUserView>
                              <ViewIds />
                              <AutoExpand>Fixed</AutoExpand>
                              <VisualizationId>{69AB99D3-8CA6-EB11-9442-0022480018C6}</VisualizationId>
                              <IsUserChart>false</IsUserChart>
                              <EnableChartPicker>false</EnableChartPicker>
                              <RelationshipName />
                            </parameters>
                          </control>
                        </cell>
                        <cell colspan="1" rowspan="12" showlabel="false" ischartcell="true" id="{5b4f7b52-c799-402f-9441-8ebe02bb5950}" auto="false">
                          <labels>
                            <label description="Enquiry" languagecode="1033" />
                          </labels>
                          <control id="Componentd71e32a" uniqueid="{794e63e9-7386-344e-c599-07e0d1e339c6}" classid="{E7A81278-8635-4d9e-8D4D-59480B391C5B}" indicationOfSubgrid="true">
                            <parameters>
                              <TargetEntityType>pfc_enquiry</TargetEntityType>
                              <ChartGridMode>Chart</ChartGridMode>
                              <EnableQuickFind>false</EnableQuickFind>
                              <EnableViewPicker>false</EnableViewPicker>
                              <EnableJumpBar>false</EnableJumpBar>
                              <RecordsPerPage>10</RecordsPerPage>
                              <HeaderColorCode />
                              <ViewId>{07BA74DD-8EA6-EB11-9442-0022480018C6}</ViewId>
                              <IsUserView>false</IsUserView>
                              <ViewIds />
                              <AutoExpand>Fixed</AutoExpand>
                              <VisualizationId>{1E3E4A68-8BA6-EB11-9442-0022480018C6}</VisualizationId>
                              <IsUserChart>false</IsUserChart>
                              <EnableChartPicker>false</EnableChartPicker>
                              <RelationshipName />
                            </parameters>
                          </control>
                        </cell>
                        <cell colspan="1" rowspan="12" showlabel="false" ischartcell="true" id="{212f6bf2-7c19-4fbf-b6ba-8e31364d5e04}" auto="false">
                          <labels>
                            <label description="Enquiry" languagecode="1033" />
                          </labels>
                          <control id="Component6798de9" uniqueid="{0ae21ee7-6502-7b3e-5522-e43799ba9751}" classid="{E7A81278-8635-4d9e-8D4D-59480B391C5B}" indicationOfSubgrid="true">
                            <parameters>
                              <TargetEntityType>pfc_enquiry</TargetEntityType>
                              <ChartGridMode>Chart</ChartGridMode>
                              <EnableQuickFind>false</EnableQuickFind>
                              <EnableViewPicker>false</EnableViewPicker>
                              <EnableJumpBar>false</EnableJumpBar>
                              <RecordsPerPage>10</RecordsPerPage>
                              <HeaderColorCode />
                              <ViewId>{07BA74DD-8EA6-EB11-9442-0022480018C6}</ViewId>
                              <IsUserView>false</IsUserView>
                              <ViewIds />
                              <AutoExpand>Fixed</AutoExpand>
                              <VisualizationId>{5AE0AD05-8DA6-EB11-9442-0022480018C6}</VisualizationId>
                              <IsUserChart>false</IsUserChart>
                              <EnableChartPicker>false</EnableChartPicker>
                              <RelationshipName />
                            </parameters>
                          </control>
                        </cell>
                      </row>
                      <row />
                      <row />
                      <row />
                      <row />
                      <row />
                      <row />
                      <row />
                      <row />
                      <row />
                      <row />
                      <row />
                    </rows>
                  </section>
                </sections>
              </column>
            </columns>
          </tab>
          <tab name="StreamsContainer" showlabel="true" verticallayout="true" collapsible="false" id="{37bfb288-be12-4675-9efc-73ff1ac2881f}">
            <labels>
              <label description="Streams" languagecode="1033" />
            </labels>
            <columns>
              <column width="100%">
                <sections>
                  <section name="Streams" showlabel="false" showbar="false" columns="1111" id="{e4cb5256-b042-42ca-b10d-1e86def5581c}">
                    <labels>
                      <label description="Section" languagecode="1033" />
                    </labels>
                    <rows>
                      <row>
                        <cell colspan="4" rowspan="12" showlabel="false" isstreamcell="true" id="{a912d551-2f64-40e2-be9f-7a326d1127fc}">
                          <labels>
                            <label description="" languagecode="1033" />
                          </labels>
                          <control id="Component{d7176928-d082-bc8e-3024-503a4bc70427}" classid="{EE9078C8-6946-4E2C-B8F8-35E65F4BE6A8}">
                            <parameters>
                              <StreamObjects>
                                <ShowAsTiles>false</ShowAsTiles>
                                <StreamObject id="{49bba8c0-7376-5369-51bd-0d3ddade802a}" type="1">
                                  <LogicalEntityName>pfc_enquiry</LogicalEntityName>
                                  <EntityViewId>{F405A01A-8AA6-EB11-9442-002248001B2F}</EntityViewId>
                                </StreamObject>
                                <StreamObject id="{430dcb80-c6d4-033a-b6ad-709dcd1431b6}" type="1">
                                  <LogicalEntityName>pfc_enquiry</LogicalEntityName>
                                  <EntityViewId>{DF5206D2-B74C-42AA-8556-1B87C2FB0CDA}</EntityViewId>
                                </StreamObject>
                                <StreamObject id="{5dd77639-a6d2-8872-6543-4969c619a6a2}" type="1">
                                  <LogicalEntityName>pfc_enquiry</LogicalEntityName>
                                  <EntityViewId>{077E95DE-8DA6-EB11-9442-002248001B2F}</EntityViewId>
                                </StreamObject>
                                <StreamObject id="{b33e7040-0972-10a2-387c-c9b24ab463e7}" type="1">
                                  <LogicalEntityName>pfc_enquiry</LogicalEntityName>
                                  <EntityViewId>{07BA74DD-8EA6-EB11-9442-0022480018C6}</EntityViewId>
                                </StreamObject>
                              </StreamObjects>
                            </parameters>
                          </control>
                        </cell>
                      </row>
                      <row />
                      <row />
                      <row />
                      <row />
                      <row />
                      <row />
                      <row />
                      <row />
                      <row />
                      <row />
                      <row />
                    </rows>
                  </section>
                </sections>
              </column>
            </columns>
          </tab>
        </tabs>
      </form>
    </forms>
  </FormXml>
  <IntroducedVersion>1.0.0.191</IntroducedVersion>
  <IsTabletEnabled>0</IsTabletEnabled>
</InteractionCentricDashboard>