﻿<?xml version="1.0" encoding="utf-8"?>
<InteractionCentricDashboard xmlns:xsi="http://www.w3.org/2001/XMLSchema-instance">
  <LocalizedNames>
    <LocalizedName description="Accounts Dashboard" languagecode="1033" />
  </LocalizedNames>
  <Descriptions>
    <Description description="Shows an overview of data related to accounts." languagecode="1033" />
  </Descriptions>
  <FormId>{15915835-b87c-49ec-9ffc-bfac3ac44ef1}</FormId>
  <IsDefault>0</IsDefault>
  <FormXml>
    <forms type="interactioncentricdashboard">
      <form>
        <tabs filterby="createdon" timeframe="7" primaryentitylogicalname="account" entityview="{00000000-0000-0000-00AA-000010001002}" dashboardCategory="1_1" tilespresent="false">
          <tab showlabel="true" verticallayout="true" collapsible="true" id="{24fa8919-d169-4242-81cf-328f4a32377d}">
            <labels>
              <label description="" languagecode="1033" />
            </labels>
            <columns>
              <column width="100%">
                <sections>
                  <section name="VisualFilters" showlabel="false" showbar="false" columns="1111" id="{0a032952-edaf-4639-8613-10890822010f}">
                    <labels>
                      <label description="" languagecode="1033" />
                    </labels>
                    <rows>
                      <row>
                        <cell colspan="1" rowspan="12" showlabel="false" ischartcell="true" id="{34e280b1-b19c-429c-8fd5-a348ee9bae12}" auto="false">
                          <labels>
                            <label description="Accounts" languagecode="1033" />
                          </labels>
                          <control id="Componentc4e86d7" classid="{E7A81278-8635-4d9e-8D4D-59480B391C5B}">
                            <parameters>
                              <TargetEntityType>account</TargetEntityType>
                              <ChartGridMode>Chart</ChartGridMode>
                              <EnableQuickFind>false</EnableQuickFind>
                              <EnableViewPicker>false</EnableViewPicker>
                              <EnableJumpBar>false</EnableJumpBar>
                              <RecordsPerPage>10</RecordsPerPage>
                              <ViewId>{00000000-0000-0000-00AA-000010001002}</ViewId>
                              <IsUserView>false</IsUserView>
                              <ViewIds />
                              <AutoExpand>Fixed</AutoExpand>
                              <VisualizationId>{74A622C0-5193-DE11-97D4-00155DA3B01E}</VisualizationId>
                              <IsUserChart>false</IsUserChart>
                              <EnableChartPicker>false</EnableChartPicker>
                              <RelationshipName />
                            </parameters>
                          </control>
                        </cell>
                        <cell colspan="1" rowspan="12" showlabel="false" ischartcell="true" id="{8e3a4afb-fe9c-40c0-ab92-7b29e22a3fda}" auto="false">
                          <labels>
                            <label description="Accounts" languagecode="1033" />
                          </labels>
                          <control id="Component2316e00" classid="{E7A81278-8635-4d9e-8D4D-59480B391C5B}">
                            <parameters>
                              <TargetEntityType>account</TargetEntityType>
                              <ChartGridMode>Chart</ChartGridMode>
                              <EnableQuickFind>false</EnableQuickFind>
                              <EnableViewPicker>false</EnableViewPicker>
                              <EnableJumpBar>false</EnableJumpBar>
                              <RecordsPerPage>10</RecordsPerPage>
                              <ViewId>{00000000-0000-0000-00AA-000010001002}</ViewId>
                              <IsUserView>false</IsUserView>
                              <ViewIds />
                              <AutoExpand>Fixed</AutoExpand>
                              <VisualizationId>{be178262-6142-4b41-85b7-4ccedc62cfd9}</VisualizationId>
                              <IsUserChart>false</IsUserChart>
                              <EnableChartPicker>false</EnableChartPicker>
                              <RelationshipName />
                            </parameters>
                          </control>
                        </cell>
                        <cell colspan="1" rowspan="12" showlabel="false" ischartcell="true" id="{46dcfd3b-a55f-4a31-ac5b-0600e9825760}" auto="false">
                          <labels>
                            <label description="Accounts" languagecode="1033" />
                          </labels>
                          <control id="Component666c4a4" classid="{E7A81278-8635-4d9e-8D4D-59480B391C5B}">
                            <parameters>
                              <TargetEntityType>account</TargetEntityType>
                              <ChartGridMode>Chart</ChartGridMode>
                              <EnableQuickFind>false</EnableQuickFind>
                              <EnableViewPicker>false</EnableViewPicker>
                              <EnableJumpBar>false</EnableJumpBar>
                              <RecordsPerPage>10</RecordsPerPage>
                              <ViewId>{00000000-0000-0000-00AA-000010001002}</ViewId>
                              <IsUserView>false</IsUserView>
                              <ViewIds />
                              <AutoExpand>Fixed</AutoExpand>
                              <VisualizationId>{5B290FFF-355F-DF11-AE90-00155D2E3002}</VisualizationId>
                              <IsUserChart>false</IsUserChart>
                              <EnableChartPicker>false</EnableChartPicker>
                              <RelationshipName />
                            </parameters>
                          </control>
                        </cell>
                        <cell colspan="1" rowspan="12" showlabel="false" ispreviewcell="true" ischartcell="true" id="{134cc0fd-761c-4b6c-8651-a6f65699daf0}">
                          <labels>
                            <label description="" languagecode="1033" />
                          </labels>
                        </cell>
                      </row>
                      <row />
                      <row />
                      <row />
                      <row />
                      <row />
                      <row />
                      <row />
                      <row />
                      <row />
                      <row />
                      <row />
                    </rows>
                  </section>
                </sections>
              </column>
            </columns>
          </tab>
          <tab name="StreamsContainer" showlabel="true" verticallayout="true" collapsible="false" id="{04777963-a981-4d85-bb77-948111df0bdf}">
            <labels>
              <label description="" languagecode="1033" />
            </labels>
            <columns>
              <column width="100%">
                <sections>
                  <section name="Streams" showlabel="false" showbar="false" columns="1111" id="{98a04539-b529-4c9a-bf6d-d7ea5f171302}">
                    <labels>
                      <label description="" languagecode="1033" />
                    </labels>
                    <rows>
                      <row>
                        <cell colspan="4" rowspan="12" showlabel="false" isstreamcell="true" id="{0c1ce1d7-749f-4fcc-86cb-9f10d78ea056}">
                          <labels>
                            <label description="" languagecode="1033" />
                          </labels>
                          <control id="Component{c25c1ba2-33b6-0760-d1cc-7621224bdaa7}" classid="{EE9078C8-6946-4E2C-B8F8-35E65F4BE6A8}">
                            <parameters>
                              <StreamObjects>
                                <ShowAsTiles>false</ShowAsTiles>
                                <StreamObject type="1" id="{f4e583f5-7e73-43eb-8793-276b20ff1b27}">
                                  <LogicalEntityName>account</LogicalEntityName>
                                  <EntityViewId>{00000000-0000-0000-00AA-000010001001}</EntityViewId>
                                </StreamObject>
                                <StreamObject type="1" id="{1974731d-f185-4bc4-b6dd-37a6fcb8e847}">
                                  <LogicalEntityName>account</LogicalEntityName>
                                  <EntityViewId>{00000000-0000-0000-00AA-000010001002}</EntityViewId>
                                </StreamObject>
                                <StreamObject type="1" id="{81CFD7EA-7DBD-451F-A2BA-60E61EB50E29}">
                                  <LogicalEntityName>account</LogicalEntityName>
                                  <EntityViewId>{00000000-0000-0000-00AA-000010001031}</EntityViewId>
                                </StreamObject>
                                <StreamObject type="1" id="{AF63BE3B-FBAA-44D4-AF06-7B52EF6C7F8E}">
                                  <LogicalEntityName>account</LogicalEntityName>
                                  <EntityViewId>{65FFAF9A-E8C5-432D-860B-32F841B00D87}</EntityViewId>
                                </StreamObject>
                              </StreamObjects>
                            </parameters>
                          </control>
                        </cell>
                      </row>
                      <row />
                      <row />
                      <row />
                      <row />
                      <row />
                      <row />
                      <row />
                      <row />
                      <row />
                      <row />
                      <row />
                    </rows>
                  </section>
                </sections>
              </column>
            </columns>
          </tab>
        </tabs>
      </form>
    </forms>
  </FormXml>
  <IntroducedVersion>8.0.0.0</IntroducedVersion>
  <IsTabletEnabled>0</IsTabletEnabled>
</InteractionCentricDashboard>