﻿<?xml version="1.0" encoding="utf-8"?>
<forms xmlns:xsi="http://www.w3.org/2001/XMLSchema-instance">
  <systemform>
    <formid>{75f37f62-5928-42ea-a8b0-dd5548c1296b}</formid>
    <IntroducedVersion>1.0</IntroducedVersion>
    <FormPresentation>1</FormPresentation>
    <FormActivationState>1</FormActivationState>
    <form>
      <tabs>
        <tab verticallayout="true" id="{2dd79e93-2f61-3c01-f2af-1135b70aae98}" name="StageStep4" locklevel="0" expanded="true" visible="false" labelid="{2f141f88-f88c-456c-8313-8ea579863a0a}">
          <labels>
            <label description="Qualify" languagecode="1033" />
          </labels>
          <columns>
            <column width="100%">
              <sections>
                <section showbar="false" columns="1" id="{c367db08-fd7a-2707-0482-719b7d061c9d}" name="StageStep4_section1" labelid="{1175bf88-5e44-4e68-90c2-64ef22f80b9c}">
                  <labels>
                    <label description="Qualify" languagecode="1033" />
                  </labels>
                  <rows>
                    <row>
                      <cell id="{86aa134a-4989-430e-ba9c-ce4abb4d2ceb}" showlabel="true" visible="true" labelid="{1ec43ca7-1158-4f25-bcb4-8c222ffb4ffa}">
                        <labels>
                          <label description="Existing Contact?" languagecode="1033" />
                        </labels>
                        <control id="bpf_pfc_enquiry_new_enquirytoreferralprocess:pfc_parentcontactid" classid="{270bd3db-d9af-4782-9025-509e298dec0a}" datafieldname="pfc_parentcontactid" disabled="false" relationship="bpf_pfc_enquiry_new_enquirytoreferralprocess" isrequired="false" />
                      </cell>
                    </row>
                    <row>
                      <cell id="{d04ceb86-d70d-4735-b995-c5a645ba8401}" showlabel="true" visible="true" labelid="{db14f11f-3a8e-4405-a3cd-8c079d21a495}">
                        <labels>
                          <label description="Existing Account?" languagecode="1033" />
                        </labels>
                        <control id="bpf_pfc_enquiry_new_enquirytoreferralprocess:pfc_parentaccountid" classid="{270bd3db-d9af-4782-9025-509e298dec0a}" datafieldname="pfc_parentaccountid" disabled="false" relationship="bpf_pfc_enquiry_new_enquirytoreferralprocess" isrequired="false" />
                      </cell>
                    </row>
                  </rows>
                </section>
              </sections>
            </column>
          </columns>
        </tab>
        <tab verticallayout="true" id="{af81dfe3-0cdf-4254-9c61-8deeea71195e}" name="StageStep10" locklevel="0" expanded="true" visible="false" labelid="{8992c878-b4cb-4218-b596-cb555ab03ecb}">
          <labels>
            <label description="Pre-Assessment Screening" languagecode="1033" />
          </labels>
          <columns>
            <column width="100%">
              <sections>
                <section showbar="false" columns="1" id="{7ecfd764-543e-4e59-1501-a165b3eac0fc}" name="StageStep10_section1" labelid="{6f133a3b-38e6-4be9-b97d-be9b1827b73a}">
                  <labels>
                    <label description="Pre-Assessment Screening" languagecode="1033" />
                  </labels>
                  <rows>
                    <row>
                      <cell id="{d5a48fc2-4d7d-410c-a18b-4f0cfeb9813c}" showlabel="true" visible="true" labelid="{7044ee2f-c5e1-4e32-b9a1-5fb8200a3432}">
                        <labels>
                          <label description="Acknowledgement Sent?" languagecode="1033" />
                        </labels>
                        <control id="bpf_pfc_referral_new_enquirytoreferralprocess:pfc_isacknowledgementsent" classid="{270bd3db-d9af-4782-9025-509e298dec0a}" datafieldname="pfc_isacknowledgementsent" disabled="false" relationship="bpf_pfc_referral_new_enquirytoreferralprocess" isrequired="false" />
                      </cell>
                    </row>
                    <row>
                      <cell id="{92c7ff3d-1df5-471f-901b-53a51d3db112}" showlabel="true" visible="true" labelid="{351923c7-8281-4908-aa39-c41a70f1afc9}">
                        <labels>
                          <label description="Date Support Needs Assessment Assigned" languagecode="1033" />
                        </labels>
                        <control id="bpf_pfc_referral_new_enquirytoreferralprocess:pfc_datesupportneedsassessmentassigned" classid="{5b773807-9fb2-42db-97c3-7a91eff8adff}" datafieldname="pfc_datesupportneedsassessmentassigned" relationship="bpf_pfc_referral_new_enquirytoreferralprocess" isrequired="false" disabled="false" />
                      </cell>
                    </row>
                    <row>
                      <cell id="{e5f55149-c6f3-4d40-b237-4f0b27d00387}" showlabel="true" visible="true" labelid="{70340bae-58ff-4d9f-913d-3a78c57884ac}">
                        <labels>
                          <label description="Support Needs Assessment Assigned To" languagecode="1033" />
                        </labels>
                        <control id="bpf_pfc_referral_new_enquirytoreferralprocess:pfc_assignedtoid" classid="{270bd3db-d9af-4782-9025-509e298dec0a}" datafieldname="pfc_assignedtoid" relationship="bpf_pfc_referral_new_enquirytoreferralprocess" isrequired="false" disabled="false" />
                      </cell>
                    </row>
                    <row>
                      <cell id="{94be023f-e9a9-4621-b9a4-0fd0b32a38a5}" showlabel="true" visible="true" labelid="{10d1c785-5af0-4a01-872c-34d7d0828472}">
                        <labels>
                          <label description="Date Support Needs Assessment Completed" languagecode="1033" />
                        </labels>
                        <control id="bpf_pfc_referral_new_enquirytoreferralprocess:pfc_datesupportneedsassessmentcompleted" classid="{5b773807-9fb2-42db-97c3-7a91eff8adff}" datafieldname="pfc_datesupportneedsassessmentcompleted" relationship="bpf_pfc_referral_new_enquirytoreferralprocess" isrequired="false" disabled="false" />
                      </cell>
                    </row>
                    <row>
                      <cell id="{6574134b-8cb7-4475-850d-9ff533b4911e}" showlabel="true" visible="true" labelid="{d79d17bf-1a0d-4eec-a735-ad40156d77c1}">
                        <labels>
                          <label description="Screening Undertaken By" languagecode="1033" />
                        </labels>
                        <control id="bpf_pfc_referral_new_enquirytoreferralprocess:pfc_userid" classid="{270bd3db-d9af-4782-9025-509e298dec0a}" datafieldname="pfc_userid" disabled="false" relationship="bpf_pfc_referral_new_enquirytoreferralprocess" isrequired="false" />
                      </cell>
                    </row>
                    <row>
                      <cell id="{cea239d7-c5c5-4656-a99f-b11e51de2639}" showlabel="true" visible="true" labelid="{fd241322-d1d3-4a16-9652-92d89fc1ec18}">
                        <labels>
                          <label description="Number of 1:1 Hours" languagecode="1033" />
                        </labels>
                        <control id="bpf_pfc_referral_new_enquirytoreferralprocess:pfc_numberof1to1hours" classid="{c6d124ca-7eda-4a60-aea9-7fb8d318b68f}" datafieldname="pfc_numberof1to1hours" disabled="false" relationship="bpf_pfc_referral_new_enquirytoreferralprocess" isrequired="false" />
                      </cell>
                    </row>
                    <row>
                      <cell id="{7f31d358-d928-491f-8fc5-2e18b459e747}" showlabel="true" visible="true" labelid="{881004c1-8ac3-4c6e-b441-1963e01408be}">
                        <labels>
                          <label description="Number of Shared Hours" languagecode="1033" />
                        </labels>
                        <control id="bpf_pfc_referral_new_enquirytoreferralprocess:pfc_numberofsharedhours" classid="{c6d124ca-7eda-4a60-aea9-7fb8d318b68f}" datafieldname="pfc_numberofsharedhours" disabled="false" relationship="bpf_pfc_referral_new_enquirytoreferralprocess" isrequired="false" />
                      </cell>
                    </row>
                    <row>
                      <cell id="{f7a52a5e-52d1-44a2-b269-d7f2740b7f19}" showlabel="true" visible="true" labelid="{53198b4c-3798-4579-9048-0f7a6d97f640}">
                        <labels>
                          <label description="Tiered Rate" languagecode="1033" />
                        </labels>
                        <control id="bpf_pfc_referral_new_enquirytoreferralprocess:pfc_tieredrate" classid="{3ef39988-22bb-4f0b-bbbe-64b5a3748aee}" datafieldname="pfc_tieredrate" disabled="false" relationship="bpf_pfc_referral_new_enquirytoreferralprocess" isrequired="false" />
                      </cell>
                    </row>
                    <row>
                      <cell id="{eac24862-c02a-4a32-be05-ab8b07e68c65}" showlabel="true" visible="true" labelid="{d5eaaff3-e3ab-4528-b332-9b0b4f4debee}">
                        <labels>
                          <label description="Weekly Fee" languagecode="1033" />
                        </labels>
                        <control id="bpf_pfc_referral_new_enquirytoreferralprocess:pfc_weeklyfee" classid="{533b9e00-756b-4312-95a0-dc888637ac78}" datafieldname="pfc_weeklyfee" disabled="false" relationship="bpf_pfc_referral_new_enquirytoreferralprocess" isrequired="false" />
                      </cell>
                    </row>
                    <row>
                      <cell id="{807eb41c-ea9b-4662-80f3-f7f2f74110a3}" showlabel="true" visible="true" labelid="{6f80c78a-85ce-4308-9e4d-22622d25a661}">
                        <labels>
                          <label description="Can Need Be Met?" languagecode="1033" />
                        </labels>
                        <control id="bpf_pfc_referral_new_enquirytoreferralprocess:pfc_canneedbemet" classid="{67fac785-cd58-4f9f-abb3-4b7ddc6ed5ed}" datafieldname="pfc_canneedbemet" disabled="false" relationship="bpf_pfc_referral_new_enquirytoreferralprocess" isrequired="false" />
                      </cell>
                    </row>
                    <row>
                      <cell id="{9b58aaaf-49af-4190-bd40-6ba3aabe5d0f}" showlabel="true" visible="true" labelid="{523c1d9b-a3ed-4090-8e6a-d2f8fc9d6f07}">
                        <labels>
                          <label description="Chasing Emails Sent?" languagecode="1033" />
                        </labels>
                        <control id="bpf_pfc_referral_new_enquirytoreferralprocess:pfc_chasingemailssent" classid="{67fac785-cd58-4f9f-abb3-4b7ddc6ed5ed}" datafieldname="pfc_chasingemailssent" disabled="false" relationship="bpf_pfc_referral_new_enquirytoreferralprocess" isrequired="false" />
                      </cell>
                    </row>
                    <row>
                      <cell id="{31af7a67-02fc-4d38-841d-30bcddf2aeba}" showlabel="true" visible="true" labelid="{b7238c60-26b2-4939-b506-1fcf1afe0270}">
                        <labels>
                          <label description="PO Number/Comment" languagecode="1033" />
                        </labels>
                        <control id="bpf_pfc_referral_new_enquirytoreferralprocess:pfc_ponumbercomment" classid="{4273edbd-ac1d-40d3-9fb2-095c621b552d}" datafieldname="pfc_ponumbercomment" relationship="bpf_pfc_referral_new_enquirytoreferralprocess" isrequired="false" disabled="false" />
                      </cell>
                    </row>
                    <row>
                      <cell id="{19af59de-7059-4efa-929f-ef0579a8a103}" showlabel="true" visible="true" labelid="{1544c962-d362-4d82-ac37-aa4c9c17f494}">
                        <labels>
                          <label description="Anticipated Move-in Date" languagecode="1033" />
                        </labels>
                        <control id="bpf_pfc_referral_new_enquirytoreferralprocess:pfc_anticipatedmoveindate" classid="{5b773807-9fb2-42db-97c3-7a91eff8adff}" datafieldname="pfc_anticipatedmoveindate" relationship="bpf_pfc_referral_new_enquirytoreferralprocess" isrequired="false" disabled="false" />
                      </cell>
                    </row>
                    <row>
                      <cell id="{6626a8a9-e126-46ba-bb0a-e00e75e75816}" showlabel="true" visible="true" labelid="{76c83135-b8ea-47d4-bfb0-7f85585d8d15}">
                        <labels>
                          <label description="Associated Docs Requested from MDT?" languagecode="1033" />
                        </labels>
                        <control id="bpf_pfc_referral_new_enquirytoreferralprocess:pfc_associateddocsrequestedfrommdt" classid="{67fac785-cd58-4f9f-abb3-4b7ddc6ed5ed}" datafieldname="pfc_associateddocsrequestedfrommdt" relationship="bpf_pfc_referral_new_enquirytoreferralprocess" isrequired="false" disabled="false" />
                      </cell>
                    </row>
                  </rows>
                </section>
              </sections>
            </column>
          </columns>
        </tab>
        <tab verticallayout="true" id="{037d4e85-c1b0-457b-8a22-590e3070e037}" name="StageStep40" locklevel="0" expanded="true" visible="false" labelid="{efdb30a5-771d-4ba4-b212-81e1d74f49b9}">
          <labels>
            <label description="Week 1" languagecode="1033" />
          </labels>
          <columns>
            <column width="100%">
              <sections>
                <section showbar="false" columns="1" id="{8a93037b-6796-eef9-f89d-7d4480719b04}" name="StageStep40_section1" labelid="{1f225cbb-bf20-4513-a86b-6988bc9bc021}">
                  <labels>
                    <label description="Week 1" languagecode="1033" />
                  </labels>
                  <rows>
                    <row>
                      <cell id="{e8d2a1c5-e852-40ec-9973-c642c81623fd}" showlabel="true" visible="true" labelid="{1edebf82-2ba9-4b35-b3e6-4b568e34c350}">
                        <labels>
                          <label description="Full Assessment Requested?" languagecode="1033" />
                        </labels>
                        <control id="bpf_pfc_referral_new_enquirytoreferralprocess:pfc_fullassessmentrequested" classid="{67fac785-cd58-4f9f-abb3-4b7ddc6ed5ed}" datafieldname="pfc_fullassessmentrequested" disabled="false" relationship="bpf_pfc_referral_new_enquirytoreferralprocess" isrequired="false" />
                      </cell>
                    </row>
                    <row>
                      <cell id="{93e40fdd-f068-45be-bfc2-4b5fe30c7c9b}" showlabel="true" visible="true" labelid="{34d32dee-648a-4aff-b476-59cf7ffc1388}">
                        <labels>
                          <label description="Action Plan for Assessment Completed?" languagecode="1033" />
                        </labels>
                        <control id="bpf_pfc_referral_new_enquirytoreferralprocess:pfc_actionplanforassessmentcompleted" classid="{67fac785-cd58-4f9f-abb3-4b7ddc6ed5ed}" datafieldname="pfc_actionplanforassessmentcompleted" disabled="false" relationship="bpf_pfc_referral_new_enquirytoreferralprocess" isrequired="false" />
                      </cell>
                    </row>
                    <row>
                      <cell id="{950cdc6c-f433-4e9e-b46f-1260d7726096}" showlabel="true" visible="true" labelid="{7db73bd8-78bb-4c31-bf0d-650ef846e99a}">
                        <labels>
                          <label description="Additional Docs Requested from MDT?" languagecode="1033" />
                        </labels>
                        <control id="bpf_pfc_referral_new_enquirytoreferralprocess:pfc_additionaldocsrequestedfrommdt" classid="{67fac785-cd58-4f9f-abb3-4b7ddc6ed5ed}" datafieldname="pfc_additionaldocsrequestedfrommdt" disabled="false" relationship="bpf_pfc_referral_new_enquirytoreferralprocess" isrequired="false" />
                      </cell>
                    </row>
                    <row>
                      <cell id="{e0a5aa21-7456-4840-8b3b-329f119d615d}" showlabel="true" visible="true" labelid="{09b9440a-7ffd-49de-8ba2-9a6e9670e37b}">
                        <labels>
                          <label description="Needs Assessment &amp; Getting To Know You Docs Issued" languagecode="1033" />
                        </labels>
                        <control id="bpf_pfc_referral_new_enquirytoreferralprocess:pfc_needsassessmentgettingknowudocsissued" classid="{67fac785-cd58-4f9f-abb3-4b7ddc6ed5ed}" datafieldname="pfc_needsassessmentgettingknowudocsissued" disabled="false" relationship="bpf_pfc_referral_new_enquirytoreferralprocess" isrequired="false" />
                      </cell>
                    </row>
                    <row>
                      <cell id="{c080b74e-2fca-40b7-a211-aea2e523f716}" showlabel="true" visible="true" labelid="{28d18fc1-ebee-41c7-a7fc-88fd103d63ae}">
                        <labels>
                          <label description="Planned Date of Admission" languagecode="1033" />
                        </labels>
                        <control id="bpf_pfc_referral_new_enquirytoreferralprocess:pfc_planneddateofadmission" classid="{5b773807-9fb2-42db-97c3-7a91eff8adff}" datafieldname="pfc_planneddateofadmission" disabled="false" relationship="bpf_pfc_referral_new_enquirytoreferralprocess" isrequired="false" />
                      </cell>
                    </row>
                    <row>
                      <cell id="{fb7d72ff-81a6-41c0-ba11-9ad2ad1fbb2d}" showlabel="true" visible="true" labelid="{dfcee250-0c66-4de6-8803-9128b51b377a}">
                        <labels>
                          <label description="BST Plans Reviewed?" languagecode="1033" />
                        </labels>
                        <control id="bpf_pfc_referral_new_enquirytoreferralprocess:pfc_bstscreeningcompleted" classid="{4273edbd-ac1d-40d3-9fb2-095c621b552d}" datafieldname="pfc_bstscreeningcompleted" disabled="false" relationship="bpf_pfc_referral_new_enquirytoreferralprocess" isrequired="false" />
                      </cell>
                    </row>
                    <row>
                      <cell id="{3d4efdc7-e97b-4f0f-b958-6dc60baa3721}" showlabel="true" visible="true" labelid="{ac66eef3-7241-4734-b15b-cfb1f36887b2}">
                        <labels>
                          <label description="Initial Transition Proposal Sent Out?" languagecode="1033" />
                        </labels>
                        <control id="bpf_pfc_referral_new_enquirytoreferralprocess:pfc_initialtransitionproposalsentout" classid="{67fac785-cd58-4f9f-abb3-4b7ddc6ed5ed}" datafieldname="pfc_initialtransitionproposalsentout" disabled="false" relationship="bpf_pfc_referral_new_enquirytoreferralprocess" isrequired="false" />
                      </cell>
                    </row>
                    <row>
                      <cell id="{9de659bd-ccdd-4e64-b87a-1fe88d88ae3c}" showlabel="true" visible="true" labelid="{8f909581-4bfb-49a0-96b9-d20171bd7ea9}">
                        <labels>
                          <label description="Service Visits Completed?" languagecode="1033" />
                        </labels>
                        <control id="bpf_pfc_referral_new_enquirytoreferralprocess:pfc_servicevisitscompleted" classid="{67fac785-cd58-4f9f-abb3-4b7ddc6ed5ed}" datafieldname="pfc_servicevisitscompleted" disabled="false" relationship="bpf_pfc_referral_new_enquirytoreferralprocess" isrequired="false" />
                      </cell>
                    </row>
                    <row>
                      <cell id="{648efbb2-f6d0-407a-b1b9-18169e7fadb7}" showlabel="true" visible="true" labelid="{8dbea29c-1bb0-4bae-a4a4-8d3497c40dc1}">
                        <labels>
                          <label description="Date Service Visits Completed" languagecode="1033" />
                        </labels>
                        <control id="bpf_pfc_referral_new_enquirytoreferralprocess:pfc_dateservicevisitscompleted" classid="{5b773807-9fb2-42db-97c3-7a91eff8adff}" datafieldname="pfc_dateservicevisitscompleted" relationship="bpf_pfc_referral_new_enquirytoreferralprocess" isrequired="false" disabled="false" />
                      </cell>
                    </row>
                    <row>
                      <cell id="{84560abf-5e97-4e16-9f08-1c20ac278cf4}" showlabel="true" visible="true" labelid="{247f836a-3a2d-4444-9bbe-d11e76cc52e1}">
                        <labels>
                          <label description="Draft Risk Analysis Completed?" languagecode="1033" />
                        </labels>
                        <control id="bpf_pfc_referral_new_enquirytoreferralprocess:pfc_draftriskanalysiscompleted" classid="{67fac785-cd58-4f9f-abb3-4b7ddc6ed5ed}" datafieldname="pfc_draftriskanalysiscompleted" disabled="false" relationship="bpf_pfc_referral_new_enquirytoreferralprocess" isrequired="false" />
                      </cell>
                    </row>
                    <row>
                      <cell id="{0185bb50-1dcd-4a88-8f00-7ea6e979291f}" showlabel="true" visible="true" labelid="{11fbecb3-6e0d-483a-9a62-fd85a10e623e}">
                        <labels>
                          <label description="Costing for Proposed Vacancy Completed?" languagecode="1033" />
                        </labels>
                        <control id="bpf_pfc_referral_new_enquirytoreferralprocess:pfc_costingforproposedvacancycompleted" classid="{67fac785-cd58-4f9f-abb3-4b7ddc6ed5ed}" datafieldname="pfc_costingforproposedvacancycompleted" disabled="false" relationship="bpf_pfc_referral_new_enquirytoreferralprocess" isrequired="false" />
                      </cell>
                    </row>
                    <row>
                      <cell id="{41027ccc-4eb1-4850-9b22-29122d9b489a}" showlabel="true" visible="true" labelid="{216ddc0c-7dc2-411b-9710-1da9dca13c98}">
                        <labels>
                          <label description="First Week Package Review Meeting Held?" languagecode="1033" />
                        </labels>
                        <control id="bpf_pfc_referral_new_enquirytoreferralprocess:pfc_firstweekpackagereviewmeetingheld" classid="{67fac785-cd58-4f9f-abb3-4b7ddc6ed5ed}" datafieldname="pfc_firstweekpackagereviewmeetingheld" disabled="false" relationship="bpf_pfc_referral_new_enquirytoreferralprocess" isrequired="false" />
                      </cell>
                    </row>
                  </rows>
                </section>
              </sections>
            </column>
          </columns>
        </tab>
        <tab verticallayout="true" id="{46a72a2d-9048-4648-b5f9-637c4500dfba}" name="StageStep66" locklevel="0" expanded="true" visible="false" labelid="{6717a64b-fe34-4795-9e17-a23113f76726}">
          <labels>
            <label description="Week 2" languagecode="1033" />
          </labels>
          <columns>
            <column width="100%">
              <sections>
                <section showbar="false" columns="1" id="{2007b12e-a535-52ee-6072-bab915e297fa}" name="StageStep66_section1" labelid="{b871e250-8b73-40cc-8596-f235e9cfec75}">
                  <labels>
                    <label description="Week 2" languagecode="1033" />
                  </labels>
                  <rows>
                    <row>
                      <cell id="{c4d8c01a-e649-4565-8acf-e2a307843e23}" showlabel="true" visible="true" labelid="{09e83d6f-0b97-46f5-a7d5-341799e677bd}">
                        <labels>
                          <label description="Risk Analysis Completed?" languagecode="1033" />
                        </labels>
                        <control id="bpf_pfc_referral_new_enquirytoreferralprocess:pfc_riskanalysiscompleted" classid="{67fac785-cd58-4f9f-abb3-4b7ddc6ed5ed}" datafieldname="pfc_riskanalysiscompleted" relationship="bpf_pfc_referral_new_enquirytoreferralprocess" isrequired="false" disabled="false" />
                      </cell>
                    </row>
                    <row>
                      <cell id="{46cf4fee-1cbd-4ba6-a022-df9d8b3421ff}" showlabel="true" visible="true" labelid="{fa0c4d54-4971-490b-9c96-37ad56815e8a}">
                        <labels>
                          <label description="Date Functional Behavioural Assessment Completed" languagecode="1033" />
                        </labels>
                        <control id="bpf_pfc_referral_new_enquirytoreferralprocess:pfc_datefbassessmentcompleted" classid="{5b773807-9fb2-42db-97c3-7a91eff8adff}" datafieldname="pfc_datefbassessmentcompleted" disabled="false" relationship="bpf_pfc_referral_new_enquirytoreferralprocess" isrequired="false" />
                      </cell>
                    </row>
                    <row>
                      <cell id="{644a5c23-1873-4a34-bf0f-60fc194a06bd}" showlabel="true" visible="true" labelid="{26359639-2f18-40c6-8336-72eadb1c1f4c}">
                        <labels>
                          <label description="Costing Indicated by Assessment" languagecode="1033" />
                        </labels>
                        <control id="bpf_pfc_referral_new_enquirytoreferralprocess:pfc_costingindicatedbyfba" classid="{533b9e00-756b-4312-95a0-dc888637ac78}" datafieldname="pfc_costingindicatedbyfba" disabled="false" relationship="bpf_pfc_referral_new_enquirytoreferralprocess" isrequired="false" />
                      </cell>
                    </row>
                    <row>
                      <cell id="{315ddea9-1c3b-4a3e-a500-b29cac57ef32}" showlabel="true" visible="true" labelid="{c2148d7a-0beb-484c-9aa5-cd83a5612426}">
                        <labels>
                          <label description="Occupational Therapist Assessment Date" languagecode="1033" />
                        </labels>
                        <control id="bpf_pfc_referral_new_enquirytoreferralprocess:pfc_occupationaltherapistassessmentdate" classid="{5b773807-9fb2-42db-97c3-7a91eff8adff}" datafieldname="pfc_occupationaltherapistassessmentdate" relationship="bpf_pfc_referral_new_enquirytoreferralprocess" isrequired="false" disabled="false" />
                      </cell>
                    </row>
                    <row>
                      <cell id="{6ea246b7-af9a-4079-9d13-a2b0f5d8ac5a}" showlabel="true" visible="true" labelid="{ba0b339d-3e45-406b-a7bb-670c49725b72}">
                        <labels>
                          <label description="Shortlisting of Staff Candidates Completed?" languagecode="1033" />
                        </labels>
                        <control id="bpf_pfc_referral_new_enquirytoreferralprocess:pfc_shortlistingofcandidatescompleted" classid="{67fac785-cd58-4f9f-abb3-4b7ddc6ed5ed}" datafieldname="pfc_shortlistingofcandidatescompleted" disabled="false" relationship="bpf_pfc_referral_new_enquirytoreferralprocess" isrequired="false" />
                      </cell>
                    </row>
                    <row>
                      <cell id="{43dc7701-7da8-4f6b-bd8f-8d3c166d2ca9}" showlabel="true" visible="true" labelid="{a1603ad5-7daa-4cc2-9c17-ee0fbe5b64d4}">
                        <labels>
                          <label description="Date of First Stage Interviews" languagecode="1033" />
                        </labels>
                        <control id="bpf_pfc_referral_new_enquirytoreferralprocess:pfc_dateoffirststageinterviews" classid="{5b773807-9fb2-42db-97c3-7a91eff8adff}" datafieldname="pfc_dateoffirststageinterviews" relationship="bpf_pfc_referral_new_enquirytoreferralprocess" isrequired="false" disabled="false" />
                      </cell>
                    </row>
                    <row>
                      <cell id="{beece9c9-2914-4d0c-9550-44790bbdfa4c}" showlabel="true" visible="true" labelid="{3984f4ed-de87-46ec-b1d0-1dbcde19c47e}">
                        <labels>
                          <label description="Housing Adaptation Requirements Understood?" languagecode="1033" />
                        </labels>
                        <control id="bpf_pfc_referral_new_enquirytoreferralprocess:pfc_housingadaptationreqsunderstood" classid="{67fac785-cd58-4f9f-abb3-4b7ddc6ed5ed}" datafieldname="pfc_housingadaptationreqsunderstood" disabled="false" relationship="bpf_pfc_referral_new_enquirytoreferralprocess" isrequired="false" />
                      </cell>
                    </row>
                    <row>
                      <cell id="{a4c68c83-7c50-422a-a137-069575a684a9}" showlabel="true" visible="true" labelid="{392137a4-1325-40f1-ac3d-5b533b9bd430}">
                        <labels>
                          <label description="CoP Request Submitted?" languagecode="1033" />
                        </labels>
                        <control id="bpf_pfc_referral_new_enquirytoreferralprocess:pfc_coprequestsubmitted" classid="{67fac785-cd58-4f9f-abb3-4b7ddc6ed5ed}" datafieldname="pfc_coprequestsubmitted" disabled="false" relationship="bpf_pfc_referral_new_enquirytoreferralprocess" isrequired="false" />
                      </cell>
                    </row>
                    <row>
                      <cell id="{224dd49d-d2a6-4708-b24f-74d7edd7b3bb}" showlabel="true" visible="true" labelid="{b0d38d84-5e0f-412d-a2d8-a011ac04c9c8}">
                        <labels>
                          <label description="Compatibility Risk Assessment Completed?" languagecode="1033" />
                        </labels>
                        <control id="bpf_pfc_referral_new_enquirytoreferralprocess:pfc_compatibilityriskassessmentcompleted" classid="{67fac785-cd58-4f9f-abb3-4b7ddc6ed5ed}" datafieldname="pfc_compatibilityriskassessmentcompleted" disabled="false" relationship="bpf_pfc_referral_new_enquirytoreferralprocess" isrequired="false" />
                      </cell>
                    </row>
                    <row>
                      <cell id="{2ab694e6-dcf2-4290-8215-bb17c11eb758}" showlabel="true" visible="true" labelid="{2c1ba96e-57a9-4ed9-92fb-76d64a4d69ec}">
                        <labels>
                          <label description="Costings Submitted to Commissioner for Approval?" languagecode="1033" />
                        </labels>
                        <control id="bpf_pfc_referral_new_enquirytoreferralprocess:pfc_costingssubmittedforapproval" classid="{67fac785-cd58-4f9f-abb3-4b7ddc6ed5ed}" datafieldname="pfc_costingssubmittedforapproval" disabled="false" relationship="bpf_pfc_referral_new_enquirytoreferralprocess" isrequired="false" />
                      </cell>
                    </row>
                    <row>
                      <cell id="{9c66a0f0-7f66-4744-9bcd-3d6d08f325bf}" showlabel="true" visible="true" labelid="{90bc1411-be23-4931-b350-df3fb80293a0}">
                        <labels>
                          <label description="Actual Costings Submitted?" languagecode="1033" />
                        </labels>
                        <control id="bpf_pfc_referral_new_enquirytoreferralprocess:pfc_actualcostingssubmitted" classid="{533b9e00-756b-4312-95a0-dc888637ac78}" datafieldname="pfc_actualcostingssubmitted" relationship="bpf_pfc_referral_new_enquirytoreferralprocess" isrequired="false" disabled="false" />
                      </cell>
                    </row>
                    <row>
                      <cell id="{329e9e69-6208-4b1e-8974-51154ab3b5bc}" showlabel="true" visible="true" labelid="{504b73eb-48fc-4b30-a67c-9dc230f151b3}">
                        <labels>
                          <label description="Second Week Package Review Meeting Held?" languagecode="1033" />
                        </labels>
                        <control id="bpf_pfc_referral_new_enquirytoreferralprocess:pfc_secondweekpackagereviewmeetingheld" classid="{67fac785-cd58-4f9f-abb3-4b7ddc6ed5ed}" datafieldname="pfc_secondweekpackagereviewmeetingheld" disabled="false" relationship="bpf_pfc_referral_new_enquirytoreferralprocess" isrequired="false" />
                      </cell>
                    </row>
                  </rows>
                </section>
              </sections>
            </column>
          </columns>
        </tab>
        <tab verticallayout="true" id="{0e691c6b-538e-4077-a332-e2de015a15c6}" name="StageStep92" locklevel="0" expanded="true" visible="false" labelid="{1bd92dd0-a29d-491f-b623-68dfbca95847}">
          <labels>
            <label description="Week 3" languagecode="1033" />
          </labels>
          <columns>
            <column width="100%">
              <sections>
                <section showbar="false" columns="1" id="{275631a2-8824-8c44-6149-2016b720da50}" name="StageStep92_section1" labelid="{7cb767b0-af78-41bc-8f49-3f8c8de6efa4}">
                  <labels>
                    <label description="Week 3" languagecode="1033" />
                  </labels>
                  <rows>
                    <row>
                      <cell id="{aa9cc98a-cec1-49d0-95ae-6c202eb6f015}" showlabel="true" visible="true" labelid="{7bd7b790-0b1e-4c1d-9d42-8f48ac140fd6}">
                        <labels>
                          <label description="Getting to Know You Docs Completed &amp; Submitted?" languagecode="1033" />
                        </labels>
                        <control id="bpf_pfc_referral_new_enquirytoreferralprocess:pfc_gettingtoknowyoudocssubmitted" classid="{67fac785-cd58-4f9f-abb3-4b7ddc6ed5ed}" datafieldname="pfc_gettingtoknowyoudocssubmitted" disabled="false" relationship="bpf_pfc_referral_new_enquirytoreferralprocess" isrequired="false" />
                      </cell>
                    </row>
                    <row>
                      <cell id="{e103c4cd-9e47-4537-ad4e-7b711634c5e8}" showlabel="true" visible="true" labelid="{742aedbb-a598-4fbf-9bef-2b4411695202}">
                        <labels>
                          <label description="Further Interviews Completed?" languagecode="1033" />
                        </labels>
                        <control id="bpf_pfc_referral_new_enquirytoreferralprocess:pfc_furtherinterviewscompleted" classid="{67fac785-cd58-4f9f-abb3-4b7ddc6ed5ed}" datafieldname="pfc_furtherinterviewscompleted" disabled="false" relationship="bpf_pfc_referral_new_enquirytoreferralprocess" isrequired="false" />
                      </cell>
                    </row>
                    <row>
                      <cell id="{9d954eef-99e7-41eb-accc-2b15de1f5408}" showlabel="true" visible="true" labelid="{274b898c-f53c-4e9d-8c34-010769930d58}">
                        <labels>
                          <label description="Mid-transition Costing Review Completed?" languagecode="1033" />
                        </labels>
                        <control id="bpf_pfc_referral_new_enquirytoreferralprocess:pfc_midtransitioncostingreviewcompleted" classid="{67fac785-cd58-4f9f-abb3-4b7ddc6ed5ed}" datafieldname="pfc_midtransitioncostingreviewcompleted" disabled="false" relationship="bpf_pfc_referral_new_enquirytoreferralprocess" isrequired="false" />
                      </cell>
                    </row>
                    <row>
                      <cell id="{5b965e61-21f4-433b-95cb-e56ee3c6dca1}" showlabel="true" visible="true" labelid="{2c0482fe-acd6-4c7b-a605-d30bd59f5889}">
                        <labels>
                          <label description="Third Week Package Review Completed ?" languagecode="1033" />
                        </labels>
                        <control id="bpf_pfc_referral_new_enquirytoreferralprocess:pfc_thirdweekpackagereviewcompleted" classid="{67fac785-cd58-4f9f-abb3-4b7ddc6ed5ed}" datafieldname="pfc_thirdweekpackagereviewcompleted" disabled="false" relationship="bpf_pfc_referral_new_enquirytoreferralprocess" isrequired="false" />
                      </cell>
                    </row>
                  </rows>
                </section>
              </sections>
            </column>
          </columns>
        </tab>
        <tab verticallayout="true" id="{e6745bec-7bbe-430e-a185-34b678934f03}" name="StageStep102" locklevel="0" expanded="true" visible="false" labelid="{022dffc0-66e0-40c2-b8a8-7d3c4412b267}">
          <labels>
            <label description="Week 4" languagecode="1033" />
          </labels>
          <columns>
            <column width="100%">
              <sections>
                <section showbar="false" columns="1" id="{e17133d2-9fb4-48d7-6fe1-9b13a5f1300a}" name="StageStep102_section1" labelid="{8744de54-15c1-4f35-8b92-3be63967f63a}">
                  <labels>
                    <label description="Week 4" languagecode="1033" />
                  </labels>
                  <rows>
                    <row>
                      <cell id="{2e968d0f-6f60-4bd2-a810-4da12b407e1a}" showlabel="true" visible="true" labelid="{d8fe4c69-059c-462f-be5f-f48b9ea0129c}">
                        <labels>
                          <label description="Costings Approved?" languagecode="1033" />
                        </labels>
                        <control id="bpf_pfc_referral_new_enquirytoreferralprocess:pfc_costingsapproved" classid="{67fac785-cd58-4f9f-abb3-4b7ddc6ed5ed}" datafieldname="pfc_costingsapproved" disabled="false" relationship="bpf_pfc_referral_new_enquirytoreferralprocess" isrequired="false" />
                      </cell>
                    </row>
                    <row>
                      <cell id="{8295399f-7664-473b-bc98-6e81f8d43644}" showlabel="true" visible="true" labelid="{cf86b97b-0312-4583-978a-fba00479c87a}">
                        <labels>
                          <label description="PO Number" languagecode="1033" />
                        </labels>
                        <control id="bpf_pfc_referral_new_enquirytoreferralprocess:pfc_ponumber" classid="{4273edbd-ac1d-40d3-9fb2-095c621b552d}" datafieldname="pfc_ponumber" relationship="bpf_pfc_referral_new_enquirytoreferralprocess" isrequired="false" disabled="false" />
                      </cell>
                    </row>
                    <row>
                      <cell id="{bb9f573a-2b2f-4e08-bb89-c80f672935dc}" showlabel="true" visible="true" labelid="{7e182a7f-a009-4a84-81bd-6bf311a9edc0}">
                        <labels>
                          <label description="Property Adaptation Costs Approved?" languagecode="1033" />
                        </labels>
                        <control id="bpf_pfc_referral_new_enquirytoreferralprocess:pfc_propertyadaptationcostsapproved" classid="{67fac785-cd58-4f9f-abb3-4b7ddc6ed5ed}" datafieldname="pfc_propertyadaptationcostsapproved" disabled="false" relationship="bpf_pfc_referral_new_enquirytoreferralprocess" isrequired="false" />
                      </cell>
                    </row>
                    <row>
                      <cell id="{dee89262-c1dc-4835-91df-17967e599243}" showlabel="true" visible="true" labelid="{da760b87-ff42-4a46-a2d2-39afcf6c4091}">
                        <labels>
                          <label description="Property Adaptations Requested/Ordered?" languagecode="1033" />
                        </labels>
                        <control id="bpf_pfc_referral_new_enquirytoreferralprocess:pfc_propertyadaptationsrequestedordered" classid="{67fac785-cd58-4f9f-abb3-4b7ddc6ed5ed}" datafieldname="pfc_propertyadaptationsrequestedordered" disabled="false" relationship="bpf_pfc_referral_new_enquirytoreferralprocess" isrequired="false" />
                      </cell>
                    </row>
                    <row>
                      <cell id="{73e12970-9e43-4aa7-9c92-1e2aa723712b}" showlabel="true" visible="true" labelid="{1acefe95-7c22-47b5-a6d6-13df3ccd9906}">
                        <labels>
                          <label description="Staff Team Service Induction Completed?" languagecode="1033" />
                        </labels>
                        <control id="bpf_pfc_referral_new_enquirytoreferralprocess:pfc_staffteamserviceinductioncompleted" classid="{67fac785-cd58-4f9f-abb3-4b7ddc6ed5ed}" datafieldname="pfc_staffteamserviceinductioncompleted" disabled="false" relationship="bpf_pfc_referral_new_enquirytoreferralprocess" isrequired="false" />
                      </cell>
                    </row>
                    <row>
                      <cell id="{dd2eb630-86b8-4a46-863d-f18536f6b422}" showlabel="true" visible="true" labelid="{f2d17cca-cb93-4431-9b7a-27547d2ae815}">
                        <labels>
                          <label description="Tenancy Agreement Completed &amp; Submitted to HA" languagecode="1033" />
                        </labels>
                        <control id="bpf_pfc_referral_new_enquirytoreferralprocess:pfc_tenancyagreementcompletedsubmitted" classid="{67fac785-cd58-4f9f-abb3-4b7ddc6ed5ed}" datafieldname="pfc_tenancyagreementcompletedsubmitted" disabled="false" relationship="bpf_pfc_referral_new_enquirytoreferralprocess" isrequired="false" />
                      </cell>
                    </row>
                    <row>
                      <cell id="{37b8e302-b923-4d0b-833b-c321c156e3c9}" showlabel="true" visible="true" labelid="{5d15050f-fa3c-4501-95f0-96a64e2ac574}">
                        <labels>
                          <label description="Risk Assessments Completed?" languagecode="1033" />
                        </labels>
                        <control id="bpf_pfc_referral_new_enquirytoreferralprocess:pfc_riskassessmentscompleted" classid="{67fac785-cd58-4f9f-abb3-4b7ddc6ed5ed}" datafieldname="pfc_riskassessmentscompleted" disabled="false" relationship="bpf_pfc_referral_new_enquirytoreferralprocess" isrequired="false" />
                      </cell>
                    </row>
                    <row>
                      <cell id="{27ace624-ba64-4a08-ad07-128c6ee20194}" showlabel="true" visible="true" labelid="{841b9c10-98de-400f-9bbb-17cf66333edf}">
                        <labels>
                          <label description="Fourth Week Package Review Completed" languagecode="1033" />
                        </labels>
                        <control id="bpf_pfc_referral_new_enquirytoreferralprocess:pfc_fourthweekpackagereviewcompleted" classid="{67fac785-cd58-4f9f-abb3-4b7ddc6ed5ed}" datafieldname="pfc_fourthweekpackagereviewcompleted" disabled="false" relationship="bpf_pfc_referral_new_enquirytoreferralprocess" isrequired="false" />
                      </cell>
                    </row>
                  </rows>
                </section>
              </sections>
            </column>
          </columns>
        </tab>
        <tab verticallayout="true" id="{165f0c99-944f-4378-afa6-bc728d16f77a}" name="StageStep120" locklevel="0" expanded="true" visible="false" labelid="{a1ac618d-fa4b-48d1-b523-ba188afd14a8}">
          <labels>
            <label description="Weeks 5 &amp; 6" languagecode="1033" />
          </labels>
          <columns>
            <column width="100%">
              <sections>
                <section showbar="false" columns="1" id="{8fe4d8d7-0586-b101-c1e3-0c6f0ba772ba}" name="StageStep120_section1" labelid="{7ea5b6e8-915b-49b9-89c9-5b1644cfb43a}">
                  <labels>
                    <label description="Weeks 5 &amp; 6" languagecode="1033" />
                  </labels>
                  <rows>
                    <row>
                      <cell id="{d88c8d1b-4e57-4e0b-a674-e6107804dc64}" showlabel="true" visible="true" labelid="{ff27df2d-4f86-4954-aa5b-769f7a8239ba}">
                        <labels>
                          <label description="Staff Team Development Day Completed?" languagecode="1033" />
                        </labels>
                        <control id="bpf_pfc_referral_new_enquirytoreferralprocess:pfc_staffteamdevelopmentdaycompleted" classid="{67fac785-cd58-4f9f-abb3-4b7ddc6ed5ed}" datafieldname="pfc_staffteamdevelopmentdaycompleted" disabled="false" relationship="bpf_pfc_referral_new_enquirytoreferralprocess" isrequired="false" />
                      </cell>
                    </row>
                    <row>
                      <cell id="{2a0eff09-e8b4-4f6b-8468-b21d24c3addc}" showlabel="true" visible="true" labelid="{db4067c2-3e1b-425d-a679-218273af03fa}">
                        <labels>
                          <label description="PROACT SCIPr Training Completed" languagecode="1033" />
                        </labels>
                        <control id="bpf_pfc_referral_new_enquirytoreferralprocess:pfc_proactsciprtrainingcompleted" classid="{67fac785-cd58-4f9f-abb3-4b7ddc6ed5ed}" datafieldname="pfc_proactsciprtrainingcompleted" disabled="false" relationship="bpf_pfc_referral_new_enquirytoreferralprocess" isrequired="false" />
                      </cell>
                    </row>
                    <row>
                      <cell id="{a7bb992d-51a4-46dc-b1fe-dcadce620fad}" showlabel="true" visible="true" labelid="{4c1a717c-15a9-4673-ac81-e69c9ab22e1a}">
                        <labels>
                          <label description="Support Plan &amp; Risk Assessment Signed Off?" languagecode="1033" />
                        </labels>
                        <control id="bpf_pfc_referral_new_enquirytoreferralprocess:pfc_supportplanriskassessmentsignedoff" classid="{67fac785-cd58-4f9f-abb3-4b7ddc6ed5ed}" datafieldname="pfc_supportplanriskassessmentsignedoff" disabled="false" relationship="bpf_pfc_referral_new_enquirytoreferralprocess" isrequired="false" />
                      </cell>
                    </row>
                    <row>
                      <cell id="{d70aff07-ac7e-4074-88e6-4337c8812e4f}" showlabel="true" visible="true" labelid="{6a78a7c9-2b60-4905-a1b6-31539e2acc23}">
                        <labels>
                          <label description="Visits to Current Service by Team Completed?" languagecode="1033" />
                        </labels>
                        <control id="bpf_pfc_referral_new_enquirytoreferralprocess:pfc_visitstocurrentservicebyteamcompleted" classid="{67fac785-cd58-4f9f-abb3-4b7ddc6ed5ed}" datafieldname="pfc_visitstocurrentservicebyteamcompleted" disabled="false" relationship="bpf_pfc_referral_new_enquirytoreferralprocess" isrequired="false" />
                      </cell>
                    </row>
                    <row>
                      <cell id="{1a97509d-9583-4c51-a6cc-d8954bfb503a}" showlabel="true" visible="true" labelid="{f0892721-1b13-41b9-8866-2cb040612987}">
                        <labels>
                          <label description="Contract Received from LA?" languagecode="1033" />
                        </labels>
                        <control id="bpf_pfc_referral_new_enquirytoreferralprocess:pfc_contractporeceivedfromla" classid="{67fac785-cd58-4f9f-abb3-4b7ddc6ed5ed}" datafieldname="pfc_contractporeceivedfromla" disabled="false" relationship="bpf_pfc_referral_new_enquirytoreferralprocess" isrequired="false" />
                      </cell>
                    </row>
                    <row>
                      <cell id="{d20ca70c-7fc5-46e6-b1b7-3fd4811b9012}" showlabel="true" visible="true" labelid="{d3afb628-7f3d-406b-a8b8-62a48eab73e5}">
                        <labels>
                          <label description="Purchase Order" languagecode="1033" />
                        </labels>
                        <control id="bpf_pfc_referral_new_enquirytoreferralprocess:pfc_purchaseorder" classid="{4273edbd-ac1d-40d3-9fb2-095c621b552d}" datafieldname="pfc_purchaseorder" relationship="bpf_pfc_referral_new_enquirytoreferralprocess" isrequired="false" disabled="false" />
                      </cell>
                    </row>
                    <row>
                      <cell id="{7de9562f-5560-474e-8365-1e9ba789c863}" showlabel="true" visible="true" labelid="{a4fa4f1a-2fd3-4314-bc02-e3b080573456}">
                        <labels>
                          <label description="Property Adaptations Completed?" languagecode="1033" />
                        </labels>
                        <control id="bpf_pfc_referral_new_enquirytoreferralprocess:pfc_propertyadaptationscompleted" classid="{67fac785-cd58-4f9f-abb3-4b7ddc6ed5ed}" datafieldname="pfc_propertyadaptationscompleted" disabled="false" relationship="bpf_pfc_referral_new_enquirytoreferralprocess" isrequired="false" />
                      </cell>
                    </row>
                    <row>
                      <cell id="{2555b140-44d6-4db1-a11c-9ea3541714ab}" showlabel="true" visible="true" labelid="{73602973-8d35-4f06-a5a4-0b7fc18df41a}">
                        <labels>
                          <label description="Final Project Review Meeting Completed?" languagecode="1033" />
                        </labels>
                        <control id="bpf_pfc_referral_new_enquirytoreferralprocess:pfc_finalprojectreviewmeetingcompleted" classid="{67fac785-cd58-4f9f-abb3-4b7ddc6ed5ed}" datafieldname="pfc_finalprojectreviewmeetingcompleted" disabled="false" relationship="bpf_pfc_referral_new_enquirytoreferralprocess" isrequired="false" />
                      </cell>
                    </row>
                  </rows>
                </section>
              </sections>
            </column>
          </columns>
        </tab>
      </tabs>
    </form>
    <IsCustomizable>1</IsCustomizable>
    <CanBeDeleted>1</CanBeDeleted>
    <LocalizedNames>
      <LocalizedName description="Information" languagecode="1033" />
    </LocalizedNames>
    <Descriptions>
      <Description description="A form for this entity." languagecode="1033" />
    </Descriptions>
  </systemform>
</forms>