﻿<?xml version="1.0" encoding="utf-8"?>
<savedqueries xmlns:xsi="http://www.w3.org/2001/XMLSchema-instance">
  <savedquery>
    <IsCustomizable>1</IsCustomizable>
    <CanBeDeleted>0</CanBeDeleted>
    <isquickfindquery>0</isquickfindquery>
    <isprivate>0</isprivate>
    <isdefault>1</isdefault>
    <savedqueryid>{4047e5df-8d2f-4743-8993-c033037b8e14}</savedqueryid>
    <layoutxml>
      <grid name="resultset" jump="pfc_jobtitle" select="1" icon="1" preview="1">
        <row name="result" id="pfc_vacancyid">
          <cell name="pfc_jobtitle" width="300" />
          <cell name="createdon" width="125" />
        </row>
      </grid>
    </layoutxml>
    <querytype>1</querytype>
    <fetchxml>
      <fetch version="1.0" mapping="logical">
        <entity name="pfc_vacancy">
          <attribute name="pfc_vacancyid" />
          <attribute name="pfc_jobtitle" />
          <attribute name="createdon" />
          <order attribute="pfc_jobtitle" descending="false" />
        </entity>
      </fetch>
    </fetchxml>
    <IntroducedVersion>1.0.0.0</IntroducedVersion>
    <LocalizedNames>
      <LocalizedName description="Vacancy Advanced Find View" languagecode="1033" />
    </LocalizedNames>
  </savedquery>
</savedqueries>