﻿<?xml version="1.0" encoding="utf-8"?>
<savedqueries xmlns:xsi="http://www.w3.org/2001/XMLSchema-instance">
  <savedquery>
    <IsCustomizable>1</IsCustomizable>
    <CanBeDeleted>1</CanBeDeleted>
    <isquickfindquery>0</isquickfindquery>
    <isprivate>0</isprivate>
    <isdefault>0</isdefault>
    <savedqueryid>{afe872a8-9be3-ea11-a813-000d3a86a8cf}</savedqueryid>
    <layoutxml>
      <grid name="resultset" jump="pfc_jobtitle" select="1" icon="1" preview="1">
        <row name="result" id="pfc_vacancyid">
          <cell name="pfc_jobtitles" width="100" />
          <cell name="pfc_jobtitle" width="200" />
          <cell name="a_516e7887092d4e23b84eb8da155641c3.name" width="100" />
          <cell name="pfc_contracttype" width="100" />
          <cell name="pfc_contractedhours" width="100" />
          <cell name="pfc_applicationclosedate" width="100" />
        </row>
      </grid>
    </layoutxml>
    <querytype>0</querytype>
    <fetchxml>
      <fetch version="1.0" output-format="xml-platform" mapping="logical">
        <entity name="pfc_vacancy">
          <attribute name="pfc_jobtitle" />
          <attribute name="pfc_vacancyid" />
          <attribute name="pfc_contracttype" />
          <attribute name="pfc_contractedhours" />
          <attribute name="pfc_jobtitles" />
          <filter type="and">
            <condition attribute="statecode" operator="eq" value="0" />
          </filter>
          <link-entity alias="a_516e7887092d4e23b84eb8da155641c3" name="site" to="pfc_site" from="siteid" link-type="outer" visible="false">
            <attribute name="name" />
          </link-entity>
          <attribute name="pfc_applicationclosedate" />
        </entity>
      </fetch>
    </fetchxml>
    <IntroducedVersion>1.0.0.0</IntroducedVersion>
    <LocalizedNames>
      <LocalizedName description="Active Vacancies Web View" languagecode="1033" />
    </LocalizedNames>
  </savedquery>
</savedqueries>