﻿<?xml version="1.0" encoding="utf-8"?>
<savedqueries xmlns:xsi="http://www.w3.org/2001/XMLSchema-instance">
  <savedquery>
    <IsCustomizable>1</IsCustomizable>
    <CanBeDeleted>0</CanBeDeleted>
    <isquickfindquery>0</isquickfindquery>
    <isprivate>0</isprivate>
    <isdefault>1</isdefault>
    <savedqueryid>{e91706be-b2de-4dd1-8d34-496da7b95d10}</savedqueryid>
    <layoutxml>
      <grid name="resultset" jump="pfc_jobtitle" select="1" icon="1" preview="1">
        <row name="result" id="pfc_vacancyid">
          <cell name="pfc_jobtitles" width="100" />
          <cell name="pfc_jobtitle" width="200" />
          <cell name="a_516e7887092d4e23b84eb8da155641c3.name" width="100" />
          <cell name="pfc_contracttype" width="100" />
          <cell name="pfc_contractedhours" width="100" />
          <cell name="pfc_applicationclosedate" width="100" />
        </row>
      </grid>
    </layoutxml>
    <querytype>0</querytype>
    <fetchxml>
      <fetch version="1.0" mapping="logical">
        <entity name="pfc_vacancy">
          <attribute name="pfc_vacancyid" />
          <attribute name="pfc_jobtitle" />
          <filter type="and">
            <condition attribute="statecode" operator="eq" value="0" />
          </filter>
          <attribute name="pfc_contracttype" />
          <attribute name="pfc_contractedhours" />
          <attribute name="pfc_jobtitles" />
          <attribute name="pfc_applicationclosedate" />
          <link-entity alias="a_516e7887092d4e23b84eb8da155641c3" name="site" to="pfc_site" from="siteid" link-type="outer" visible="false">
            <attribute name="name" />
          </link-entity>
        </entity>
      </fetch>
    </fetchxml>
    <IntroducedVersion>1.0.0.0</IntroducedVersion>
    <LocalizedNames>
      <LocalizedName description="Active Vacancies" languagecode="1033" />
    </LocalizedNames>
  </savedquery>
</savedqueries>