﻿<?xml version="1.0" encoding="utf-8"?>
<savedqueries xmlns:xsi="http://www.w3.org/2001/XMLSchema-instance">
  <savedquery>
    <IsCustomizable>1</IsCustomizable>
    <CanBeDeleted>0</CanBeDeleted>
    <isquickfindquery>0</isquickfindquery>
    <isprivate>0</isprivate>
    <isdefault>1</isdefault>
    <savedqueryid>{f444f6fb-2123-47d7-ad40-d9a5fc81a1b2}</savedqueryid>
    <layoutxml>
      <grid name="pfc_vacancies" jump="pfc_jobtitle" select="1" icon="1" preview="0">
        <row name="pfc_vacancy" id="pfc_vacancyid">
          <cell name="pfc_jobtitle" width="300" />
          <cell name="createdon" width="125" />
        </row>
      </grid>
    </layoutxml>
    <querytype>64</querytype>
    <fetchxml>
      <fetch version="1.0" mapping="logical">
        <entity name="pfc_vacancy">
          <attribute name="pfc_vacancyid" />
          <attribute name="pfc_jobtitle" />
          <attribute name="createdon" />
          <filter type="and">
            <condition attribute="statecode" operator="eq" value="0" />
          </filter>
        </entity>
      </fetch>
    </fetchxml>
    <IntroducedVersion>1.0.0.0</IntroducedVersion>
    <LocalizedNames>
      <LocalizedName description="Vacancy Lookup View" languagecode="1033" />
    </LocalizedNames>
  </savedquery>
</savedqueries>