﻿<?xml version="1.0" encoding="utf-8"?>
<forms xmlns:xsi="http://www.w3.org/2001/XMLSchema-instance">
  <systemform>
    <formid>{b2c16534-9752-4b36-824c-9b2f53eefb2e}</formid>
    <IntroducedVersion>1.0.0.0</IntroducedVersion>
    <FormPresentation>1</FormPresentation>
    <FormActivationState>1</FormActivationState>
    <form headerdensity="HighWithControls">
      <tabs>
        <tab verticallayout="true" id="{3c7ef83b-33c9-4bb2-80ed-f614fc832c15}" IsUserDefined="1">
          <labels>
            <label description="General" languagecode="1033" />
          </labels>
          <columns>
            <column width="100%">
              <sections>
                <section showlabel="false" showbar="false" IsUserDefined="0" id="{f19e2a07-ebbd-412a-89c5-197b094ecf48}">
                  <labels>
                    <label description="General" languagecode="1033" />
                  </labels>
                  <rows>
                    <row>
                      <cell showlabel="false" locklevel="0" id="{c48456f8-a5fc-4f66-a17e-6e80d376242f}">
                        <labels>
                          <label description="" languagecode="1033" />
                        </labels>
                      </cell>
                    </row>
                  </rows>
                </section>
              </sections>
            </column>
          </columns>
        </tab>
        <tab name="referee_details_tab" id="ae3b89b7-7db1-4b22-8da3-8d8538ba2d91" IsUserDefined="0" locklevel="0" showlabel="true">
          <labels>
            <label description="Referee Details" languagecode="1033" />
          </labels>
          <columns>
            <column width="34%">
              <sections>
                <section name="referee_details_tab_section" id="4abf4964-0149-4a61-8f1e-44e059075578" IsUserDefined="0" locklevel="0" showlabel="false" showbar="false" layout="varwidth" celllabelalignment="Left" celllabelposition="Left" columns="1" labelwidth="115">
                  <labels>
                    <label description="Referee Details" languagecode="1033" />
                  </labels>
                  <rows>
                    <row>
                      <cell id="{68531b1c-5bf4-4d86-b5d5-cf7e24fb6215}">
                        <labels>
                          <label description="Name" languagecode="1033" />
                        </labels>
                        <control id="pfc_name" classid="{4273EDBD-AC1D-40d3-9FB2-095C621B552D}" datafieldname="pfc_name" />
                      </cell>
                    </row>
                    <row>
                      <cell id="{7be13029-a711-4993-b48e-c400195b1a10}" locklevel="0">
                        <labels>
                          <label description="Referee Type" languagecode="1033" />
                        </labels>
                        <control id="pfc_refereetype" classid="{3EF39988-22BB-4F0B-BBBE-64B5A3748AEE}" datafieldname="pfc_refereetype" disabled="false" />
                      </cell>
                    </row>
                    <row>
                      <cell id="{6fae234f-76a1-4ab8-8116-ac460f2c2c8f}" showlabel="true" locklevel="0">
                        <labels>
                          <label description="Job Title" languagecode="1033" />
                        </labels>
                        <control id="pfc_jobtitle" classid="{4273EDBD-AC1D-40D3-9FB2-095C621B552D}" datafieldname="pfc_jobtitle" disabled="false" />
                      </cell>
                    </row>
                    <row>
                      <cell id="{6438dcce-4587-4244-a171-eb8921054f0c}" showlabel="true" locklevel="0">
                        <labels>
                          <label description="Email" languagecode="1033" />
                        </labels>
                        <control id="pfc_emailaddress1" classid="{ADA2203E-B4CD-49BE-9DDF-234642B43B52}" datafieldname="pfc_emailaddress1" disabled="false" />
                      </cell>
                    </row>
                    <row>
                      <cell id="{382ab9ad-d07e-41c5-b1e8-33da1c4ed0be}" showlabel="true" locklevel="0">
                        <labels>
                          <label description="Main Phone" languagecode="1033" />
                        </labels>
                        <control id="pfc_telephone1" classid="{4273EDBD-AC1D-40D3-9FB2-095C621B552D}" datafieldname="pfc_telephone1" disabled="false" />
                      </cell>
                    </row>
                    <row>
                      <cell id="{b56705a3-0426-4d11-8cab-3c02abfb70f3}" showlabel="true" locklevel="0">
                        <labels>
                          <label description="Permission to Contact Before Interview" languagecode="1033" />
                        </labels>
                        <control id="pfc_donnotcontactbeforeinterview" classid="{F9A8A302-114E-466A-B582-6771B2AE0D92}" datafieldname="pfc_donnotcontactbeforeinterview" disabled="false" uniqueid="{0b7c0676-73e9-4535-bb1b-862619df0625}" />
                      </cell>
                    </row>
                  </rows>
                </section>
              </sections>
            </column>
            <column width="33%">
              <sections>
                <section name="timeline_tab_section" id="0951c41f-e414-4299-96ff-5c22c69c08b4" IsUserDefined="0" locklevel="0" showlabel="false" showbar="false" layout="varwidth" celllabelalignment="Left" celllabelposition="Left" columns="1" labelwidth="115">
                  <labels>
                    <label description="Timeline" languagecode="1033" />
                  </labels>
                  <rows>
                    <row>
                      <cell showlabel="false" locklevel="0" id="{cb830f9a-e8b0-4321-a1f8-289c258a7338}" rowspan="1">
                        <labels>
                          <label description="Note Text" languagecode="1033" />
                        </labels>
                        <control id="notescontrol" classid="{06375649-C143-495E-A496-C962E5B4488E}" disabled="false" />
                      </cell>
                    </row>
                  </rows>
                </section>
              </sections>
            </column>
            <column width="33%">
              <sections>
                <section name="tab_2_section_3" id="d915e6ed-b62c-4aa5-9480-dc3af0a693fa" IsUserDefined="0" locklevel="0" showlabel="true" showbar="false" layout="varwidth" celllabelalignment="Left" celllabelposition="Left" columns="1" labelwidth="115">
                  <labels>
                    <label description="New Section" languagecode="1033" />
                  </labels>
                  <rows>
                    <row>
                      <cell showlabel="false" locklevel="0" id="{c11880e2-77ea-4d5a-ad53-f982bf542961}">
                        <labels>
                          <label description="" languagecode="1033" />
                        </labels>
                      </cell>
                    </row>
                  </rows>
                </section>
              </sections>
            </column>
          </columns>
        </tab>
      </tabs>
      <header id="{0661cb19-78d5-45c9-8e27-6c8523277eb1}" celllabelposition="Top" columns="111" labelwidth="115" celllabelalignment="Left">
        <rows>
          <row>
            <cell id="{920a37db-82d3-4b4e-9da1-20ab6c41afd2}" showlabel="false">
              <labels>
                <label description="" languagecode="1033" />
              </labels>
            </cell>
            <cell id="{1860a538-c327-486d-911d-af89abfb3a3a}" showlabel="false">
              <labels>
                <label description="" languagecode="1033" />
              </labels>
            </cell>
            <cell id="{de92fa49-909e-4cd7-bcea-93a5f2d9922c}" showlabel="false">
              <labels>
                <label description="" languagecode="1033" />
              </labels>
            </cell>
            <cell id="{3624e226-530d-4e1d-8238-d5740c1f7389}">
              <labels>
                <label description="Owner" languagecode="1033" />
              </labels>
              <control id="header_ownerid" classid="{270BD3DB-D9AF-4782-9025-509E298DEC0A}" datafieldname="ownerid" />
            </cell>
          </row>
        </rows>
      </header>
      <footer id="{2b497c7f-703c-4a40-84fd-ab035e59e805}" celllabelposition="Top" columns="111" labelwidth="115" celllabelalignment="Left">
        <rows>
          <row>
            <cell id="{a2600f0b-3313-4a6c-8deb-cdd82de10917}" showlabel="false">
              <labels>
                <label description="" languagecode="1033" />
              </labels>
            </cell>
            <cell id="{b9bb879e-662f-40a6-a83c-6e7d0cfede7c}" showlabel="false">
              <labels>
                <label description="" languagecode="1033" />
              </labels>
            </cell>
            <cell id="{84e9e50d-6171-46cb-83ae-ade2d72d1264}" showlabel="false">
              <labels>
                <label description="" languagecode="1033" />
              </labels>
            </cell>
          </row>
        </rows>
      </footer>
      <DisplayConditions Order="0" FallbackForm="true">
        <Everyone />
      </DisplayConditions>
      <controlDescriptions>
        <controlDescription forControl="{0b7c0676-73e9-4535-bb1b-862619df0625}">
          <customControl id="{67FAC785-CD58-4F9F-ABB3-4B7DDC6ED5ED}">
            <parameters>
              <datafieldname>pfc_donnotcontactbeforeinterview</datafieldname>
            </parameters>
          </customControl>
          <customControl formFactor="0" name="MscrmControls.FieldControls.ToggleControl">
            <parameters>
              <value type="TwoOptions">pfc_donnotcontactbeforeinterview</value>
            </parameters>
          </customControl>
          <customControl formFactor="2" name="MscrmControls.FieldControls.ToggleControl">
            <parameters>
              <value type="TwoOptions">pfc_donnotcontactbeforeinterview</value>
            </parameters>
          </customControl>
          <customControl formFactor="1" name="MscrmControls.FieldControls.ToggleControl">
            <parameters>
              <value type="TwoOptions">pfc_donnotcontactbeforeinterview</value>
            </parameters>
          </customControl>
        </controlDescription>
      </controlDescriptions>
    </form>
    <IsCustomizable>1</IsCustomizable>
    <CanBeDeleted>1</CanBeDeleted>
    <LocalizedNames>
      <LocalizedName description="Referee Main" languagecode="1033" />
    </LocalizedNames>
    <Descriptions>
      <Description description="A form for this entity." languagecode="1033" />
    </Descriptions>
  </systemform>
</forms>