﻿<?xml version="1.0" encoding="utf-8"?>
<savedqueries xmlns:xsi="http://www.w3.org/2001/XMLSchema-instance">
  <savedquery>
    <IsCustomizable>1</IsCustomizable>
    <CanBeDeleted>0</CanBeDeleted>
    <isquickfindquery>0</isquickfindquery>
    <isprivate>0</isprivate>
    <isdefault>1</isdefault>
    <savedqueryid>{85e2d585-135c-42ef-8e54-e2ae5b41d95a}</savedqueryid>
    <layoutxml>
      <grid name="pfc_educationandtrainings" jump="pfc_schoolname" select="1" icon="1" preview="1">
        <row name="pfc_educationandtraining" id="pfc_educationandtrainingid">
          <cell name="pfc_schoolname" width="300" />
          <cell name="createdon" width="125" />
        </row>
      </grid>
    </layoutxml>
    <querytype>2</querytype>
    <fetchxml>
      <fetch version="1.0" mapping="logical">
        <entity name="pfc_educationandtraining">
          <attribute name="pfc_educationandtrainingid" />
          <attribute name="pfc_schoolname" />
          <attribute name="createdon" />
          <order attribute="pfc_schoolname" descending="false" />
          <filter type="and">
            <condition attribute="statecode" operator="eq" value="0" />
          </filter>
        </entity>
      </fetch>
    </fetchxml>
    <IntroducedVersion>1.0.0.0</IntroducedVersion>
    <LocalizedNames>
      <LocalizedName description="Education and Training Associated View" languagecode="1033" />
    </LocalizedNames>
  </savedquery>
</savedqueries>