﻿<?xml version="1.0" encoding="utf-8"?>
<savedqueries xmlns:xsi="http://www.w3.org/2001/XMLSchema-instance">
  <savedquery>
    <IsCustomizable>1</IsCustomizable>
    <CanBeDeleted>0</CanBeDeleted>
    <isquickfindquery>0</isquickfindquery>
    <isprivate>0</isprivate>
    <isdefault>1</isdefault>
    <savedqueryid>{a2250812-299d-44a2-a340-8fe5d6d10053}</savedqueryid>
    <layoutxml>
      <grid name="pfc_educationandtrainings" jump="pfc_schoolname" select="1" icon="1" preview="0">
        <row name="pfc_educationandtraining" id="pfc_educationandtrainingid">
          <cell name="pfc_schoolname" width="300" />
          <cell name="createdon" width="125" />
        </row>
      </grid>
    </layoutxml>
    <querytype>64</querytype>
    <fetchxml>
      <fetch version="1.0" mapping="logical">
        <entity name="pfc_educationandtraining">
          <attribute name="pfc_educationandtrainingid" />
          <attribute name="pfc_schoolname" />
          <attribute name="createdon" />
          <filter type="and">
            <condition attribute="statecode" operator="eq" value="0" />
          </filter>
        </entity>
      </fetch>
    </fetchxml>
    <IntroducedVersion>1.0.0.0</IntroducedVersion>
    <LocalizedNames>
      <LocalizedName description="Education and Training Lookup View" languagecode="1033" />
    </LocalizedNames>
  </savedquery>
</savedqueries>