﻿<?xml version="1.0" encoding="utf-8"?>
<savedqueries xmlns:xsi="http://www.w3.org/2001/XMLSchema-instance">
  <savedquery>
    <IsCustomizable>1</IsCustomizable>
    <CanBeDeleted>0</CanBeDeleted>
    <isquickfindquery>0</isquickfindquery>
    <isprivate>0</isprivate>
    <isdefault>1</isdefault>
    <savedqueryid>{a3ac0eea-a2b2-4559-9be0-777940e190e0}</savedqueryid>
    <layoutxml>
      <grid name="resultset" jump="pfc_schoolname" select="1" icon="1" preview="1">
        <row name="result" id="pfc_educationandtrainingid">
          <cell name="pfc_schoolname" width="300" />
          <cell name="createdon" width="125" />
        </row>
      </grid>
    </layoutxml>
    <querytype>1</querytype>
    <fetchxml>
      <fetch version="1.0" mapping="logical">
        <entity name="pfc_educationandtraining">
          <attribute name="pfc_educationandtrainingid" />
          <attribute name="pfc_schoolname" />
          <attribute name="createdon" />
          <order attribute="pfc_schoolname" descending="false" />
        </entity>
      </fetch>
    </fetchxml>
    <IntroducedVersion>1.0.0.0</IntroducedVersion>
    <LocalizedNames>
      <LocalizedName description="Education and Training Advanced Find View" languagecode="1033" />
    </LocalizedNames>
  </savedquery>
</savedqueries>