﻿<?xml version="1.0" encoding="utf-8"?>
<savedqueries xmlns:xsi="http://www.w3.org/2001/XMLSchema-instance">
  <savedquery>
    <IsCustomizable>1</IsCustomizable>
    <CanBeDeleted>0</CanBeDeleted>
    <isquickfindquery>1</isquickfindquery>
    <isprivate>0</isprivate>
    <isdefault>1</isdefault>
    <savedqueryid>{bdfda1eb-0d64-4559-90ca-4a68c3527e29}</savedqueryid>
    <layoutxml>
      <grid name="resultset" jump="pfc_schoolname" select="1" icon="1" preview="1">
        <row name="result" id="pfc_educationandtrainingid">
          <cell name="pfc_schoolname" width="300" />
          <cell name="createdon" width="125" />
        </row>
      </grid>
    </layoutxml>
    <querytype>4</querytype>
    <fetchxml>
      <fetch version="1.0" mapping="logical">
        <entity name="pfc_educationandtraining">
          <attribute name="pfc_educationandtrainingid" />
          <attribute name="pfc_schoolname" />
          <attribute name="createdon" />
          <order attribute="pfc_schoolname" descending="false" />
          <filter type="and">
            <condition attribute="statecode" operator="eq" value="0" />
          </filter>
          <filter type="or" isquickfindfields="1">
            <condition attribute="pfc_schoolname" operator="like" value="{0}" />
          </filter>
        </entity>
      </fetch>
    </fetchxml>
    <IntroducedVersion>1.0.0.0</IntroducedVersion>
    <LocalizedNames>
      <LocalizedName description="Quick Find Active Education and Trainings" languagecode="1033" />
    </LocalizedNames>
  </savedquery>
</savedqueries>