﻿<?xml version="1.0" encoding="utf-8"?>
<savedqueries xmlns:xsi="http://www.w3.org/2001/XMLSchema-instance">
  <savedquery>
    <IsCustomizable>1</IsCustomizable>
    <CanBeDeleted>0</CanBeDeleted>
    <isquickfindquery>0</isquickfindquery>
    <isprivate>0</isprivate>
    <isdefault>1</isdefault>
    <savedqueryid>{cf727f31-4591-4dc5-b0ae-ec07a5eb1a5e}</savedqueryid>
    <layoutxml>
      <grid name="resultset" jump="pfc_schoolname" select="1" icon="1" preview="1">
        <row name="result" id="pfc_educationandtrainingid">
          <cell name="pfc_schoolname" width="164" />
          <cell name="pfc_startdate" width="100" />
          <cell name="pfc_enddate" width="100" />
          <cell name="pfc_qualificationcertificateachieved" width="192" />
          <cell name="pfc_gradeachieved" width="100" />
        </row>
      </grid>
    </layoutxml>
    <querytype>0</querytype>
    <fetchxml>
      <fetch version="1.0" mapping="logical">
        <entity name="pfc_educationandtraining">
          <attribute name="pfc_educationandtrainingid" />
          <attribute name="pfc_schoolname" />
          <order attribute="pfc_schoolname" descending="false" />
          <filter type="and">
            <condition attribute="statecode" operator="eq" value="0" />
          </filter>
          <attribute name="pfc_qualificationcertificateachieved" />
          <attribute name="pfc_gradeachieved" />
          <attribute name="pfc_startdate" />
          <attribute name="pfc_enddate" />
        </entity>
      </fetch>
    </fetchxml>
    <IntroducedVersion>1.0.0.0</IntroducedVersion>
    <LocalizedNames>
      <LocalizedName description="Active Education and Trainings" languagecode="1033" />
    </LocalizedNames>
  </savedquery>
</savedqueries>