﻿<?xml version="1.0" encoding="utf-8"?>
<forms xmlns:xsi="http://www.w3.org/2001/XMLSchema-instance">
  <systemform>
    <formid>{01e4f363-d026-44ee-8432-c3492329030d}</formid>
    <IntroducedVersion>1.0.0.191</IntroducedVersion>
    <FormPresentation>1</FormPresentation>
    <FormActivationState>1</FormActivationState>
    <form headerdensity="HighWithControls">
      <tabs>
        <tab verticallayout="true" id="{8b7427db-9522-42f4-8db5-c13b9f3d7aac}" IsUserDefined="1">
          <labels>
            <label description="General" languagecode="1033" />
          </labels>
          <columns>
            <column width="33%">
              <sections>
                <section showlabel="false" showbar="false" IsUserDefined="0" id="{fe8751d1-514a-4440-bda2-ee37a0d8757d}">
                  <labels>
                    <label description="General" languagecode="1033" />
                  </labels>
                  <rows>
                    <row>
                      <cell id="{eb201ced-2347-495c-8404-f50495eefd2c}" locklevel="0">
                        <labels>
                          <label description="Originating Enquiry" languagecode="1033" />
                        </labels>
                        <control id="pfc_originatingenquiryid" classid="{270BD3DB-D9AF-4782-9025-509E298DEC0A}" datafieldname="pfc_originatingenquiryid" disabled="false" />
                      </cell>
                    </row>
                    <row>
                      <cell id="{1043bc4d-a319-4354-b928-3de48289ca47}" locklevel="0">
                        <labels>
                          <label description="Account" languagecode="1033" />
                        </labels>
                        <control id="pfc_parentaccountid" classid="{270BD3DB-D9AF-4782-9025-509E298DEC0A}" datafieldname="pfc_parentaccountid" disabled="false" />
                      </cell>
                    </row>
                    <row>
                      <cell id="{263c9bde-dc74-4096-a454-640b382b0b00}" locklevel="0">
                        <labels>
                          <label description="Contact" languagecode="1033" />
                        </labels>
                        <control id="pfc_parentcontactid" classid="{270BD3DB-D9AF-4782-9025-509E298DEC0A}" datafieldname="pfc_parentcontactid" disabled="false" />
                      </cell>
                    </row>
                    <row>
                      <cell locklevel="0" id="{834ba7ee-65d5-42c6-96ad-094c41802cea}" colspan="1" rowspan="1" showlabel="false">
                        <labels>
                          <label description="Contact Quick Form" languagecode="1033" />
                        </labels>
                        <control id="contactform" classid="{5C5600E0-1D6E-4205-A272-BE80DA87FD42}" datafieldname="pfc_parentcontactid" disabled="false">
                          <parameters>
                            <DisplayAsCustomer360Tile>false</DisplayAsCustomer360Tile>
                            <QuickForms>&lt;QuickFormIds&gt;&lt;QuickFormId entityname="contact"&gt;99537c3e-c307-ec11-b6e6-000d3a86dcc5&lt;/QuickFormId&gt;&lt;/QuickFormIds&gt;</QuickForms>
                          </parameters>
                        </control>
                      </cell>
                    </row>
                  </rows>
                </section>
                <section name="individual_section" id="d7ccabed-6a41-4ec7-a2c9-8a233ac5b3ed" IsUserDefined="0" locklevel="0" showlabel="true" showbar="false" layout="varwidth" celllabelalignment="Left" celllabelposition="Left" columns="1" labelwidth="115">
                  <labels>
                    <label description="Individual" languagecode="1033" />
                  </labels>
                  <rows>
                    <row>
                      <cell id="{abe7eeaf-e0b7-48a0-afda-d314237ff8db}" locklevel="0">
                        <labels>
                          <label description=" Initials or Reference Number" languagecode="1033" />
                        </labels>
                        <control id="pfc_initialsorreferencenumber" classid="{4273EDBD-AC1D-40D3-9FB2-095C621B552D}" datafieldname="pfc_initialsorreferencenumber" disabled="false" />
                      </cell>
                    </row>
                    <row>
                      <cell id="{c5716864-ed4b-4363-857a-8725ef8a1a9f}" locklevel="0">
                        <labels>
                          <label description="Date of Birth" languagecode="1033" />
                        </labels>
                        <control id="pfc_serviceuserdob" classid="{5B773807-9FB2-42DB-97C3-7A91EFF8ADFF}" datafieldname="pfc_serviceuserdob" disabled="false" />
                      </cell>
                    </row>
                    <row>
                      <cell id="{800c2886-97f5-4c41-971f-aa3cc6097b28}" locklevel="0" colspan="1" rowspan="1">
                        <labels>
                          <label description="NHS Number" languagecode="1033" />
                        </labels>
                        <control id="pfc_nhsnumber" classid="{4273EDBD-AC1D-40D3-9FB2-095C621B552D}" datafieldname="pfc_nhsnumber" disabled="false" />
                      </cell>
                    </row>
                    <row>
                      <cell id="{0484640b-2015-4a51-bd24-563d06fd742a}" locklevel="0">
                        <labels>
                          <label description="What Does The Individual Love To Do?" languagecode="1033" />
                        </labels>
                        <control id="pfc_abouttheindividual" classid="{E0DECE4B-6FC8-4A8F-A065-082708572369}" datafieldname="pfc_abouttheindividual" disabled="false" />
                      </cell>
                    </row>
                    <row>
                      <cell id="{d9cc1436-dbc5-4dcb-828f-4666d7ba66b1}" locklevel="0">
                        <labels>
                          <label description="Primary Diagnosis" languagecode="1033" />
                        </labels>
                        <control id="pfc_primaryneed" classid="{3EF39988-22BB-4F0B-BBBE-64B5A3748AEE}" datafieldname="pfc_primaryneed" disabled="false" />
                      </cell>
                    </row>
                    <row>
                      <cell id="{6d7fccb2-8afd-4fbe-98cc-33b25b46a684}" locklevel="0">
                        <labels>
                          <label description="Secondary Diagnosis" languagecode="1033" />
                        </labels>
                        <control id="pfc_secondaryneed" classid="{3EF39988-22BB-4F0B-BBBE-64B5A3748AEE}" datafieldname="pfc_secondaryneed" disabled="false" />
                      </cell>
                    </row>
                    <row>
                      <cell id="{f778b5de-c873-4a16-80f9-ccfd754b11e1}" locklevel="0" colspan="1" rowspan="1">
                        <labels>
                          <label description="Comments " languagecode="1033" />
                        </labels>
                        <control id="pfc_comments" classid="{E0DECE4B-6FC8-4A8F-A065-082708572369}" datafieldname="pfc_comments" disabled="false" />
                      </cell>
                    </row>
                  </rows>
                </section>
                <section name="referral_section" id="878e311c-f89e-4272-b5f0-ca31087a87b7" IsUserDefined="0" locklevel="0" showlabel="true" showbar="false" layout="varwidth" celllabelalignment="Left" celllabelposition="Left" columns="1" labelwidth="115">
                  <labels>
                    <label description="Referral" languagecode="1033" />
                  </labels>
                  <rows>
                    <row>
                      <cell id="{3ffcdaca-1a1d-4659-a1bb-281ff2089ee8}" locklevel="0">
                        <labels>
                          <label description="Reason For Referral" languagecode="1033" />
                        </labels>
                        <control id="pfc_reasonforserviceneed" classid="{3EF39988-22BB-4F0B-BBBE-64B5A3748AEE}" datafieldname="pfc_reasonforserviceneed" disabled="false" />
                      </cell>
                    </row>
                    <row>
                      <cell id="{e7c4964f-e095-4689-af6d-4572f36a8f63}" locklevel="0" visible="false">
                        <labels>
                          <label description="Reason For Referral Other" languagecode="1033" />
                        </labels>
                        <control id="pfc_reasonforserviceneedother" classid="{4273EDBD-AC1D-40D3-9FB2-095C621B552D}" datafieldname="pfc_reasonforserviceneedother" disabled="false" />
                      </cell>
                    </row>
                    <row>
                      <cell id="{1c60fc95-60e1-41b2-b5ab-5550fe452f22}" locklevel="0">
                        <labels>
                          <label description="Funding Body" languagecode="1033" />
                        </labels>
                        <control id="pfc_fundingbody" classid="{4273EDBD-AC1D-40D3-9FB2-095C621B552D}" datafieldname="pfc_fundingbody" disabled="false" />
                      </cell>
                    </row>
                    <row>
                      <cell id="{c7e9d63d-ea6e-4998-8cad-0ec692f02bb0}" locklevel="0">
                        <labels>
                          <label description="Tiered Rate" languagecode="1033" />
                        </labels>
                        <control id="pfc_tieredrate" classid="{3EF39988-22BB-4F0B-BBBE-64B5A3748AEE}" datafieldname="pfc_tieredrate" disabled="false" />
                      </cell>
                    </row>
                    <row>
                      <cell id="{37b65971-7ed9-4901-9bf7-ec21aab35602}" locklevel="0">
                        <labels>
                          <label description="Indicative Costing" languagecode="1033" />
                        </labels>
                        <control id="pfc_indicativecosting" classid="{533B9E00-756B-4312-95A0-DC888637AC78}" datafieldname="pfc_indicativecosting" disabled="false" />
                      </cell>
                    </row>
                    <row>
                      <cell id="{f3a90319-0828-433c-844c-2e08f5961d06}" locklevel="0">
                        <labels>
                          <label description="Accommodation Needs" languagecode="1033" />
                        </labels>
                        <control id="pfc_accommodationneeds" classid="{3EF39988-22BB-4F0B-BBBE-64B5A3748AEE}" datafieldname="pfc_accommodationneeds" disabled="false" />
                      </cell>
                    </row>
                    <row>
                      <cell id="{14508c39-2a68-487f-9b1f-3d7fa5086dbf}" locklevel="0" visible="false">
                        <labels>
                          <label description="Accommodation Needs Other" languagecode="1033" />
                        </labels>
                        <control id="pfc_accommodationneedsother" classid="{4273EDBD-AC1D-40D3-9FB2-095C621B552D}" datafieldname="pfc_accommodationneedsother" disabled="false" />
                      </cell>
                    </row>
                    <row>
                      <cell id="{39781325-5377-40a4-a108-6ae70ecf83f7}" locklevel="0">
                        <labels>
                          <label description="Might Adaptations Be Required?" languagecode="1033" />
                        </labels>
                        <control id="pfc_mightadaptationsberequired" classid="{3EF39988-22BB-4F0B-BBBE-64B5A3748AEE}" datafieldname="pfc_mightadaptationsberequired" disabled="false" />
                      </cell>
                    </row>
                    <row>
                      <cell id="{1be2d915-d2d5-4a7b-a7f9-7326bb0b01c7}" locklevel="0">
                        <labels>
                          <label description="Type of Service Needed" languagecode="1033" />
                        </labels>
                        <control id="pfc_typeofserviceneeded" classid="{3EF39988-22BB-4F0B-BBBE-64B5A3748AEE}" datafieldname="pfc_typeofserviceneeded" disabled="false" />
                      </cell>
                    </row>
                    <row>
                      <cell id="{04049eb7-798a-4f6e-be39-185d61f96018}" locklevel="0" visible="false">
                        <labels>
                          <label description="Type of Service Needed Other" languagecode="1033" />
                        </labels>
                        <control id="pfc_typeofserviceneededother" classid="{4273EDBD-AC1D-40D3-9FB2-095C621B552D}" datafieldname="pfc_typeofserviceneededother" disabled="false" />
                      </cell>
                    </row>
                    <row>
                      <cell id="{de7e2846-f781-4153-8ff3-1470545a1559}" locklevel="0">
                        <labels>
                          <label description="Preferred Service Start Date" languagecode="1033" />
                        </labels>
                        <control id="pfc_preferredservicestartdate" classid="{5B773807-9FB2-42DB-97C3-7A91EFF8ADFF}" datafieldname="pfc_preferredservicestartdate" disabled="false" />
                      </cell>
                    </row>
                    <row>
                      <cell id="{ca1a2747-a0bd-4633-8a59-671cbcfe041f}" locklevel="0" colspan="1" rowspan="1">
                        <labels>
                          <label description="Offer Outcome" languagecode="1033" />
                        </labels>
                        <control id="pfc_offeroutcome" classid="{3EF39988-22BB-4F0B-BBBE-64B5A3748AEE}" datafieldname="pfc_offeroutcome" disabled="false" />
                      </cell>
                    </row>
                    <row>
                      <cell id="{0130043f-79bb-4b5b-bb81-d1c3dc7f52d1}" locklevel="0" colspan="1" rowspan="1">
                        <labels>
                          <label description="Transition Duration" languagecode="1033" />
                        </labels>
                        <control id="pfc_transitionduration" classid="{4273EDBD-AC1D-40D3-9FB2-095C621B552D}" datafieldname="pfc_transitionduration" disabled="false" />
                      </cell>
                    </row>
                    <row>
                      <cell id="{70d20e5c-a523-4cd9-8c71-f365082a5762}" locklevel="0" colspan="1" rowspan="1">
                        <labels>
                          <label description="Transition Costs" languagecode="1033" />
                        </labels>
                        <control id="pfc_transitioncosts" classid="{533B9E00-756B-4312-95A0-DC888637AC78}" datafieldname="pfc_transitioncosts" disabled="false" />
                      </cell>
                    </row>
                    <row>
                      <cell id="{21601e72-5535-4ba9-83d4-57d91af60081}" locklevel="0" colspan="1" rowspan="1">
                        <labels>
                          <label description="Adaptation Transition Costs" languagecode="1033" />
                        </labels>
                        <control id="pfc_adaptationtransitioncosts" classid="{533B9E00-756B-4312-95A0-DC888637AC78}" datafieldname="pfc_adaptationtransitioncosts" disabled="false" />
                      </cell>
                    </row>
                    <row>
                      <cell id="{7363c373-868c-4ae4-b009-727f29dc327e}" locklevel="0" colspan="1" rowspan="1">
                        <labels>
                          <label description="Staff Training/Other Specialist Costs" languagecode="1033" />
                        </labels>
                        <control id="pfc_stafftrainingotherspecialistcosts" classid="{533B9E00-756B-4312-95A0-DC888637AC78}" datafieldname="pfc_stafftrainingotherspecialistcosts" disabled="false" />
                      </cell>
                    </row>
                  </rows>
                </section>
              </sections>
            </column>
            <column width="66%">
              <sections>
                <section showlabel="false" showbar="false" id="{4e1bb167-9cdf-4c2c-9af0-2cb24f4a9570}" IsUserDefined="0" height="auto">
                  <labels>
                    <label description="Notes" languagecode="1033" />
                  </labels>
                  <rows>
                    <row>
                      <cell showlabel="false" rowspan="15" auto="false" id="{d65c784a-caa4-46bb-b885-3dfa84f538bf}">
                        <labels>
                          <label description="Note Text" languagecode="1033" />
                        </labels>
                        <control id="notescontrol" classid="{06375649-c143-495e-a496-c962e5b4488e}">
                          <parameters>
                            <DefaultTabId>NotesTab</DefaultTabId>
                          </parameters>
                        </control>
                      </cell>
                    </row>
                    <row />
                    <row />
                    <row />
                    <row />
                    <row />
                    <row />
                    <row />
                    <row />
                    <row />
                    <row />
                    <row />
                    <row />
                    <row />
                    <row height="auto" />
                  </rows>
                </section>
              </sections>
            </column>
          </columns>
        </tab>
      </tabs>
      <header id="{17018d3b-cab5-4a25-9fa3-e55440e69ee1}" celllabelposition="Top" columns="111" labelwidth="115" celllabelalignment="Left">
        <rows>
          <row>
            <cell id="{32dd16be-e5b0-427a-bf86-2d4c5763cc0b}" showlabel="false">
              <labels>
                <label description="" languagecode="1033" />
              </labels>
            </cell>
            <cell id="{e9c17968-71d2-4912-8be0-3ec91d0a4a8f}" showlabel="false">
              <labels>
                <label description="" languagecode="1033" />
              </labels>
            </cell>
            <cell id="{0a98ce57-d247-4861-aae6-300f1641d617}" showlabel="false">
              <labels>
                <label description="" languagecode="1033" />
              </labels>
            </cell>
            <cell id="{c2bbc956-be0a-47a2-91f2-d2bfc54ccc1e}">
              <labels>
                <label description="Owner" languagecode="1033" />
              </labels>
              <control id="header_ownerid" classid="{270BD3DB-D9AF-4782-9025-509E298DEC0A}" datafieldname="ownerid" />
            </cell>
            <cell id="{a0c3135a-94d3-4d1c-8524-e7476d1954dc}">
              <labels>
                <label description="Referral No" languagecode="1033" />
              </labels>
              <control id="header_pfc_name" classid="{4273EDBD-AC1D-40d3-9FB2-095C621B552D}" datafieldname="pfc_name" disabled="true" />
            </cell>
          </row>
        </rows>
      </header>
      <footer id="{d12881f3-cde1-441d-b9ec-0fce58bc0e9a}" celllabelposition="Top" columns="111" labelwidth="115" celllabelalignment="Left">
        <rows>
          <row>
            <cell id="{1483bad8-ece7-44a0-af75-0cd798d17f4d}" showlabel="false">
              <labels>
                <label description="" languagecode="1033" />
              </labels>
            </cell>
            <cell id="{0defddb1-e464-4f31-81a5-9d716f7050d2}" showlabel="false">
              <labels>
                <label description="" languagecode="1033" />
              </labels>
            </cell>
            <cell id="{d14397f2-ac11-4439-8b52-43a824d4ed52}" showlabel="false">
              <labels>
                <label description="" languagecode="1033" />
              </labels>
            </cell>
          </row>
        </rows>
      </footer>
      <DisplayConditions Order="0" FallbackForm="true">
        <Everyone />
      </DisplayConditions>
    </form>
    <IsCustomizable>1</IsCustomizable>
    <CanBeDeleted>1</CanBeDeleted>
    <LocalizedNames>
      <LocalizedName description="Referral Information" languagecode="1033" />
    </LocalizedNames>
    <Descriptions>
      <Description description="A form for this entity." languagecode="1033" />
    </Descriptions>
  </systemform>
</forms>