﻿<?xml version="1.0" encoding="utf-8"?>
<forms xmlns:xsi="http://www.w3.org/2001/XMLSchema-instance">
  <systemform>
    <formid>{8ff93acb-a2de-4979-b9b3-381c90c92c5b}</formid>
    <IntroducedVersion>1.0.0.0</IntroducedVersion>
    <FormPresentation>1</FormPresentation>
    <FormActivationState>1</FormActivationState>
    <form>
      <tabs>
        <tab verticallayout="true" id="{95344077-01b9-47c0-ae29-2a7f0855f65c}" IsUserDefined="1">
          <labels>
            <label description="" languagecode="1033" />
          </labels>
          <columns>
            <column width="100%">
              <sections>
                <section showlabel="false" showbar="false" IsUserDefined="0" id="{119b66e6-aa51-4f9e-8c34-d8ccccc1eb60}">
                  <labels>
                    <label description="GENERAL" languagecode="1033" />
                  </labels>
                  <rows>
                    <row>
                      <cell id="{9645ddca-530f-465e-8095-4fda8ab2ffeb}">
                        <labels>
                          <label description="Employer Name" languagecode="1033" />
                        </labels>
                        <control id="pfc_employername" classid="{4273EDBD-AC1D-40d3-9FB2-095C621B552D}" datafieldname="pfc_employername" />
                      </cell>
                    </row>
                    <row>
                      <cell id="{fd69a1ab-6452-4678-9023-9a702d2ce952}">
                        <labels>
                          <label description="Owner" languagecode="1033" />
                        </labels>
                        <control id="ownerid" classid="{270BD3DB-D9AF-4782-9025-509E298DEC0A}" datafieldname="ownerid" />
                      </cell>
                    </row>
                  </rows>
                </section>
              </sections>
            </column>
          </columns>
        </tab>
      </tabs>
    </form>
    <IsCustomizable>1</IsCustomizable>
    <CanBeDeleted>1</CanBeDeleted>
    <LocalizedNames>
      <LocalizedName description="Information" languagecode="1033" />
    </LocalizedNames>
  </systemform>
</forms>