﻿<?xml version="1.0" encoding="utf-8"?>
<forms xmlns:xsi="http://www.w3.org/2001/XMLSchema-instance">
  <systemform>
    <formid>{0bd832d5-9d6a-456d-bdc1-21129e82cc0f}</formid>
    <IntroducedVersion>7.0.0003</IntroducedVersion>
    <FormPresentation>0</FormPresentation>
    <FormActivationState>1</FormActivationState>
    <form shownavigationbar="true" headerdensity="HighWithControls" solutionaction="Modified">
      <tabs>
        <tab verticallayout="true" id="{9748ec98-3746-40cc-83bf-d15c7363166f}" IsUserDefined="0" labelid="{1bd42238-ddcc-4029-9eff-256aa3c887c9}" ordinalvalue="0">
          <columns>
            <column width="100%" id="0">
              <sections>
                <section showlabel="false" showbar="false" id="{90b0776f-2977-4695-9cd4-73bb6c820f88}" IsUserDefined="0" labelid="{3127edf7-a176-4d80-b734-6be963ceafb4}" ordinalvalue="0">
                  <rows>
                    <row>
                      <cell id="{478c8803-2686-4d10-8cf0-e6e5b3b6007f}" labelid="{b73d114e-ac34-4ab0-9030-a7409986ab62}" ordinalvalue="10000">
                        <labels>
                          <label description="First Name" languagecode="1033" solutionaction="Added" />
                        </labels>
                      </cell>
                      <cell id="{4fde05d9-89b1-4acf-a98f-13159f1bdcc8}" labelid="{c024ced5-550d-414f-8639-96a38a80b26b}" ordinalvalue="20001">
                        <labels>
                          <label description="Last Name" languagecode="1033" solutionaction="Added" />
                        </labels>
                      </cell>
                    </row>
                    <row>
                      <cell id="{f3eec8ff-7b5a-43af-92c4-1a41adaf4b50}" labelid="{1409682e-cb37-4c1a-813b-59ce76da79c2}" showlabel="true" locklevel="0" ordinalvalue="20003" solutionaction="Removed" />
                    </row>
                    <row>
                      <cell id="{a08b0699-7229-73e2-ee70-d55ee21049a7}" showlabel="true" locklevel="0" ordinalvalue="10004" solutionaction="Removed" />
                      <cell id="{d173e5b2-7472-0652-2dd4-e54522b6aeaa}" showlabel="true" locklevel="0" ordinalvalue="20005" solutionaction="Removed" />
                    </row>
                    <row>
                      <cell id="{7889d8c9-7452-47cd-ba11-1030312b213b}" showlabel="true" locklevel="0" ordinalvalue="10006" solutionaction="Removed" />
                      <cell id="{5c4c8992-0d63-95ec-dace-59c0dccd76d5}" showlabel="true" locklevel="0" ordinalvalue="20007" solutionaction="Removed" />
                    </row>
                    <row>
                      <cell id="{a2e86e7e-cc54-b8b3-1812-db7aec67d7d7}" showlabel="true" locklevel="0" colspan="2" rowspan="4" ordinalvalue="10008" solutionaction="Removed" />
                    </row>
                    <row>
                      <cell id="{2329843a-6ab4-4431-8a2b-101f3272e104}" showlabel="true" locklevel="1" labelid="{0e9a6300-1e04-4a2d-af5c-b468b4708830}" ordinalvalue="10009" solutionaction="Removed" />
                      <cell id="{9c166be2-5923-a61c-5434-4d4a60bbbe39}" showlabel="false" ordinalvalue="20004" solutionaction="Modified" />
                    </row>
                    <row>
                      <cell id="{4ec06488-5d91-5364-1c7e-31c2367614d5}" showlabel="true" locklevel="0" colspan="2" ordinalvalue="10011" solutionaction="Removed" />
                    </row>
                    <row>
                      <cell id="{43329064-e288-4b59-931d-a03c5ae44678}" locklevel="0" ordinalvalue="10003" solutionaction="Added">
                        <labels>
                          <label description="Mobile Phone" languagecode="1033" />
                        </labels>
                        <control id="mobilephone" classid="{4273EDBD-AC1D-40D3-9FB2-095C621B552D}" datafieldname="mobilephone" disabled="false" />
                      </cell>
                    </row>
                    <row>
                      <cell locklevel="0" id="{b6f7903c-1bd5-4ca1-a13e-aebae19c24d5}" ordinalvalue="10005" solutionaction="Added">
                        <labels>
                          <label description="" languagecode="1033" />
                        </labels>
                      </cell>
                    </row>
                    <row>
                      <cell locklevel="0" id="{6686320a-c4eb-4f1f-825f-bbe85a856674}" ordinalvalue="10006" solutionaction="Added">
                        <labels>
                          <label description="" languagecode="1033" />
                        </labels>
                      </cell>
                      <cell locklevel="0" id="{d380e65f-48e5-43a8-aab2-6b19ed47ce17}" ordinalvalue="20007" solutionaction="Added">
                        <labels>
                          <label description="" languagecode="1033" />
                        </labels>
                      </cell>
                    </row>
                    <row>
                      <cell locklevel="0" id="{b14cb404-9445-4320-964f-ecd4c107e8ef}" ordinalvalue="10008" solutionaction="Added">
                        <labels>
                          <label description="" languagecode="1033" />
                        </labels>
                      </cell>
                      <cell locklevel="0" id="{5e29080f-b812-4413-97be-2b7f88d91872}" ordinalvalue="20009" solutionaction="Added">
                        <labels>
                          <label description="" languagecode="1033" />
                        </labels>
                      </cell>
                    </row>
                    <row>
                      <cell locklevel="0" id="{eaf4e577-c936-4fef-8af7-1f2d1d3b5653}" ordinalvalue="10010" solutionaction="Added">
                        <labels>
                          <label description="" languagecode="1033" />
                        </labels>
                      </cell>
                      <cell locklevel="0" id="{5d80a42b-a326-4b0c-a7d3-c6e48b82079e}" ordinalvalue="20011" solutionaction="Added">
                        <labels>
                          <label description="" languagecode="1033" />
                        </labels>
                      </cell>
                      <cell locklevel="0" id="{2c1f0bbf-6930-4a1a-8f69-232a5f309e02}" ordinalvalue="30012" solutionaction="Added">
                        <labels>
                          <label description="" languagecode="1033" />
                        </labels>
                      </cell>
                    </row>
                  </rows>
                </section>
              </sections>
            </column>
          </columns>
        </tab>
      </tabs>
      <footer id="{1d059e53-e20d-40bf-9ce9-5a24aa24596c}">
        <rows>
          <row>
            <cell id="{2fd4a9dc-42af-4f52-a840-7ceea09a71bd}" labelid="{84b0e9f2-de51-414c-a946-ec84fa46b6a0}" ordinalvalue="10000">
              <labels>
                <label description="Status" languagecode="1033" solutionaction="Added" />
              </labels>
            </cell>
          </row>
        </rows>
      </footer>
      <DisplayConditions Order="7" solutionaction="Modified">
        <Role Id="{627090ff-40a3-4053-8790-584edc5be201}" solutionaction="Modified" />
        <Role Id="{119f245c-3cc8-4b62-b31c-d1a046ced15d}" solutionaction="Modified" />
      </DisplayConditions>
      <header id="{e78f6287-6e78-4336-be91-4c16fafc7af4}" celllabelposition="Top" columns="111" labelwidth="115" celllabelalignment="Left" solutionaction="Added">
        <rows>
          <row>
            <cell id="{00bfda54-450d-48df-aaa5-c1c7baaea995}" showlabel="false" ordinalvalue="10000">
              <labels>
                <label description="" languagecode="1033" />
              </labels>
            </cell>
            <cell id="{91c8d2a1-b5e3-49d7-8447-302b980d2762}" showlabel="false" ordinalvalue="20001">
              <labels>
                <label description="" languagecode="1033" />
              </labels>
            </cell>
            <cell id="{bd522728-2537-4d09-9462-98ef77ff8bc5}" showlabel="false" ordinalvalue="30002">
              <labels>
                <label description="" languagecode="1033" />
              </labels>
            </cell>
          </row>
        </rows>
      </header>
    </form>
    <LocalizedNames>
      <LocalizedName description="Profile Web Form" languagecode="1033" />
    </LocalizedNames>
    <Descriptions>
      <Description description="This form is used by the portal for the user to update their contact info" languagecode="1033" />
    </Descriptions>
  </systemform>
</forms>