﻿<?xml version="1.0" encoding="utf-8"?>
<forms xmlns:xsi="http://www.w3.org/2001/XMLSchema-instance">
  <systemform>
    <formid>{1fed44d1-ae68-4a41-bd2b-f13acac4acfa}</formid>
    <IntroducedVersion>5.0.0.0</IntroducedVersion>
    <FormPresentation>1</FormPresentation>
    <FormActivationState>1</FormActivationState>
    <form showImage="true" headerdensity="HighWithControls" shownavigationbar="true" maxWidth="1920" solutionaction="Modified">
      <tabs>
        <tab name="SUMMARY_TAB" id="{15bb2d4b-71da-74ea-3c5b-e497d78a55a2}" IsUserDefined="0" showlabel="true" expanded="true" ordinalvalue="0">
          <columns>
            <column width="33%" id="0">
              <sections>
                <section name="CONTACT_INFORMATION" showlabel="true" showbar="false" id="{9d943649-0387-1882-caa1-36de40d5a86c}" IsUserDefined="0" layout="varwidth" columns="1" labelwidth="115" celllabelposition="Left" ordinalvalue="0">
                  <labels>
                    <label description="Contact Information" languagecode="1033" solutionaction="Modified" />
                  </labels>
                  <rows>
                    <row>
                      <cell id="{542e581d-cca1-5e40-e6d9-d67a9d1468b4}" showlabel="true" locklevel="0" ordinalvalue="10000">
                        <labels>
                          <label description="Full Name" languagecode="1033" solutionaction="Added" />
                        </labels>
                      </cell>
                    </row>
                    <row>
                      <cell id="{07326cde-7529-ddc0-e421-c0bcddd07b8a}" showlabel="true" ordinalvalue="10001" solutionaction="Removed" />
                    </row>
                    <row>
                      <cell id="{a54c19c9-4722-ce25-60c5-2bb9452680d2}" showlabel="true" locklevel="0" ordinalvalue="10002" solutionaction="Removed" />
                    </row>
                    <row>
                      <cell id="{7d538a97-98eb-b438-72de-57a808b9a308}" showlabel="true" ordinalvalue="10005" solutionaction="Modified">
                        <labels>
                          <label description="Email" languagecode="1033" solutionaction="Added" />
                        </labels>
                      </cell>
                    </row>
                    <row>
                      <cell id="{215da2d0-2b64-3481-8d2d-16107d4d7e5b}" showlabel="true" ordinalvalue="10006" solutionaction="Modified">
                        <labels>
                          <label description="Home Phone" languagecode="1033" solutionaction="Added" />
                        </labels>
                      </cell>
                    </row>
                    <row>
                      <cell id="{290b48ba-c0cc-7746-6dda-93e240e4cc78}" showlabel="true" ordinalvalue="10007" solutionaction="Modified">
                        <labels>
                          <label description="Mobile Phone" languagecode="1033" solutionaction="Added" />
                        </labels>
                      </cell>
                    </row>
                    <row>
                      <cell id="{1b54cdb3-1582-c29e-cc9e-9d4bc2a5700b}" showlabel="true" ordinalvalue="10006" solutionaction="Removed" />
                    </row>
                    <row>
                      <cell id="{408dda0b-48a7-c05c-e29a-56a93eb97172}" showlabel="true" ordinalvalue="10008" solutionaction="Modified">
                        <labels>
                          <label description="Preferred Method of Contact" languagecode="1033" solutionaction="Added" />
                        </labels>
                      </cell>
                    </row>
                    <row>
                      <cell id="{133d09d6-c374-954a-315b-435e1eeb722c}" showlabel="true" locklevel="0" ordinalvalue="10009" solutionaction="Modified" />
                    </row>
                    <row>
                      <cell id="{a9665e1e-3900-4c05-8663-91d620408a35}" showlabel="true" locklevel="0" visible="false" ordinalvalue="10001" solutionaction="Added">
                        <labels>
                          <label description="Role" languagecode="1033" />
                        </labels>
                        <control id="accountrolecode" classid="{3EF39988-22BB-4F0B-BBBE-64B5A3748AEE}" datafieldname="accountrolecode" disabled="false" />
                      </cell>
                    </row>
                    <row>
                      <cell id="{cf882e01-b298-4998-9a88-474463ffb94f}" showlabel="true" ordinalvalue="10002" solutionaction="Added">
                        <labels>
                          <label description="Qualified &amp; Registered Nurse" languagecode="1033" />
                        </labels>
                        <control id="pfc_qualifiedregisterednurse" classid="{67FAC785-CD58-4F9F-ABB3-4B7DDC6ED5ED}" datafieldname="pfc_qualifiedregisterednurse" disabled="false" uniqueid="{66b15567-3c69-8635-b7c9-08dd2331a0c6}" />
                      </cell>
                    </row>
                    <row>
                      <cell id="{97402bb4-39ac-4ea3-8d1b-29d2bd492465}" showlabel="true" ordinalvalue="10003" solutionaction="Added">
                        <labels>
                          <label description="PIN No" languagecode="1033" />
                        </labels>
                        <control id="pfc_pinno" classid="{4273EDBD-AC1D-40D3-9FB2-095C621B552D}" datafieldname="pfc_pinno" disabled="false" uniqueid="{4409a5bc-a26d-c8ca-94c3-459ec0e9adbb}" />
                      </cell>
                    </row>
                    <row>
                      <cell id="{df43f044-bebe-4b5d-99da-7420853ccb69}" showlabel="true" ordinalvalue="10004" solutionaction="Added">
                        <labels>
                          <label description="Registration Expiry Date" languagecode="1033" />
                        </labels>
                        <control id="pfc_registrationexpirydate" classid="{5B773807-9FB2-42DB-97C3-7A91EFF8ADFF}" datafieldname="pfc_registrationexpirydate" disabled="false" uniqueid="{649da0d2-c508-8149-cd22-a28a38699812}" />
                      </cell>
                    </row>
                  </rows>
                </section>
                <section name="MapSection" showlabel="false" showbar="false" id="{e0109668-cb5b-4b6c-8ca6-9d0c4b24f385}" IsUserDefined="0" layout="varwidth" columns="1" labelwidth="115" celllabelposition="Left" ordinalvalue="1" solutionaction="Removed" />
                <section name="BusinessCard" showlabel="true" locklevel="0" id="{d6928560-988d-56e4-55b6-99aa3c898561}" IsUserDefined="0" layout="varwidth" columns="1" labelwidth="115" celllabelalignment="Left" celllabelposition="Left" visible="false" ordinalvalue="1" solutionaction="Modified">
                  <rows>
                    <row>
                      <cell id="{4acc2393-dcac-6588-9258-3d228b26430a}" showlabel="false" locklevel="0" ordinalvalue="10000">
                        <labels>
                          <label description="Business Card" languagecode="1033" solutionaction="Added" />
                        </labels>
                      </cell>
                    </row>
                  </rows>
                </section>
              </sections>
            </column>
            <column width="42%" id="1">
              <sections>
                <section name="SOCIAL_PANE_TAB" showlabel="false" showbar="false" id="{bea579b8-8901-77b0-1128-351760e68bd4}" IsUserDefined="0" layout="varwidth" columns="1" labelwidth="115" celllabelposition="Top" ordinalvalue="0">
                  <rows>
                    <row>
                      <cell id="{db701364-1d99-369c-c409-11d17878e513}" showlabel="false" rowspan="23" auto="false" colspan="1" ordinalvalue="10000">
                        <control id="notescontrol" classid="{06375649-C143-495E-A496-C962E5B4488E}" disabled="false">
                          <parameters solutionaction="Added">
                            <UClientActivities>appointment,email,phonecall,recurringappointmentmaster,socialactivity,task,adx_alertsubscription,adx_inviteredemption,adx_portalcomment</UClientActivities>
                            <UClientDisplayActivityUsing>defaultfields</UClientDisplayActivityUsing>
                            <UClientActivityCardMap>appointment:4201:,campaignactivity:4402:,campaignresponse:4401:,email:4202:,fax:4204:,incidentresolution:4206:,letter:4207:,opportunityclose:4208:,orderclose:4209:,phonecall:4210:,quoteclose:4211:,recurringappointmentmaster:4251:,socialactivity:4216:,task:4212:,adx_alertsubscription:10144:,adx_inviteredemption:10147:,adx_portalcomment:10196:,msfp_surveyinvite:10106:,msfp_surveyresponse:10107:,</UClientActivityCardMap>
                            <UClientActivitiesConfigurationJSON>{"campaignactivity":{"showStatus":true,"canCreate":false},"fax":{"showStatus":false,"canCreate":false},"msfp_surveyinvite":{"showStatus":true,"canCreate":false},"msfp_surveyresponse":{"showStatus":true,"canCreate":false},"quoteclose":{"showStatus":false,"canCreate":false},"orderclose":{"showStatus":false,"canCreate":false},"opportunityclose":{"showStatus":false,"canCreate":false},"letter":{"showStatus":true,"canCreate":false},"incidentresolution":{"showStatus":false,"canCreate":false}}</UClientActivitiesConfigurationJSON>
                          </parameters>
                        </control>
                      </cell>
                    </row>
                  </rows>
                </section>
              </sections>
            </column>
            <column width="25%" id="2">
              <sections>
                <section name="Summary_section_6" showlabel="false" showbar="false" locklevel="0" id="{ea3bb0a6-b9dc-1b0e-5e7d-74a380ee79a3}" IsUserDefined="0" layout="varwidth" columns="1" labelwidth="115" ordinalvalue="1" solutionaction="Removed" />
                <section name="CUSTOMER_DETAILS_TAB" showlabel="false" showbar="false" id="{0ed6b616-7ef0-4ffe-9a77-610beef03f9c}" IsUserDefined="0" layout="varwidth" columns="1" labelwidth="115" celllabelposition="Top" ordinalvalue="1" solutionaction="Modified">
                  <labels>
                    <label description="Active Vacancy Applications" languagecode="1033" solutionaction="Modified" />
                  </labels>
                  <rows>
                    <row>
                      <cell id="{98f3b282-986b-4ace-9df9-9f47e1740e0d}" showlabel="true" ordinalvalue="10000" solutionaction="Removed" />
                    </row>
                    <row>
                      <cell id="{309AA48F-B748-4C9E-A0A8-F8A93BE633E5}" colspan="1" showlabel="false" ordinalvalue="10001" solutionaction="Removed" />
                    </row>
                    <row>
                      <cell id="{18922d47-153a-1a49-e025-dd6a6eb57d9d}" showlabel="true" colspan="1" rowspan="5" ordinalvalue="10002" solutionaction="Removed" />
                    </row>
                    <row>
                      <cell id="{6120B848-D4DA-45E2-9E0D-EFD7D3898E50}" showlabel="true" colspan="1" rowspan="5" ordinalvalue="10003" solutionaction="Removed" />
                    </row>
                    <row>
                      <cell id="{3e3b602b-b821-4775-ae5d-fedf7ae56508}" showlabel="true" colspan="1" rowspan="8" auto="false" ordinalvalue="10004" solutionaction="Removed" />
                    </row>
                    <row>
                      <cell showlabel="true" locklevel="0" id="{54c88876-0470-48b6-b2fa-44022af8cabf}" rowspan="1" colspan="1" ordinalvalue="10000" solutionaction="Added">
                        <labels>
                          <label description="Active Vacancy Applications" languagecode="1033" />
                        </labels>
                        <control id="active_applications_subgrid" classid="{E7A81278-8635-4D9E-8D4D-59480B391C5B}" indicationOfSubgrid="true">
                          <parameters>
                            <TargetEntityType>pfc_vacancyapplication</TargetEntityType>
                            <ViewId>{C44205F1-41CE-4D75-82BF-8F9E5A768598}</ViewId>
                            <ViewIds>{C44205F1-41CE-4D75-82BF-8F9E5A768598}</ViewIds>
                            <EnableViewPicker>false</EnableViewPicker>
                            <RelationshipName>pfc_vacancyapplication_applicant</RelationshipName>
                          </parameters>
                        </control>
                      </cell>
                    </row>
                  </rows>
                </section>
              </sections>
            </column>
          </columns>
        </tab>
        <tab name="PREFERENCES_TAB" id="{fe1c5c3b-d556-4552-a444-4781214a6d63}" IsUserDefined="0" expanded="true" showlabel="true" ordinalvalue="1" solutionaction="Modified">
          <labels>
            <label description="Contact Preferences" languagecode="1033" solutionaction="Modified" />
          </labels>
          <columns>
            <column width="34%" id="0">
              <sections>
                <section name="PERSONAL INFORMATION" showlabel="true" showbar="false" id="{0F64B9A3-01F2-4411-B0B5-6C6C39D7B011}" IsUserDefined="0" columns="1" labelwidth="115" celllabelposition="Left" ordinalvalue="0" solutionaction="Removed" />
                <section name="PERSONAL_NOTES_SECTION" showlabel="true" showbar="false" locklevel="0" id="{9435d60e-c5ac-2462-a159-414573dc2e45}" IsUserDefined="0" layout="varwidth" columns="1" labelwidth="115" celllabelalignment="Left" celllabelposition="Top" ordinalvalue="1" solutionaction="Removed" />
                <section name="CONTACT_PREFERENCES" showlabel="true" showbar="false" id="{42aa148d-17fa-4c73-8213-bd22400b74ea}" IsUserDefined="0" columns="1" labelwidth="115" celllabelposition="Left" ordinalvalue="0" solutionaction="Added">
                  <labels>
                    <label description="CONTACT PREFERENCES" languagecode="1033" />
                  </labels>
                  <rows>
                    <row>
                      <cell id="{d4ec2d52-6658-cee9-4a2a-7a8029ad1862}" showlabel="true" locklevel="0" ordinalvalue="10000">
                        <labels>
                          <label description="Contact Method" languagecode="1033" />
                        </labels>
                        <control id="preferredcontactmethodcode" classid="{3EF39988-22BB-4f0b-BBBE-64B5A3748AEE}" datafieldname="preferredcontactmethodcode" disabled="false" />
                      </cell>
                    </row>
                    <row>
                      <cell id="{f0b4951b-b5ec-4103-b69d-7ac2ad176ee4}" ordinalvalue="10001">
                        <labels>
                          <label description="Email" languagecode="1033" />
                        </labels>
                        <control id="donotemail" classid="{67FAC785-CD58-4f9f-ABB3-4B7DDC6ED5ED}" datafieldname="donotemail" />
                      </cell>
                    </row>
                    <row>
                      <cell id="{2344e926-ebe5-43a9-a634-98a98b1b9267}" ordinalvalue="10002">
                        <labels>
                          <label description="Follow Email" languagecode="1033" />
                        </labels>
                        <control id="followemail" classid="{67FAC785-CD58-4f9f-ABB3-4B7DDC6ED5ED}" datafieldname="followemail" />
                      </cell>
                    </row>
                    <row>
                      <cell id="{041968bd-14fe-486a-baa0-719e7691e6ee}" ordinalvalue="10003">
                        <labels>
                          <label description="Bulk Email" languagecode="1033" />
                        </labels>
                        <control id="donotbulkemail" classid="{67FAC785-CD58-4f9f-ABB3-4B7DDC6ED5ED}" datafieldname="donotbulkemail" />
                      </cell>
                    </row>
                    <row>
                      <cell id="{569cf3bd-3b14-46d8-a03a-22e6317d1d41}" ordinalvalue="10004">
                        <labels>
                          <label description="Phone" languagecode="1033" />
                        </labels>
                        <control id="donotphone" classid="{67FAC785-CD58-4f9f-ABB3-4B7DDC6ED5ED}" datafieldname="donotphone" />
                      </cell>
                    </row>
                    <row>
                      <cell id="{dfe9aafd-1acc-488d-b31e-feef6f63a34d}" ordinalvalue="10005">
                        <labels>
                          <label description="Mail" languagecode="1033" />
                        </labels>
                        <control id="donotpostalmail" classid="{67FAC785-CD58-4f9f-ABB3-4B7DDC6ED5ED}" datafieldname="donotpostalmail" />
                      </cell>
                    </row>
                  </rows>
                </section>
              </sections>
            </column>
            <column width="33%" id="1">
              <sections>
                <section name="marketing information" showlabel="true" showbar="false" locklevel="0" id="{a188d8ee-35d1-4f22-acf7-9588059a3f08}" IsUserDefined="0" layout="varheight" columns="1" labelwidth="115" celllabelposition="Left" ordinalvalue="0" solutionaction="Removed" />
                <section name="CONTACT_PREFERENCES" showlabel="true" showbar="false" id="{42aa148d-17fa-4c73-8213-bd22400b74ea}" IsUserDefined="0" columns="1" labelwidth="115" celllabelposition="Left" ordinalvalue="1" solutionaction="Removed" />
                <section name="PREFERENCES_TAB_section_5" id="0f1cb462-f3d3-4864-af61-cba109f0e3fd" IsUserDefined="0" locklevel="0" showlabel="false" showbar="false" layout="varwidth" celllabelalignment="Left" celllabelposition="Left" columns="1" labelwidth="115" visible="false" ordinalvalue="0" solutionaction="Added">
                  <labels>
                    <label description="New Section" languagecode="1033" />
                  </labels>
                  <rows />
                </section>
              </sections>
            </column>
            <column width="33%" id="2">
              <sections>
                <section name="billing information" showlabel="true" showbar="false" id="{4565ac06-d780-4467-9baa-d03d6af45ae7}" IsUserDefined="0" columns="1" labelwidth="115" celllabelposition="Left" ordinalvalue="0" solutionaction="Removed" />
                <section name="shipping information" showlabel="true" showbar="false" id="{19e024e7-16f7-40c6-a1d6-e8672a639011}" IsUserDefined="0" columns="1" labelwidth="115" celllabelposition="Left" ordinalvalue="1" solutionaction="Removed" />
                <section name="DETAILS_TAB_section_7" id="fc7c9c58-548f-4b21-b558-05f1887ee261" IsUserDefined="0" locklevel="0" showlabel="true" showbar="false" layout="varwidth" celllabelalignment="Left" celllabelposition="Left" columns="1" labelwidth="115" visible="false" ordinalvalue="0" solutionaction="Added">
                  <labels>
                    <label description="New Section" languagecode="1033" />
                  </labels>
                  <rows />
                </section>
              </sections>
            </column>
          </columns>
        </tab>
        <tab name="documents_sharepoint" id="{1960CA58-ED7E-4E66-A9CB-7566856DC3ED}" IsUserDefined="0" locklevel="0" showlabel="true" expanded="true" ordinalvalue="6" solutionaction="Modified">
          <columns>
            <column width="100%" id="0">
              <sections>
                <section name="documents_sharepoint_section" showlabel="false" showbar="false" locklevel="0" id="{BE5AE9F3-1B88-494F-9EA0-923274F96BCE}" IsUserDefined="0" layout="varwidth" columns="1" ordinalvalue="0">
                  <rows>
                    <row>
                      <cell id="{CA6A9D43-D8BF-41C4-B8F8-DA2D748E20EB}" showlabel="false" colspan="1" auto="false" rowspan="7" ordinalvalue="10000">
                        <control id="DocumentsSubGrid" classid="{E7A81278-8635-4d9e-8D4D-59480B391C5B}" indicationOfSubgrid="true" uniqueid="{9F15AEB7-2A4B-4D3B-90B5-6543C2049E9E}">
                          <parameters>
                            <ViewId solutionaction="Modified">{A5B008AC-07D9-4554-8509-2C05767BFF51}</ViewId>
                            <EnableViewPicker solutionaction="Modified">false</EnableViewPicker>
                            <ViewIds solutionaction="Modified">{A5B008AC-07D9-4554-8509-2C05767BFF51}</ViewIds>
                          </parameters>
                        </control>
                      </cell>
                    </row>
                  </rows>
                </section>
              </sections>
            </column>
          </columns>
        </tab>
        <tab name="relatives_tab" id="21a10bda-c739-4aee-ba3c-47dcee752aa8" IsUserDefined="0" locklevel="0" showlabel="true" ordinalvalue="2" solutionaction="Added">
          <labels>
            <label description="Relatives" languagecode="1033" />
          </labels>
          <columns>
            <column width="100%" id="0">
              <sections>
                <section name="relatives_tab_section" id="bf2fd4d6-dd47-4651-937f-f0ef4a3307ff" IsUserDefined="0" locklevel="0" showlabel="false" showbar="false" layout="varwidth" celllabelalignment="Left" celllabelposition="Left" columns="1" labelwidth="115" ordinalvalue="0">
                  <labels>
                    <label description="Relatives" languagecode="1033" />
                  </labels>
                  <rows>
                    <row>
                      <cell showlabel="true" locklevel="0" id="{56dc383d-e02b-4d7c-b89b-c8d901553f2e}" rowspan="1" colspan="1" ordinalvalue="10000">
                        <labels>
                          <label description="Relatives (Employees of Pathway For Care Ltd)" languagecode="1033" />
                        </labels>
                        <control id="relatives_subgrid" classid="{E7A81278-8635-4D9E-8D4D-59480B391C5B}" indicationOfSubgrid="true">
                          <parameters>
                            <TargetEntityType>pfc_relatives</TargetEntityType>
                            <ViewId>{39F8A80F-DA53-479C-9743-BD2968EBC212}</ViewId>
                            <ViewIds>{39F8A80F-DA53-479C-9743-BD2968EBC212}</ViewIds>
                            <EnableViewPicker>false</EnableViewPicker>
                            <RelationshipName>pfc_relatives_applicant</RelationshipName>
                          </parameters>
                        </control>
                      </cell>
                    </row>
                  </rows>
                </section>
              </sections>
            </column>
          </columns>
        </tab>
        <tab name="education_tab" id="de353179-db21-4bc5-998c-de3dd232f534" IsUserDefined="0" locklevel="0" showlabel="true" ordinalvalue="3" solutionaction="Added">
          <labels>
            <label description="Education &amp; Training" languagecode="1033" />
          </labels>
          <columns>
            <column width="100%" id="0">
              <sections>
                <section name="education_tab" id="23373c17-48bf-4124-9e08-99988c9bcbab" IsUserDefined="0" locklevel="0" showlabel="false" showbar="false" layout="varwidth" celllabelalignment="Left" celllabelposition="Left" columns="1" labelwidth="115" ordinalvalue="0">
                  <labels>
                    <label description="Education" languagecode="1033" />
                  </labels>
                  <rows>
                    <row>
                      <cell showlabel="true" locklevel="0" id="{174a2c48-beb9-4adb-8a48-da86e4303233}" rowspan="1" colspan="1" ordinalvalue="10000">
                        <labels>
                          <label description="Education &amp; Training" languagecode="1033" />
                        </labels>
                        <control id="education_subgrid" classid="{E7A81278-8635-4D9E-8D4D-59480B391C5B}" indicationOfSubgrid="true">
                          <parameters>
                            <TargetEntityType>pfc_educationandtraining</TargetEntityType>
                            <ViewId>{CF727F31-4591-4DC5-B0AE-EC07A5EB1A5E}</ViewId>
                            <ViewIds>{CF727F31-4591-4DC5-B0AE-EC07A5EB1A5E}</ViewIds>
                            <EnableViewPicker>false</EnableViewPicker>
                            <RelationshipName>pfc_education_applicant</RelationshipName>
                          </parameters>
                        </control>
                      </cell>
                    </row>
                  </rows>
                </section>
              </sections>
            </column>
          </columns>
        </tab>
        <tab name="employment_tab" id="5369dc12-b2f5-473d-8931-418d6f2829f1" IsUserDefined="0" locklevel="0" showlabel="true" ordinalvalue="4" solutionaction="Added">
          <labels>
            <label description="Employment History" languagecode="1033" />
          </labels>
          <columns>
            <column width="100%" id="0">
              <sections>
                <section name="employment_tab_section" id="ccb65abd-7ec0-465f-8506-5fb76d31cf8e" IsUserDefined="0" locklevel="0" showlabel="false" showbar="false" layout="varwidth" celllabelalignment="Left" celllabelposition="Left" columns="1" labelwidth="115" ordinalvalue="0">
                  <labels>
                    <label description="Employment" languagecode="1033" />
                  </labels>
                  <rows>
                    <row>
                      <cell showlabel="true" locklevel="0" id="{83942835-02ea-4809-887a-cb46ce5b0f77}" rowspan="1" colspan="1" ordinalvalue="10000">
                        <labels>
                          <label description="Employment History" languagecode="1033" />
                        </labels>
                        <control id="employment_subgrid" classid="{E7A81278-8635-4D9E-8D4D-59480B391C5B}" indicationOfSubgrid="true">
                          <parameters>
                            <TargetEntityType>pfc_employmenthistory</TargetEntityType>
                            <ViewId>{F341AA07-F350-4647-9F04-290DF88B177A}</ViewId>
                            <ViewIds>{F341AA07-F350-4647-9F04-290DF88B177A}</ViewIds>
                            <EnableViewPicker>false</EnableViewPicker>
                            <RelationshipName>pfc_employmenthistory_applicant</RelationshipName>
                          </parameters>
                        </control>
                      </cell>
                    </row>
                  </rows>
                </section>
              </sections>
            </column>
          </columns>
        </tab>
        <tab name="referees_tab" id="425a150f-47a8-48e9-a895-51ddcaf7554e" IsUserDefined="0" locklevel="0" showlabel="true" ordinalvalue="5" solutionaction="Added">
          <labels>
            <label description="Referees" languagecode="1033" />
          </labels>
          <columns>
            <column width="100%" id="0">
              <sections>
                <section name="referees_tab_section" id="1512bfd1-a5e9-416e-935f-b7fb23094f30" IsUserDefined="0" locklevel="0" showlabel="false" showbar="false" layout="varwidth" celllabelalignment="Left" celllabelposition="Left" columns="1" labelwidth="115" ordinalvalue="0">
                  <labels>
                    <label description="Referees" languagecode="1033" />
                  </labels>
                  <rows>
                    <row>
                      <cell showlabel="true" locklevel="0" id="{884032ed-7f51-49f1-a894-2e0ec8d0e47f}" rowspan="1" colspan="1" ordinalvalue="10000">
                        <labels>
                          <label description="Referees (Max 2)" languagecode="1033" />
                        </labels>
                        <control id="referees_subgrid" classid="{E7A81278-8635-4D9E-8D4D-59480B391C5B}" indicationOfSubgrid="true">
                          <parameters>
                            <TargetEntityType>contact</TargetEntityType>
                            <ViewId>{0650F382-93D1-EA11-A813-002248005E55}</ViewId>
                            <ViewIds>{00000000-0000-0000-00AA-000010001003},{0650F382-93D1-EA11-A813-002248005E55}</ViewIds>
                            <EnableViewPicker>false</EnableViewPicker>
                            <RelationshipName>contact_customer_contacts</RelationshipName>
                          </parameters>
                        </control>
                      </cell>
                    </row>
                  </rows>
                </section>
              </sections>
            </column>
          </columns>
        </tab>
      </tabs>
      <header id="{3ff9aa06-4e43-41ce-afa9-22a038af5c19}" celllabelposition="Top" columns="1" labelwidth="115">
        <rows>
          <row>
            <cell id="{24be01cc-16a6-8eea-8916-42d20a1097ae}" showlabel="true" locklevel="1" ordinalvalue="10000">
              <labels>
                <label description="Owner" languagecode="1033" solutionaction="Added" />
              </labels>
            </cell>
          </row>
        </rows>
      </header>
      <events>
        <event name="onload" application="true" active="true">
          <Handlers>
            <Handler functionName="switchForm" libraryName="pfc_switchform" handlerUniqueId="{e3ae4b14-b234-7864-104a-43e7d9e09dc6}" enabled="true" parameters="" passExecutionContext="true" ordinalvalue="2" solutionaction="Added" />
          </Handlers>
        </event>
      </events>
      <DisplayConditions FallbackForm="true" Order="5" solutionaction="Modified">
        <Everyone solutionaction="Removed" />
        <Role Id="{1C5F6EA8-874E-EB11-A812-000D3A870884}" solutionaction="Added" />
        <Role Id="{627090ff-40a3-4053-8790-584edc5be201}" solutionaction="Added" />
        <Role Id="{119f245c-3cc8-4b62-b31c-d1a046ced15d}" solutionaction="Added" />
      </DisplayConditions>
      <formLibraries>
        <Library name="pfc_switchform" libraryUniqueId="{4874568b-52e5-01d5-a8e5-4449a816deab}" solutionaction="Added" />
      </formLibraries>
      <footer id="{5fe4d720-bd7e-4dc5-a7aa-e019230967dd}" celllabelposition="Top" columns="111" labelwidth="115" celllabelalignment="Left" solutionaction="Added">
        <rows />
      </footer>
    </form>
    <LocalizedNames>
      <LocalizedName description="Applicant Main Form" languagecode="1033" />
    </LocalizedNames>
    <Descriptions>
      <Description description="Updated default Contact form." languagecode="1033" />
    </Descriptions>
  </systemform>
</forms>