﻿<?xml version="1.0" encoding="utf-8"?>
<forms xmlns:xsi="http://www.w3.org/2001/XMLSchema-instance">
  <systemform>
    <formid>{3fb651a5-cdbf-46c9-87fb-d2c748662bb8}</formid>
    <IntroducedVersion>1.0.0021</IntroducedVersion>
    <FormPresentation>0</FormPresentation>
    <FormActivationState>1</FormActivationState>
    <form shownavigationbar="true" showImage="false" maxWidth="1900" headerdensity="HighWithControls" solutionaction="Modified">
      <tabs>
        <tab name="general" verticallayout="true" id="{9748ec98-3746-40cc-83bf-d15c7363166f}" IsUserDefined="0" labelid="{de42e045-5080-4e01-b6cc-6ff5bec7c75e}" ordinalvalue="0">
          <columns>
            <column width="100%" id="0">
              <sections>
                <section name="name" showlabel="false" showbar="false" id="{90b0776f-2977-4695-9cd4-73bb6c820f88}" IsUserDefined="0" labelid="{9dd78db7-5a75-4bae-91ef-043ba9760dc9}" ordinalvalue="0">
                  <rows>
                    <row>
                      <cell id="{90317617-38db-4734-aef8-4bb4e8cb9012}" labelid="{e6b842f6-eada-4823-91b9-8d2a225a531e}" ordinalvalue="10000">
                        <labels>
                          <label description="Salutation" languagecode="1033" solutionaction="Added" />
                        </labels>
                      </cell>
                      <cell id="{f3eec8ff-7b5a-43af-92c4-1a41adaf4b50}" labelid="{a96c0af8-3a3f-486e-9841-6d501e25d366}" ordinalvalue="20001">
                        <labels>
                          <label description="Business Phone" languagecode="1033" solutionaction="Added" />
                        </labels>
                      </cell>
                    </row>
                    <row>
                      <cell id="{478c8803-2686-4d10-8cf0-e6e5b3b6007f}" labelid="{835dda3a-6110-4b48-a9ae-278922749cd6}" ordinalvalue="10002">
                        <labels>
                          <label description="First Name" languagecode="1033" solutionaction="Added" />
                        </labels>
                      </cell>
                      <cell id="{0304f83d-bb05-4e72-bf12-c9bfa8a8e152}" labelid="{4a0fbab6-62b0-40a5-8e94-a96e59779f83}" ordinalvalue="20003">
                        <labels>
                          <label description="Home Phone" languagecode="1033" solutionaction="Added" />
                        </labels>
                      </cell>
                    </row>
                    <row>
                      <cell id="{8097efd5-8af7-4944-b7a5-42ece196e23d}" labelid="{4dba9970-c44c-444e-b37d-39b1c7dacded}" ordinalvalue="10004">
                        <labels>
                          <label description="Middle Name" languagecode="1033" solutionaction="Added" />
                        </labels>
                      </cell>
                      <cell id="{70d9cd8f-142b-4a88-bf82-4d2bc2972140}" labelid="{18dccf3c-17bb-4665-aaca-ff186dd185e3}" ordinalvalue="20005">
                        <labels>
                          <label description="Mobile Phone" languagecode="1033" solutionaction="Added" />
                        </labels>
                      </cell>
                    </row>
                    <row>
                      <cell id="{4fde05d9-89b1-4acf-a98f-13159f1bdcc8}" labelid="{b928d117-014d-4aca-8796-4d83ef08922e}" ordinalvalue="10006">
                        <labels>
                          <label description="Last Name" languagecode="1033" solutionaction="Added" />
                        </labels>
                      </cell>
                      <cell id="{068c2954-dfdf-4d68-a9da-f70e3feb3e63}" labelid="{2a82bc2c-92d6-4bc8-9244-c8c6201d3009}" ordinalvalue="20007">
                        <labels>
                          <label description="Fax" languagecode="1033" solutionaction="Added" />
                        </labels>
                      </cell>
                    </row>
                    <row>
                      <cell id="{921eaba2-6044-405e-8354-c3c5dbe3e97f}" labelid="{f9bbcb68-0770-4c6f-b1bc-211445a976cd}" ordinalvalue="10008">
                        <labels>
                          <label description="Job Title" languagecode="1033" solutionaction="Added" />
                        </labels>
                      </cell>
                      <cell id="{38d7b950-436b-412f-a71b-ae4187e60c14}" labelid="{1b7e56fa-35b1-44a9-9931-9826664f346e}" ordinalvalue="20009">
                        <labels>
                          <label description="Email" languagecode="1033" solutionaction="Added" />
                        </labels>
                      </cell>
                    </row>
                    <row>
                      <cell auto="false" showlabel="true" locklevel="0" rowspan="1" colspan="1" id="{1afed90e-5ba2-4868-b33f-e4ffe086596b}" labelid="{0972c855-ab0a-4712-8af7-24ac9cec773b}" ordinalvalue="10010" solutionaction="Removed" />
                      <cell id="{d5e8cd77-5d61-9c44-3343-1c8ba63e777c}" showlabel="true" locklevel="0" ordinalvalue="20011">
                        <labels>
                          <label description="Time Zone" languagecode="1033" solutionaction="Added" />
                        </labels>
                      </cell>
                    </row>
                    <row>
                      <cell id="{027ac3a5-7a79-47fa-ac89-e5cbdf9a59a9}" locklevel="0" ordinalvalue="10010" solutionaction="Added">
                        <labels>
                          <label description="Facebook Applicant" languagecode="1033" />
                        </labels>
                        <control id="pfc_facebookapplicant" classid="{F9A8A302-114E-466A-B582-6771B2AE0D92}" datafieldname="pfc_facebookapplicant" disabled="false" uniqueid="{a5fd562e-0444-4a34-9f91-e57bb5eecfaf}" />
                      </cell>
                    </row>
                  </rows>
                </section>
                <section name="description" showlabel="true" showbar="true" id="{e165b345-b7ce-4c73-a508-0f42cbf6dd53}" IsUserDefined="0" height="auto" labelid="{548eb5c1-66d0-412c-b67f-ad69a8310ae7}" ordinalvalue="3">
                  <rows>
                    <row>
                      <cell colspan="2" showlabel="false" rowspan="5" auto="true" id="{c0a08372-d225-411f-87e4-14554329507a}" labelid="{284238f4-a618-4c2d-b194-a12c19c11e14}" ordinalvalue="10000">
                        <labels>
                          <label description="Description" languagecode="1033" solutionaction="Added" />
                        </labels>
                      </cell>
                    </row>
                  </rows>
                </section>
              </sections>
            </column>
          </columns>
        </tab>
        <tab name="details" id="{cafbf41a-42bf-4665-8562-1e37017eba69}" IsUserDefined="0" labelid="{5601fb47-ac1c-4f7a-a5a9-728c4e55f02c}" ordinalvalue="1">
          <columns>
            <column width="100%" id="0">
              <sections>
                <section name="professional information" showlabel="true" showbar="true" id="{a778d498-3bf2-4c33-85e2-7730d8ae126b}" IsUserDefined="0" labelid="{672bad16-e299-4051-923e-295392df7ce3}" ordinalvalue="0">
                  <rows>
                    <row>
                      <cell id="{c21cf98d-7d3a-4e4c-815c-5fd6de4b89d7}" labelid="{360bf5f7-aafd-4883-9efa-a322026b0e94}" ordinalvalue="10000">
                        <labels>
                          <label description="Department" languagecode="1033" solutionaction="Added" />
                        </labels>
                      </cell>
                      <cell id="{c545928a-8081-4b80-a21e-8a3c405dd0b0}" labelid="{e46811b1-475b-4df3-ac91-7d7b0efa1e26}" ordinalvalue="20001">
                        <labels>
                          <label description="Role" languagecode="1033" solutionaction="Added" />
                        </labels>
                      </cell>
                    </row>
                    <row>
                      <cell id="{452ca48e-8c7b-4a96-81f7-387d0c9b033c}" labelid="{cab5bf6d-3529-49b6-b9f5-a30b1c3a7e93}" ordinalvalue="10002">
                        <labels>
                          <label description="Manager" languagecode="1033" solutionaction="Added" />
                        </labels>
                      </cell>
                      <cell id="{80128d81-f664-47c0-b348-d176679224b9}" labelid="{c978f097-c99e-4418-ae4b-741fb3968f9a}" ordinalvalue="20003">
                        <labels>
                          <label description="Assistant" languagecode="1033" solutionaction="Added" />
                        </labels>
                      </cell>
                    </row>
                    <row>
                      <cell id="{d336a999-cdf1-4109-bcbe-db27ec0b7e72}" labelid="{fbe69543-0ffa-4dd8-a432-fb9a99065f93}" ordinalvalue="10004">
                        <labels>
                          <label description="Manager Phone" languagecode="1033" solutionaction="Added" />
                        </labels>
                      </cell>
                      <cell id="{cb2ae5b6-2919-439e-ab41-327d880272a8}" labelid="{738d98ac-dc82-40eb-bc5c-8f522549e3de}" ordinalvalue="20005">
                        <labels>
                          <label description="Assistant Phone" languagecode="1033" solutionaction="Added" />
                        </labels>
                      </cell>
                    </row>
                  </rows>
                </section>
                <section name="personal information" showlabel="true" showbar="true" id="{518cc50e-1350-4b4b-a056-fc3c0e7d36d7}" IsUserDefined="0" labelid="{6546f313-8469-4953-92c3-893455640cad}" ordinalvalue="1">
                  <rows>
                    <row>
                      <cell id="{9748b178-14ab-49af-8985-c02de8892720}" labelid="{7ff16c42-574c-457c-b23e-0fbf3871304a}" ordinalvalue="10000">
                        <labels>
                          <label description="Gender" languagecode="1033" solutionaction="Added" />
                        </labels>
                      </cell>
                      <cell id="{b2adc634-723e-4e87-b8f1-b62e3cf1fad1}" labelid="{c4881258-d98b-43bc-9fe4-d0935b867a9b}" ordinalvalue="20001">
                        <labels>
                          <label description="Birthday" languagecode="1033" solutionaction="Added" />
                        </labels>
                      </cell>
                    </row>
                    <row>
                      <cell id="{acac3dbc-a956-459f-9dba-8c3f5ce3777a}" labelid="{e1790a88-f371-4b4c-8b3a-5ce3ce38c620}" ordinalvalue="10002">
                        <labels>
                          <label description="Marital Status" languagecode="1033" solutionaction="Added" />
                        </labels>
                      </cell>
                      <cell id="{4435fdd5-a586-436e-882c-58b516484ae1}" labelid="{c37a2518-64a8-4763-99cf-455d15f40d3b}" ordinalvalue="20003">
                        <labels>
                          <label description="Anniversary" languagecode="1033" solutionaction="Added" />
                        </labels>
                      </cell>
                    </row>
                    <row>
                      <cell id="{4bd24018-9343-41e8-b119-66c87186ef1c}" labelid="{ecf89f5d-94e3-4015-b432-6e094a73b649}" ordinalvalue="10004">
                        <labels>
                          <label description="Spouse/Partner Name" languagecode="1033" solutionaction="Added" />
                        </labels>
                      </cell>
                    </row>
                  </rows>
                </section>
              </sections>
            </column>
          </columns>
        </tab>
        <tab name="web authentication" id="{60236330-7d03-8659-aa6c-da1ecc4b8b40}" IsUserDefined="0" locklevel="0" showlabel="true" expanded="true" ordinalvalue="2">
          <columns>
            <column width="100%" id="0">
              <sections>
                <section name="{f0ef7388-9001-dd11-86da-0003ff48c0db}_section_4" showlabel="true" showbar="true" locklevel="0" id="{6c59b738-b748-5d0c-1952-3c44c80b2c54}" IsUserDefined="0" layout="varwidth" columns="11" labelwidth="140" celllabelalignment="Left" celllabelposition="Left" ordinalvalue="0">
                  <rows>
                    <row>
                      <cell id="{23a6d152-5e98-3932-2916-59c232ae7eed}" showlabel="true" locklevel="0" ordinalvalue="20001">
                        <labels>
                          <label description="Login Enabled" languagecode="1033" solutionaction="Added" />
                        </labels>
                      </cell>
                    </row>
                    <row>
                      <cell id="{61d1e582-b2ea-8871-194b-bb05ce302ddd}" showlabel="true" locklevel="0" ordinalvalue="10002">
                        <labels>
                          <label description="Email Confirmed" languagecode="1033" solutionaction="Added" />
                        </labels>
                      </cell>
                      <cell id="{b22a1db8-48d3-2cbb-3191-ab57375320bd}" showlabel="true" locklevel="0" ordinalvalue="20003">
                        <labels>
                          <label description="Lockout Enabled" languagecode="1033" solutionaction="Added" />
                        </labels>
                      </cell>
                    </row>
                    <row>
                      <cell id="{bab0ad92-7a10-ede3-e746-a2c445d481cb}" showlabel="true" locklevel="0" ordinalvalue="10004">
                        <labels>
                          <label description="Mobile Phone Confirmed" languagecode="1033" solutionaction="Added" />
                        </labels>
                      </cell>
                      <cell id="{029aae09-b903-6875-3324-c2a1b2dd2015}" showlabel="true" locklevel="0" ordinalvalue="20005">
                        <labels>
                          <label description="Lockout End Date" languagecode="1033" solutionaction="Added" />
                        </labels>
                      </cell>
                    </row>
                    <row>
                      <cell id="{b96b2925-8cb1-213d-94c9-d68c0a2c4d91}" showlabel="true" locklevel="0" ordinalvalue="10006">
                        <labels>
                          <label description="Two Factor Enabled" languagecode="1033" solutionaction="Added" />
                        </labels>
                      </cell>
                      <cell id="{bb3b7c4e-c4e4-162c-42e4-28eeb2716d46}" showlabel="true" locklevel="0" ordinalvalue="20007">
                        <labels>
                          <label description="Access Failed Count" languagecode="1033" solutionaction="Added" />
                        </labels>
                      </cell>
                    </row>
                    <row>
                      <cell id="{cc7097e6-c10d-611a-6b91-1c4148aa2939}" showlabel="true" locklevel="0" ordinalvalue="10008">
                        <labels>
                          <label description="Security Stamp" languagecode="1033" solutionaction="Added" />
                        </labels>
                      </cell>
                      <cell id="{970c2c61-0134-441a-900a-742745a04cc4}" showlabel="true" locklevel="0" ordinalvalue="20009">
                        <labels>
                          <label description="Local Login Disabled" languagecode="1033" solutionaction="Added" />
                        </labels>
                      </cell>
                    </row>
                  </rows>
                </section>
                <section name="{f0ef7388-9001-dd11-86da-0003ff48c0db}_section_5" showlabel="true" showbar="true" locklevel="0" id="{2a60636e-3660-26b7-7b33-390adb4247d3}" IsUserDefined="0" layout="varwidth" columns="1" labelwidth="115" celllabelalignment="Left" celllabelposition="Left" ordinalvalue="1">
                  <rows>
                    <row>
                      <cell id="{9dd453ac-0d57-058c-e345-579205905127}" showlabel="false" colspan="1" auto="false" rowspan="6" ordinalvalue="10000">
                        <labels>
                          <label description="External Identities" languagecode="1033" solutionaction="Added" />
                        </labels>
                        <control id="adx_externalidentity" classid="{E7A81278-8635-4d9e-8D4D-59480B391C5B}">
                          <parameters>
                            <VisualizationId />
                          </parameters>
                        </control>
                      </cell>
                    </row>
                  </rows>
                </section>
              </sections>
            </column>
          </columns>
        </tab>
        <tab name="notes and activities" id="{A6C643C6-E98F-4738-812F-0B7F7FFC80F7}" IsUserDefined="0" expanded="false" labelid="{bdd8195f-8781-4589-a337-f7beae49fbbb}" ordinalvalue="3">
          <columns>
            <column width="100%" id="0">
              <sections>
                <section name="activities" showlabel="true" showbar="true" id="{f5e95813-3c0a-4385-b2a8-5d88c9edfaf9}" IsUserDefined="0" height="auto" labelid="{598c90d4-7a0b-4edd-b985-aea3da7c00d6}" ordinalvalue="0">
                  <rows>
                    <row>
                      <cell id="{98af12b2-d2af-46c6-9bdf-9bc25684abd4}" showlabel="false" colspan="2" auto="true" rowspan="7" labelid="{83ad3b1d-7df2-4171-a28a-cadcc0fedac0}" ordinalvalue="10000">
                        <labels>
                          <label description="External Identities" languagecode="1033" solutionaction="Added" />
                        </labels>
                      </cell>
                    </row>
                  </rows>
                </section>
              </sections>
            </column>
          </columns>
        </tab>
        <tab name="administration" id="{0dd7233e-247b-4eef-a71b-0185da6d16ad}" IsUserDefined="0" labelid="{4f9b5955-5a8a-4646-bd32-2f1e6d843637}" ordinalvalue="4">
          <columns>
            <column width="100%" id="0">
              <sections>
                <section name="internal information" showlabel="false" showbar="false" id="{c3e86ffb-2b8b-4c56-877f-67bdaa5a7363}" IsUserDefined="0" labelid="{e2b305bf-7465-45fc-9ccd-50637eb7ffc0}" ordinalvalue="0">
                  <rows>
                    <row>
                      <cell id="{2329843a-6ab4-4431-8a2b-101f3272e104}" labelid="{12e3092b-f4ad-40af-8562-97afe6eb6066}" ordinalvalue="10000">
                        <labels>
                          <label description="Owner" languagecode="1033" solutionaction="Added" />
                        </labels>
                      </cell>
                    </row>
                  </rows>
                </section>
                <section name="billing information" showlabel="true" showbar="true" id="{0738bc1c-9226-486d-9258-9b6fc75cbaa7}" IsUserDefined="0" labelid="{2b44a3ee-e962-4689-8470-4ef5419b4459}" ordinalvalue="1">
                  <rows>
                    <row>
                      <cell id="{d9a0c6e4-2016-48cd-b0c1-a6a03e9d47c6}" labelid="{c01954f4-da0e-4361-9ae0-5f4c94e41518}" ordinalvalue="10000">
                        <labels>
                          <label description="Currency" languagecode="1033" solutionaction="Added" />
                        </labels>
                      </cell>
                      <cell id="{cf9708ff-df37-4fda-86c3-79896dbeaa2c}" labelid="{dda6bb83-4a82-4f5c-b185-82ffa644c687}" ordinalvalue="20001">
                        <labels>
                          <label description="Payment Terms" languagecode="1033" solutionaction="Added" />
                        </labels>
                      </cell>
                    </row>
                    <row>
                      <cell id="{200a7ca9-4a7e-4462-8f22-9a13ce27bd46}" labelid="{3b4f4634-5e1e-4fbf-8613-b3fda5dca55d}" ordinalvalue="10002">
                        <labels>
                          <label description="Credit Limit" languagecode="1033" solutionaction="Added" />
                        </labels>
                      </cell>
                    </row>
                    <row>
                      <cell id="{86ed48db-8fdc-4880-aa78-1532af6060ee}" labelid="{b33ca2a2-2b01-4daf-a523-e6b624f5befc}" ordinalvalue="10004">
                        <labels>
                          <label description="Credit Hold" languagecode="1033" solutionaction="Added" />
                        </labels>
                      </cell>
                    </row>
                  </rows>
                </section>
                <section name="marketing information" showlabel="true" showbar="true" locklevel="0" id="{137f7111-6a68-49ec-bf7e-608e65cb9c45}" IsUserDefined="0" layout="varheight" columns="11" labelid="{ca4535b5-3100-40ee-be41-6c81eaa3bb1e}" ordinalvalue="3">
                  <rows>
                    <row>
                      <cell id="{5aa3e6b4-439c-4220-84f6-34165bbc5899}" labelid="{5ad8f401-3f0f-4d32-bbf0-474b31dab885}" ordinalvalue="10000">
                        <labels>
                          <label description="Originating Lead" languagecode="1033" solutionaction="Added" />
                        </labels>
                      </cell>
                      <cell auto="false" showlabel="true" locklevel="0" rowspan="1" colspan="1" id="{af160f54-cea1-45fb-bcc2-1d177d9c6fe9}" labelid="{a48a045e-9e6e-4be4-84ad-f4b00390925a}" ordinalvalue="20001">
                        <labels>
                          <label description="Last Date Included in Campaign" languagecode="1033" solutionaction="Added" />
                        </labels>
                      </cell>
                    </row>
                    <row>
                      <cell auto="false" showlabel="true" locklevel="0" rowspan="1" colspan="1" id="{8615167e-21fe-4aa0-9eb2-5f69e6e4408a}" labelid="{92296c8d-7358-4152-80af-f4f55ad6331d}" ordinalvalue="10002">
                        <labels>
                          <label description="Send Marketing Materials" languagecode="1033" solutionaction="Added" />
                        </labels>
                      </cell>
                    </row>
                  </rows>
                </section>
                <section name="service preferences" showlabel="true" showbar="true" id="{12ea1501-295d-423d-acf9-5a1257746c83}" IsUserDefined="0" labelid="{21a3ef85-f823-490f-83ff-79b3158e02d2}" ordinalvalue="4">
                  <rows>
                    <row>
                      <cell id="{150fe3ca-65fc-4c67-9797-80bd66a9b3bc}" labelid="{e6058686-8363-4fce-b6b3-22833f72e5f3}" ordinalvalue="10000">
                        <labels>
                          <label description="Preferred Day" languagecode="1033" solutionaction="Added" />
                        </labels>
                      </cell>
                      <cell id="{21d5ede7-b984-4a16-8464-831dbc83ea15}" labelid="{e1128307-b5ba-4c80-857d-9d8d18674e15}" ordinalvalue="20001">
                        <labels>
                          <label description="Preferred Facility/Equipment" languagecode="1033" solutionaction="Added" />
                        </labels>
                      </cell>
                    </row>
                    <row>
                      <cell id="{93aa5433-f813-45a0-8e60-88c4940f0d99}" labelid="{094690fb-a4a6-43f2-800c-da7e02eea3b4}" ordinalvalue="10002">
                        <labels>
                          <label description="Preferred Time" languagecode="1033" solutionaction="Added" />
                        </labels>
                      </cell>
                      <cell id="{e7c37018-e855-4745-9e6b-1ad431651ca0}" labelid="{0dac0c4c-bfec-4902-bda0-e45d63d7a611}" ordinalvalue="20003">
                        <labels>
                          <label description="Preferred User" languagecode="1033" solutionaction="Added" />
                        </labels>
                      </cell>
                    </row>
                    <row>
                      <cell id="{48e78793-a270-4cea-b252-525d3fc20923}" labelid="{54bec0e6-61e9-4680-850c-f43b0462a885}" ordinalvalue="10004">
                        <labels>
                          <label description="Preferred Service" languagecode="1033" solutionaction="Added" />
                        </labels>
                      </cell>
                    </row>
                  </rows>
                </section>
              </sections>
            </column>
          </columns>
        </tab>
      </tabs>
      <header id="{59314f22-396d-45d8-baef-75b09c8dd512}" celllabelposition="Top">
        <rows>
          <row>
            <cell id="{b0074c9c-4bdb-9521-0b2a-468199980643}" labelid="{28ab435a-4d53-43d5-bd9c-5cd685af66f1}" ordinalvalue="10000">
              <labels>
                <label description="Email" languagecode="1033" solutionaction="Added" />
              </labels>
            </cell>
            <cell id="{9c4cd12a-3da3-d3cc-b902-6ee03bd43729}" labelid="{5187f139-8ecf-42b6-8914-88494bdf7a43}" ordinalvalue="20001">
              <labels>
                <label description="Preferred Method of Contact" languagecode="1033" solutionaction="Added" />
              </labels>
            </cell>
            <cell id="{6eb10c6b-c25e-a2ea-b4c1-b3d4a075d081}" labelid="{ea9554bd-d60e-4474-a15b-5dcef6b0de39}" ordinalvalue="30002">
              <labels>
                <label description="Owner" languagecode="1033" solutionaction="Added" />
              </labels>
            </cell>
          </row>
        </rows>
      </header>
      <footer id="{1d059e53-e20d-40bf-9ce9-5a24aa24596c}">
        <rows>
          <row>
            <cell id="{2fd4a9dc-42af-4f52-a840-7ceea09a71bd}" labelid="{3b71b975-470d-45c5-9180-eb42e6578129}" ordinalvalue="10000">
              <labels>
                <label description="Status" languagecode="1033" solutionaction="Added" />
              </labels>
            </cell>
          </row>
        </rows>
      </footer>
      <DisplayConditions Order="9" solutionaction="Modified">
        <Role Id="{627090ff-40a3-4053-8790-584edc5be201}" solutionaction="Modified" />
        <Role Id="{119f245c-3cc8-4b62-b31c-d1a046ced15d}" solutionaction="Modified" />
      </DisplayConditions>
      <controlDescriptions solutionaction="Added">
        <controlDescription forControl="{a5fd562e-0444-4a34-9f91-e57bb5eecfaf}">
          <customControl id="{67FAC785-CD58-4F9F-ABB3-4B7DDC6ED5ED}">
            <parameters>
              <datafieldname>pfc_facebookapplicant</datafieldname>
            </parameters>
          </customControl>
          <customControl formFactor="0" name="MscrmControls.FieldControls.ToggleControl">
            <parameters>
              <value>pfc_facebookapplicant</value>
            </parameters>
          </customControl>
          <customControl formFactor="2" name="MscrmControls.FieldControls.ToggleControl">
            <parameters>
              <value>pfc_facebookapplicant</value>
            </parameters>
          </customControl>
          <customControl formFactor="1" name="MscrmControls.FieldControls.ToggleControl">
            <parameters>
              <value>pfc_facebookapplicant</value>
            </parameters>
          </customControl>
        </controlDescription>
      </controlDescriptions>
    </form>
    <LocalizedNames>
      <LocalizedName description="Portal Contact" languagecode="1033" />
    </LocalizedNames>
    <Descriptions>
      <Description description="A form for this entity." languagecode="1033" />
    </Descriptions>
  </systemform>
</forms>