﻿<?xml version="1.0" encoding="utf-8"?>
<forms xmlns:xsi="http://www.w3.org/2001/XMLSchema-instance">
  <systemform>
    <formid>{4be0293f-6877-eb11-a812-0022481a6366}</formid>
    <IntroducedVersion>1.0.0.187</IntroducedVersion>
    <FormPresentation>1</FormPresentation>
    <FormActivationState>1</FormActivationState>
    <form showImage="true" headerdensity="HighWithControls" shownavigationbar="true" maxWidth="1920">
      <ancestor id="{1fed44d1-ae68-4a41-bd2b-f13acac4acfa}" />
      <hiddencontrols>
        <data id="fullname" datafieldname="fullname" classid="{5546E6CD-394C-4bee-94A8-4425E17EF6C6}" />
        <data id="address1_addressid" datafieldname="address1_addressid" classid="{5546E6CD-394C-4bee-94A8-4425E17EF6C6}" />
        <data id="address2_addressid" datafieldname="address2_addressid" classid="{5546E6CD-394C-4bee-94A8-4425E17EF6C6}" />
      </hiddencontrols>
      <tabs>
        <tab name="SUMMARY_TAB" id="{15bb2d4b-71da-74ea-3c5b-e497d78a55a2}" IsUserDefined="0" showlabel="true" expanded="true" labelid="{caa7b5b1-058a-4460-8cb2-1ee480f7ba33}">
          <labels>
            <label description="Summary" languagecode="1033" />
          </labels>
          <columns>
            <column width="33%">
              <sections>
                <section name="CONTACT_INFORMATION" showlabel="true" showbar="false" id="{9d943649-0387-1882-caa1-36de40d5a86c}" IsUserDefined="0" layout="varwidth" columns="1" labelwidth="115" celllabelposition="Left" labelid="{a85d62be-951d-4627-80fe-6deee86e0977}">
                  <labels>
                    <label description="Contact Information" languagecode="1033" />
                  </labels>
                  <rows>
                    <row>
                      <cell id="{542e581d-cca1-5e40-e6d9-d67a9d1468b4}" showlabel="true" locklevel="0" labelid="{2700191c-84f7-4b0b-a4fe-362bd283b3d1}">
                        <labels>
                          <label description="Full Name" languagecode="1033" />
                        </labels>
                        <control id="fullname" classid="{4273EDBD-AC1D-40d3-9FB2-095C621B552D}" datafieldname="fullname" disabled="false" />
                      </cell>
                    </row>
                    <row>
                      <cell id="{a9665e1e-3900-4c05-8663-91d620408a35}" showlabel="true" locklevel="0" visible="false" labelid="{fd6c1b2e-6102-443c-b9af-2f35e2e1563f}">
                        <labels>
                          <label description="Role" languagecode="1033" />
                        </labels>
                        <control id="accountrolecode" classid="{3EF39988-22BB-4F0B-BBBE-64B5A3748AEE}" datafieldname="accountrolecode" disabled="false" />
                      </cell>
                    </row>
                    <row>
                      <cell id="{cf882e01-b298-4998-9a88-474463ffb94f}" showlabel="true" labelid="{dae2a043-ccfe-433f-b850-20d5e9cbb2c3}">
                        <labels>
                          <label description="Qualified &amp; Registered Nurse" languagecode="1033" />
                        </labels>
                        <control id="pfc_qualifiedregisterednurse" classid="{67FAC785-CD58-4F9F-ABB3-4B7DDC6ED5ED}" datafieldname="pfc_qualifiedregisterednurse" disabled="false" uniqueid="{66b15567-3c69-8635-b7c9-08dd2331a0c6}" />
                      </cell>
                    </row>
                    <row>
                      <cell id="{97402bb4-39ac-4ea3-8d1b-29d2bd492465}" showlabel="true" labelid="{2821634f-786d-4901-aeb1-ccfda0cd4564}">
                        <labels>
                          <label description="PIN No" languagecode="1033" />
                        </labels>
                        <control id="pfc_pinno" classid="{4273EDBD-AC1D-40D3-9FB2-095C621B552D}" datafieldname="pfc_pinno" disabled="false" uniqueid="{4409a5bc-a26d-c8ca-94c3-459ec0e9adbb}" />
                      </cell>
                    </row>
                    <row>
                      <cell id="{df43f044-bebe-4b5d-99da-7420853ccb69}" showlabel="true" labelid="{d0c0e7b6-23a8-437e-8892-37c19f15b6ba}">
                        <labels>
                          <label description="Registration Expiry Date" languagecode="1033" />
                        </labels>
                        <control id="pfc_registrationexpirydate" classid="{5B773807-9FB2-42DB-97C3-7A91EFF8ADFF}" datafieldname="pfc_registrationexpirydate" disabled="false" uniqueid="{649da0d2-c508-8149-cd22-a28a38699812}" />
                      </cell>
                    </row>
                    <row>
                      <cell id="{7d538a97-98eb-b438-72de-57a808b9a308}" showlabel="true" labelid="{014fbdc9-8982-41cc-8a33-2dbdcee5959b}">
                        <labels>
                          <label description="Email" languagecode="1033" />
                        </labels>
                        <control id="emailaddress1" classid="{ADA2203E-B4CD-49be-9DDF-234642B43B52}" datafieldname="emailaddress1" disabled="false" />
                      </cell>
                    </row>
                    <row>
                      <cell id="{215da2d0-2b64-3481-8d2d-16107d4d7e5b}" showlabel="true" labelid="{790e8f4e-c8a8-4bae-a2be-09f493310b40}">
                        <labels>
                          <label description="Home Phone" languagecode="1033" />
                        </labels>
                        <control id="telephone1" classid="{4273EDBD-AC1D-40d3-9FB2-095C621B552D}" datafieldname="telephone1" disabled="false" />
                      </cell>
                    </row>
                    <row>
                      <cell id="{290b48ba-c0cc-7746-6dda-93e240e4cc78}" showlabel="true" labelid="{45f22e92-2d4e-43b5-85d3-9a7292177f87}">
                        <labels>
                          <label description="Mobile Phone" languagecode="1033" />
                        </labels>
                        <control id="mobilephone" classid="{4273EDBD-AC1D-40d3-9FB2-095C621B552D}" datafieldname="mobilephone" disabled="false" />
                      </cell>
                    </row>
                    <row>
                      <cell id="{408dda0b-48a7-c05c-e29a-56a93eb97172}" showlabel="true" labelid="{27db315e-792f-4717-8684-622d044c2e96}">
                        <labels>
                          <label description="Preferred Method of Contact" languagecode="1033" />
                        </labels>
                        <control id="preferredcontactmethodcode" classid="{3EF39988-22BB-4f0b-BBBE-64B5A3748AEE}" datafieldname="preferredcontactmethodcode" disabled="false" />
                      </cell>
                    </row>
                    <row>
                      <cell id="{133d09d6-c374-954a-315b-435e1eeb722c}" showlabel="true" locklevel="0" labelid="{8bee95f9-7100-44e9-ba98-03b97c38c3f3}">
                        <labels>
                          <label description="Address" languagecode="1033" />
                        </labels>
                        <control id="address1_composite" classid="{E0DECE4B-6FC8-4a8f-A065-082708572369}" datafieldname="address1_composite" disabled="false" />
                      </cell>
                    </row>
                  </rows>
                </section>
                <section name="BusinessCard" showlabel="true" locklevel="0" id="{d6928560-988d-56e4-55b6-99aa3c898561}" IsUserDefined="0" layout="varwidth" columns="1" labelwidth="115" celllabelalignment="Left" celllabelposition="Left" visible="false" labelid="{bc178f0b-eec2-47b5-a1c7-efe4511b0b09}">
                  <labels>
                    <label description="Business Card" languagecode="1033" />
                  </labels>
                  <rows>
                    <row>
                      <cell id="{4acc2393-dcac-6588-9258-3d228b26430a}" showlabel="false" locklevel="0" labelid="{6deaf6bb-e831-44c3-ae0d-77ca0c2b6e76}">
                        <labels>
                          <label description="Business Card" languagecode="1033" />
                        </labels>
                        <control id="businesscard" classid="{F9A8A302-114E-466A-B582-6771B2AE0D92}" datafieldname="businesscard" disabled="false" uniqueid="{69d839e7-9935-3a7e-d978-85a1cdb50323}" />
                      </cell>
                    </row>
                  </rows>
                </section>
              </sections>
            </column>
            <column width="42%">
              <sections>
                <section name="SOCIAL_PANE_TAB" showlabel="false" showbar="false" id="{bea579b8-8901-77b0-1128-351760e68bd4}" IsUserDefined="0" layout="varwidth" columns="1" labelwidth="115" celllabelposition="Top" labelid="{d8e0cd9e-7c17-498d-aaaa-c2880b2b94ff}">
                  <labels>
                    <label description="SOCIAL PANE" languagecode="1033" />
                  </labels>
                  <rows>
                    <row>
                      <cell id="{db701364-1d99-369c-c409-11d17878e513}" showlabel="false" rowspan="23" auto="false" colspan="1" labelid="{87fb144d-795e-47af-b3d7-24450f2dc50f}">
                        <labels>
                          <label description="" languagecode="1033" />
                        </labels>
                        <control id="notescontrol" classid="{06375649-C143-495E-A496-C962E5B4488E}" disabled="false">
                          <parameters>
                            <UClientActivities>appointment,email,phonecall,recurringappointmentmaster,socialactivity,task,adx_alertsubscription,adx_inviteredemption,adx_portalcomment</UClientActivities>
                            <UClientDisplayActivityUsing>defaultfields</UClientDisplayActivityUsing>
                            <UClientActivityCardMap>appointment:4201:,campaignactivity:4402:,campaignresponse:4401:,email:4202:,fax:4204:,incidentresolution:4206:,letter:4207:,opportunityclose:4208:,orderclose:4209:,phonecall:4210:,quoteclose:4211:,recurringappointmentmaster:4251:,socialactivity:4216:,task:4212:,adx_alertsubscription:10144:,adx_inviteredemption:10147:,adx_portalcomment:10196:,msfp_surveyinvite:10106:,msfp_surveyresponse:10107:,</UClientActivityCardMap>
                            <UClientActivitiesConfigurationJSON>{"campaignactivity":{"showStatus":true,"canCreate":false},"fax":{"showStatus":false,"canCreate":false},"msfp_surveyinvite":{"showStatus":true,"canCreate":false},"msfp_surveyresponse":{"showStatus":true,"canCreate":false},"quoteclose":{"showStatus":false,"canCreate":false},"orderclose":{"showStatus":false,"canCreate":false},"opportunityclose":{"showStatus":false,"canCreate":false},"letter":{"showStatus":true,"canCreate":false},"incidentresolution":{"showStatus":false,"canCreate":false}}</UClientActivitiesConfigurationJSON>
                          </parameters>
                        </control>
                      </cell>
                    </row>
                    <row />
                    <row />
                    <row />
                    <row />
                    <row />
                    <row />
                    <row />
                    <row />
                    <row />
                    <row />
                    <row />
                    <row />
                    <row />
                    <row />
                    <row />
                    <row />
                    <row />
                    <row />
                    <row />
                    <row />
                    <row />
                    <row />
                  </rows>
                </section>
              </sections>
            </column>
            <column width="25%">
              <sections>
                <section name="TalkingPoints_section" showlabel="false" showbar="false" locklevel="0" id="{493e163e-b936-e24d-83e0-e52dcecc5da9}" IsUserDefined="0" layout="varwidth" columns="1" labelwidth="115" celllabelalignment="Left" celllabelposition="Top" visible="false" labelid="{d9aae2ca-2a5b-4b84-acce-8c95c7076c02}">
                  <labels>
                    <label description="Talking points" languagecode="1033" />
                  </labels>
                  <rows>
                    <row>
                      <cell id="{06cb0652-a8d8-bdae-eb58-b6a05bd93224}" showlabel="true" locklevel="0" rowspan="8" labelid="{eb411fb9-1577-4fb9-be5e-d163aae55cf5}">
                        <labels>
                          <label description="" languagecode="1033" />
                        </labels>
                        <control id="TalkingPoints" classid="{F9A8A302-114E-466A-B582-6771B2AE0D92}" uniqueid="{5ca8c570-a541-4cf4-9209-99406ba7cbdf}" />
                      </cell>
                    </row>
                    <row />
                    <row />
                    <row />
                    <row />
                    <row />
                    <row />
                    <row />
                  </rows>
                </section>
              </sections>
            </column>
          </columns>
        </tab>
        <tab name="PREFERENCES_TAB" id="{fe1c5c3b-d556-4552-a444-4781214a6d63}" IsUserDefined="0" expanded="true" showlabel="true" labelid="{52190618-746f-4ce2-93b3-c2b30d61d3ee}">
          <labels>
            <label description="Contact Preferences" languagecode="1033" />
          </labels>
          <columns>
            <column width="34%">
              <sections>
                <section name="CONTACT_PREFERENCES" showlabel="true" showbar="false" id="{42aa148d-17fa-4c73-8213-bd22400b74ea}" IsUserDefined="0" columns="1" labelwidth="115" celllabelposition="Left" labelid="{dd113fbf-c66b-4632-9897-dbc0f50131a2}">
                  <labels>
                    <label description="CONTACT PREFERENCES" languagecode="1033" />
                  </labels>
                  <rows>
                    <row>
                      <cell id="{d4ec2d52-6658-cee9-4a2a-7a8029ad1862}" showlabel="true" locklevel="0" labelid="{45a14b46-eca2-45aa-bd4a-ae251475b19e}">
                        <labels>
                          <label description="Contact Method" languagecode="1033" />
                        </labels>
                        <control id="preferredcontactmethodcode" classid="{3EF39988-22BB-4f0b-BBBE-64B5A3748AEE}" datafieldname="preferredcontactmethodcode" disabled="false" />
                      </cell>
                    </row>
                    <row>
                      <cell id="{f0b4951b-b5ec-4103-b69d-7ac2ad176ee4}" labelid="{860653ca-0f6b-4f9b-8121-9c5f13ab45b0}">
                        <labels>
                          <label description="Email" languagecode="1033" />
                        </labels>
                        <control id="donotemail" classid="{67FAC785-CD58-4f9f-ABB3-4B7DDC6ED5ED}" datafieldname="donotemail" />
                      </cell>
                    </row>
                    <row>
                      <cell id="{2344e926-ebe5-43a9-a634-98a98b1b9267}" labelid="{5ad8531d-c75a-4c8e-9f54-540ca1669130}">
                        <labels>
                          <label description="Follow Email" languagecode="1033" />
                        </labels>
                        <control id="followemail" classid="{67FAC785-CD58-4f9f-ABB3-4B7DDC6ED5ED}" datafieldname="followemail" />
                      </cell>
                    </row>
                    <row>
                      <cell id="{041968bd-14fe-486a-baa0-719e7691e6ee}" labelid="{3d3adcfb-4570-4180-95a1-7227e6481eac}">
                        <labels>
                          <label description="Bulk Email" languagecode="1033" />
                        </labels>
                        <control id="donotbulkemail" classid="{67FAC785-CD58-4f9f-ABB3-4B7DDC6ED5ED}" datafieldname="donotbulkemail" />
                      </cell>
                    </row>
                    <row>
                      <cell id="{569cf3bd-3b14-46d8-a03a-22e6317d1d41}" labelid="{4fc89c2e-b8ce-4bf5-bccc-43b8f59f79e4}">
                        <labels>
                          <label description="Phone" languagecode="1033" />
                        </labels>
                        <control id="donotphone" classid="{67FAC785-CD58-4f9f-ABB3-4B7DDC6ED5ED}" datafieldname="donotphone" />
                      </cell>
                    </row>
                    <row>
                      <cell id="{dfe9aafd-1acc-488d-b31e-feef6f63a34d}" labelid="{1c4a3893-68f2-4f82-9362-767d07c65bb3}">
                        <labels>
                          <label description="Mail" languagecode="1033" />
                        </labels>
                        <control id="donotpostalmail" classid="{67FAC785-CD58-4f9f-ABB3-4B7DDC6ED5ED}" datafieldname="donotpostalmail" />
                      </cell>
                    </row>
                  </rows>
                </section>
              </sections>
            </column>
            <column width="33%">
              <sections>
                <section name="PREFERENCES_TAB_section_5" id="0f1cb462-f3d3-4864-af61-cba109f0e3fd" IsUserDefined="0" locklevel="0" showlabel="false" showbar="false" layout="varwidth" celllabelalignment="Left" celllabelposition="Left" columns="1" labelwidth="115" visible="false" labelid="{f74b304c-ce59-450a-b17f-6e96ca1c68b6}">
                  <labels>
                    <label description="New Section" languagecode="1033" />
                  </labels>
                  <rows>
                    <row>
                      <cell id="{26b90edc-2a59-4d32-90c8-d43f912c367f}" labelid="{c8c0b74f-8b4e-4a8f-8081-545070f40e46}">
                        <labels>
                          <label description="" languagecode="1033" />
                        </labels>
                      </cell>
                    </row>
                  </rows>
                </section>
              </sections>
            </column>
            <column width="33%">
              <sections>
                <section name="DETAILS_TAB_section_7" id="fc7c9c58-548f-4b21-b558-05f1887ee261" IsUserDefined="0" locklevel="0" showlabel="true" showbar="false" layout="varwidth" celllabelalignment="Left" celllabelposition="Left" columns="1" labelwidth="115" visible="false" labelid="{c3202035-f244-41f8-a73a-eb42853a7e46}">
                  <labels>
                    <label description="New Section" languagecode="1033" />
                  </labels>
                  <rows>
                    <row>
                      <cell id="{0d434718-c085-47af-a92e-21e4647f32bf}" labelid="{ff6dc40b-0db0-4a40-b106-fcf6ce490dc8}">
                        <labels>
                          <label description="" languagecode="1033" />
                        </labels>
                      </cell>
                    </row>
                  </rows>
                </section>
              </sections>
            </column>
          </columns>
        </tab>
        <tab name="documents_sharepoint" id="{1960CA58-ED7E-4E66-A9CB-7566856DC3ED}" IsUserDefined="0" locklevel="0" showlabel="true" expanded="true" labelid="{54f05ce0-024f-4ea8-a97f-b8c63524a6bd}">
          <labels>
            <label description="Files" languagecode="1033" />
          </labels>
          <columns>
            <column width="100%">
              <sections>
                <section name="documents_sharepoint_section" showlabel="false" showbar="false" locklevel="0" id="{BE5AE9F3-1B88-494F-9EA0-923274F96BCE}" IsUserDefined="0" layout="varwidth" columns="1" labelid="{28006426-d6f8-4927-81b5-718978e80918}">
                  <labels>
                    <label description="Documents Section" languagecode="1033" />
                  </labels>
                  <rows>
                    <row>
                      <cell id="{CA6A9D43-D8BF-41C4-B8F8-DA2D748E20EB}" showlabel="false" colspan="1" auto="false" rowspan="7" labelid="{b2ac0f29-8fb8-46f3-80aa-30e36ca7d6ba}">
                        <labels>
                          <label description="Documents" languagecode="1033" />
                        </labels>
                        <control id="DocumentsSubGrid" classid="{E7A81278-8635-4d9e-8D4D-59480B391C5B}" indicationOfSubgrid="true" uniqueid="{9F15AEB7-2A4B-4D3B-90B5-6543C2049E9E}">
                          <parameters>
                            <ViewId>{A5B008AC-07D9-4554-8509-2C05767BFF51}</ViewId>
                            <IsUserView>false</IsUserView>
                            <RelationshipName>contact_SharePointDocuments</RelationshipName>
                            <TargetEntityType>sharepointdocument</TargetEntityType>
                            <AutoExpand>Fixed</AutoExpand>
                            <EnableQuickFind>false</EnableQuickFind>
                            <EnableViewPicker>false</EnableViewPicker>
                            <EnableJumpBar>false</EnableJumpBar>
                            <ChartGridMode>Grid</ChartGridMode>
                            <VisualizationId />
                            <IsUserChart>false</IsUserChart>
                            <EnableChartPicker>false</EnableChartPicker>
                            <RecordsPerPage>10</RecordsPerPage>
                            <ViewIds>{A5B008AC-07D9-4554-8509-2C05767BFF51}</ViewIds>
                          </parameters>
                        </control>
                      </cell>
                    </row>
                    <row />
                    <row />
                    <row />
                    <row />
                    <row />
                    <row />
                  </rows>
                </section>
              </sections>
            </column>
          </columns>
        </tab>
      </tabs>
      <header id="{3ff9aa06-4e43-41ce-afa9-22a038af5c19}" celllabelposition="Top" columns="1" labelwidth="115">
        <rows>
          <row>
            <cell id="{24be01cc-16a6-8eea-8916-42d20a1097ae}" showlabel="true" locklevel="1" labelid="{402e60ce-e6ee-402b-8880-336b3badab4f}">
              <labels>
                <label description="Owner" languagecode="1033" />
              </labels>
              <control id="header_ownerid" classid="{270BD3DB-D9AF-4782-9025-509E298DEC0A}" datafieldname="ownerid" />
            </cell>
          </row>
        </rows>
      </header>
      <clientresources>
        <internalresources>
          <clientincludes>
            <internaljscriptfile src="$webresource:AppCommon/Contact/Contact_main_system_library.js" />
            <internaljscriptfile src="$webresource:Sales/Contact/Contact_main_system_library.js" />
            <internaljscriptfile src="$webresource:Sales/ClientCommon/Sales_ClientCommon.js" />
          </clientincludes>
        </internalresources>
      </clientresources>
      <events>
        <event name="onload" application="true" active="true">
          <InternalHandlers>
            <Handler functionName="AppCommon.Contact.Instance.form_onload" libraryName="AppCommon/Contact/Contact_main_system_library.js" handlerUniqueId="4ea24ebd-795d-434e-af94-6812c3867b54" enabled="true" />
            <Handler functionName="Sales.Contact.Instance.Form_onload" libraryName="Sales/Contact/Contact_main_system_library.js" handlerUniqueId="fad0dc4f-a62b-48ad-a35b-b2bf83c1ba99" enabled="true" passExecutionContext="true" />
          </InternalHandlers>
          <Handlers>
            <Handler functionName="loadTalkingPoints" libraryName="msdyn_talkingpointsloader.js" handlerUniqueId="{a96425be-a853-9549-dc5a-1610151533dd}" enabled="true" parameters="" passExecutionContext="true" />
            <Handler functionName="Sales.DocumentsTabController.shouldShowDocumentsTab" libraryName="Sales/ClientCommon/Sales_ClientCommon.js" handlerUniqueId="{8386030F-4166-4B1E-9428-5E4525B0F0EC}" enabled="true" parameters="" passExecutionContext="true" />
            <Handler functionName="switchForm" libraryName="pfc_switchform" handlerUniqueId="{e3ae4b14-b234-7864-104a-43e7d9e09dc6}" enabled="true" parameters="" passExecutionContext="true" />
          </Handlers>
        </event>
      </events>
      <Navigation>
        <NavBar>
          <NavBarByRelationshipItem RelationshipName="Contact_CustomerAddress" Id="navAddresses" Sequence="10" Area="Info" Show="false">
            <Privileges>
              <Privilege Entity="" Privilege="ReadActivity" />
            </Privileges>
            <Titles>
              <Title LCID="1033" Text="Addresses" />
              <Title LCID="1025" Text="العناوين" />
              <Title LCID="1026" Text="Адреси" />
              <Title LCID="1027" Text="Adreces" />
              <Title LCID="1029" Text="Adresy" />
              <Title LCID="1030" Text="Adresser" />
              <Title LCID="1031" Text="Adressen" />
              <Title LCID="1032" Text="Διευθύνσεις" />
              <Title LCID="3082" Text="Direcciones" />
              <Title LCID="1061" Text="Aadressid" />
              <Title LCID="1069" Text="Helbideak" />
              <Title LCID="1035" Text="Osoitteet" />
              <Title LCID="1036" Text="Adresses" />
              <Title LCID="1110" Text="Enderezos" />
              <Title LCID="1037" Text="כתובות" />
              <Title LCID="1081" Text="पते" />
              <Title LCID="1050" Text="Adrese" />
              <Title LCID="1038" Text="Címek" />
              <Title LCID="1057" Text="Alamat" />
              <Title LCID="1040" Text="Indirizzi" />
              <Title LCID="1041" Text="住所" />
              <Title LCID="1087" Text="Мекенжайлар" />
              <Title LCID="1042" Text="주소" />
              <Title LCID="1063" Text="Adresai" />
              <Title LCID="1062" Text="Adreses" />
              <Title LCID="1086" Text="Alamat" />
              <Title LCID="1044" Text="Adresser" />
              <Title LCID="1043" Text="Adressen" />
              <Title LCID="1045" Text="Adresy" />
              <Title LCID="1046" Text="Endereços" />
              <Title LCID="2070" Text="Endereços" />
              <Title LCID="1048" Text="Adrese" />
              <Title LCID="1049" Text="Адреса" />
              <Title LCID="1051" Text="Adresy" />
              <Title LCID="1060" Text="Naslovi" />
              <Title LCID="10266" Text="Адресе" />
              <Title LCID="9242" Text="Adrese" />
              <Title LCID="1053" Text="Adresser" />
              <Title LCID="1054" Text="ที่อยู่" />
              <Title LCID="1055" Text="Adresler" />
              <Title LCID="1058" Text="Адреси" />
              <Title LCID="1066" Text="Địa chỉ" />
              <Title LCID="2052" Text="地址" />
              <Title LCID="3076" Text="地址" />
              <Title LCID="1028" Text="地址" />
              <Title LCID="3098" Text="Адресе" />
              <Title LCID="2074" Text="Adrese" />
            </Titles>
          </NavBarByRelationshipItem>
          <NavBarByRelationshipItem RelationshipName="contact_customer_contacts" Id="navSubConts" Sequence="10" Area="Info" Show="false">
            <Privileges>
              <Privilege Entity="" Privilege="ReadActivity" />
            </Privileges>
            <Titles>
              <Title LCID="1033" Text="Contacts" />
              <Title LCID="1025" Text="جهات الاتصال" />
              <Title LCID="1026" Text="Контакти" />
              <Title LCID="1027" Text="Contactes" />
              <Title LCID="1029" Text="Kontakty" />
              <Title LCID="1030" Text="Kontakter" />
              <Title LCID="1031" Text="Kontakte" />
              <Title LCID="1032" Text="Επαφές" />
              <Title LCID="3082" Text="Contactos" />
              <Title LCID="1061" Text="Kontaktid" />
              <Title LCID="1069" Text="Kontaktuak" />
              <Title LCID="1035" Text="Yhteyshenkilöt" />
              <Title LCID="1036" Text="Contacts" />
              <Title LCID="1110" Text="Contactos" />
              <Title LCID="1037" Text="אנשי קשר" />
              <Title LCID="1081" Text="संपर्क" />
              <Title LCID="1050" Text="Kontakti" />
              <Title LCID="1038" Text="Kapcsolattartók" />
              <Title LCID="1057" Text="Kontak" />
              <Title LCID="1040" Text="Contatti" />
              <Title LCID="1041" Text="取引先担当者" />
              <Title LCID="1087" Text="Контактілер" />
              <Title LCID="1042" Text="연락처" />
              <Title LCID="1063" Text="Kontaktai" />
              <Title LCID="1062" Text="Kontaktpersonas" />
              <Title LCID="1086" Text="Kenalan" />
              <Title LCID="1044" Text="Kontakter" />
              <Title LCID="1043" Text="Contactpersonen" />
              <Title LCID="1045" Text="Kontakty" />
              <Title LCID="1046" Text="Contatos" />
              <Title LCID="2070" Text="Contactos" />
              <Title LCID="1048" Text="Persoane de contact" />
              <Title LCID="1049" Text="Контакты" />
              <Title LCID="1051" Text="Kontakty" />
              <Title LCID="1060" Text="Stiki" />
              <Title LCID="10266" Text="Контакти" />
              <Title LCID="9242" Text="Kontakti" />
              <Title LCID="1053" Text="Kontakter" />
              <Title LCID="1054" Text="ผู้ติดต่อ" />
              <Title LCID="1055" Text="İlgili Kişiler" />
              <Title LCID="1058" Text="Контактні особи" />
              <Title LCID="1066" Text="Người liên hệ" />
              <Title LCID="2052" Text="联系人" />
              <Title LCID="3076" Text="連絡人" />
              <Title LCID="1028" Text="連絡人" />
              <Title LCID="3098" Text="Контакти" />
              <Title LCID="2074" Text="Kontakti" />
            </Titles>
          </NavBarByRelationshipItem>
          <NavBarByRelationshipItem RelationshipName="contact_customer_relationship_customer" Id="navRelationships" Sequence="10" Area="Info" Show="false">
            <Privileges>
              <Privilege Entity="" Privilege="ReadActivity" />
            </Privileges>
            <Titles>
              <Title LCID="1033" Text="CustomerRelationship" />
              <Title LCID="1025" Text="CustomerRelationship" />
              <Title LCID="1026" Text="CustomerRelationship" />
              <Title LCID="1027" Text="CustomerRelationship" />
              <Title LCID="1029" Text="CustomerRelationship" />
              <Title LCID="1030" Text="CustomerRelationship" />
              <Title LCID="1031" Text="CustomerRelationship" />
              <Title LCID="1032" Text="CustomerRelationship" />
              <Title LCID="3082" Text="CustomerRelationship" />
              <Title LCID="1061" Text="CustomerRelationship" />
              <Title LCID="1069" Text="CustomerRelationship" />
              <Title LCID="1035" Text="CustomerRelationship" />
              <Title LCID="1036" Text="CustomerRelationship" />
              <Title LCID="1110" Text="CustomerRelationship" />
              <Title LCID="1037" Text="CustomerRelationship" />
              <Title LCID="1081" Text="CustomerRelationship" />
              <Title LCID="1050" Text="CustomerRelationship" />
              <Title LCID="1038" Text="CustomerRelationship" />
              <Title LCID="1057" Text="CustomerRelationship" />
              <Title LCID="1040" Text="CustomerRelationship" />
              <Title LCID="1041" Text="CustomerRelationship" />
              <Title LCID="1087" Text="CustomerRelationship" />
              <Title LCID="1042" Text="CustomerRelationship" />
              <Title LCID="1063" Text="CustomerRelationship" />
              <Title LCID="1062" Text="CustomerRelationship" />
              <Title LCID="1086" Text="CustomerRelationship" />
              <Title LCID="1044" Text="CustomerRelationship" />
              <Title LCID="1043" Text="CustomerRelationship" />
              <Title LCID="1045" Text="CustomerRelationship" />
              <Title LCID="1046" Text="CustomerRelationship" />
              <Title LCID="2070" Text="CustomerRelationship" />
              <Title LCID="1048" Text="CustomerRelationship" />
              <Title LCID="1049" Text="CustomerRelationship" />
              <Title LCID="1051" Text="CustomerRelationship" />
              <Title LCID="1060" Text="CustomerRelationship" />
              <Title LCID="10266" Text="CustomerRelationship" />
              <Title LCID="9242" Text="CustomerRelationship" />
              <Title LCID="1053" Text="CustomerRelationship" />
              <Title LCID="1054" Text="CustomerRelationship" />
              <Title LCID="1055" Text="CustomerRelationship" />
              <Title LCID="1058" Text="CustomerRelationship" />
              <Title LCID="1066" Text="CustomerRelationship" />
              <Title LCID="2052" Text="CustomerRelationship" />
              <Title LCID="3076" Text="CustomerRelationship" />
              <Title LCID="1028" Text="CustomerRelationship" />
              <Title LCID="3098" Text="CustomerRelationship" />
              <Title LCID="2074" Text="CustomerRelationship" />
            </Titles>
          </NavBarByRelationshipItem>
          <NavBarByRelationshipItem RelationshipName="invoice_customer_contacts" Id="navInvoices" Sequence="10" Area="Info" Show="false">
            <Privileges>
              <Privilege Entity="" Privilege="ReadActivity" />
            </Privileges>
            <Titles>
              <Title LCID="1033" Text="Invoice" />
              <Title LCID="1025" Text="الفاتورة" />
              <Title LCID="1026" Text="Фактура" />
              <Title LCID="1027" Text="Factura" />
              <Title LCID="1029" Text="Faktura" />
              <Title LCID="1030" Text="Faktura" />
              <Title LCID="1031" Text="Rechnung" />
              <Title LCID="1032" Text="Τιμολόγιο" />
              <Title LCID="3082" Text="Factura" />
              <Title LCID="1061" Text="Arve" />
              <Title LCID="1069" Text="Faktura" />
              <Title LCID="1035" Text="Lasku" />
              <Title LCID="1036" Text="Facture" />
              <Title LCID="1110" Text="Factura" />
              <Title LCID="1037" Text="חשבונית" />
              <Title LCID="1081" Text="इनवॉइस" />
              <Title LCID="1050" Text="Faktura" />
              <Title LCID="1038" Text="Számla" />
              <Title LCID="1057" Text="Faktur" />
              <Title LCID="1040" Text="Fattura" />
              <Title LCID="1041" Text="請求書" />
              <Title LCID="1087" Text="Есеп-шот" />
              <Title LCID="1042" Text="송장" />
              <Title LCID="1063" Text="Sąskaita faktūra" />
              <Title LCID="1062" Text="Rēķins" />
              <Title LCID="1086" Text="Invois" />
              <Title LCID="1044" Text="Faktura" />
              <Title LCID="1043" Text="Factuur" />
              <Title LCID="1045" Text="Faktura" />
              <Title LCID="1046" Text="Fatura" />
              <Title LCID="2070" Text="Fatura" />
              <Title LCID="1048" Text="Factură" />
              <Title LCID="1049" Text="Счет" />
              <Title LCID="1051" Text="Faktúra" />
              <Title LCID="1060" Text="Račun" />
              <Title LCID="10266" Text="Фактура" />
              <Title LCID="9242" Text="Faktura" />
              <Title LCID="1053" Text="Faktura" />
              <Title LCID="1054" Text="ใบแจ้งหนี้" />
              <Title LCID="1055" Text="Fatura" />
              <Title LCID="1058" Text="Рахунок" />
              <Title LCID="1066" Text="Hóa đơn" />
              <Title LCID="2052" Text="发票" />
              <Title LCID="3076" Text="發票" />
              <Title LCID="1028" Text="發票" />
              <Title LCID="3098" Text="Фактура" />
              <Title LCID="2074" Text="Faktura" />
            </Titles>
          </NavBarByRelationshipItem>
          <NavBarByRelationshipItem RelationshipName="order_customer_contacts" Id="navOrders" Sequence="10" Area="Info" Show="false">
            <Privileges>
              <Privilege Entity="" Privilege="ReadActivity" />
            </Privileges>
            <Titles>
              <Title LCID="1033" Text="SalesOrder" />
              <Title LCID="1025" Text="أمر المبيعات" />
              <Title LCID="1026" Text="SalesOrder" />
              <Title LCID="1027" Text="Comanda de vendes" />
              <Title LCID="1029" Text="Prodejní objednávka" />
              <Title LCID="1030" Text="SalesOrder" />
              <Title LCID="1031" Text="Vertriebsauftrag" />
              <Title LCID="1032" Text="SalesOrder" />
              <Title LCID="3082" Text="Pedido de venta" />
              <Title LCID="1061" Text="SalesOrder" />
              <Title LCID="1069" Text="SalesOrder" />
              <Title LCID="1035" Text="Myyntitilaus" />
              <Title LCID="1036" Text="Commande client" />
              <Title LCID="1110" Text="SalesOrder" />
              <Title LCID="1037" Text="SalesOrder" />
              <Title LCID="1081" Text="SalesOrder" />
              <Title LCID="1050" Text="SalesOrder" />
              <Title LCID="1038" Text="SalesOrder" />
              <Title LCID="1057" Text="SalesOrder" />
              <Title LCID="1040" Text="Ordine cliente" />
              <Title LCID="1041" Text="SalesOrder" />
              <Title LCID="1087" Text="SalesOrder" />
              <Title LCID="1042" Text="SalesOrder" />
              <Title LCID="1063" Text="Pardavimo užsakymas" />
              <Title LCID="1062" Text="SalesOrder" />
              <Title LCID="1086" Text="SalesOrder" />
              <Title LCID="1044" Text="Salgsordre" />
              <Title LCID="1043" Text="Verkooporder" />
              <Title LCID="1045" Text="SalesOrder" />
              <Title LCID="1046" Text="SalesOrder" />
              <Title LCID="2070" Text="SalesOrder" />
              <Title LCID="1048" Text="SalesOrder" />
              <Title LCID="1049" Text="SalesOrder" />
              <Title LCID="1051" Text="SalesOrder" />
              <Title LCID="1060" Text="SalesOrder" />
              <Title LCID="10266" Text="SalesOrder" />
              <Title LCID="9242" Text="SalesOrder" />
              <Title LCID="1053" Text="Försäljningsorder" />
              <Title LCID="1054" Text="ใบสั่งขาย" />
              <Title LCID="1055" Text="SalesOrder" />
              <Title LCID="1058" Text="Замовлення на продаж" />
              <Title LCID="1066" Text="SalesOrder" />
              <Title LCID="2052" Text="SalesOrder" />
              <Title LCID="3076" Text="SalesOrder" />
              <Title LCID="1028" Text="SalesOrder" />
              <Title LCID="3098" Text="SalesOrder" />
              <Title LCID="2074" Text="SalesOrder" />
            </Titles>
          </NavBarByRelationshipItem>
          <NavBarByRelationshipItem RelationshipName="quote_customer_contacts" Id="navQuotes" Sequence="10" Area="Info" Show="false">
            <Privileges>
              <Privilege Entity="" Privilege="ReadActivity" />
            </Privileges>
            <Titles>
              <Title LCID="1033" Text="Quote" />
              <Title LCID="1025" Text="عرض الأسعار" />
              <Title LCID="1026" Text="Оферта" />
              <Title LCID="1027" Text="Oferta" />
              <Title LCID="1029" Text="Nabídka" />
              <Title LCID="1030" Text="Tilbud" />
              <Title LCID="1031" Text="Angebot" />
              <Title LCID="1032" Text="Προσφορά" />
              <Title LCID="3082" Text="Oferta" />
              <Title LCID="1061" Text="Hinnapakkumine" />
              <Title LCID="1069" Text="Eskaintza" />
              <Title LCID="1035" Text="Tarjous" />
              <Title LCID="1036" Text="Devis" />
              <Title LCID="1110" Text="Oferta" />
              <Title LCID="1037" Text="הצעת מחיר" />
              <Title LCID="1081" Text="कोट" />
              <Title LCID="1050" Text="Ponuda" />
              <Title LCID="1038" Text="Árajánlat" />
              <Title LCID="1057" Text="Kuotasi" />
              <Title LCID="1040" Text="Offerta" />
              <Title LCID="1041" Text="見積もり" />
              <Title LCID="1087" Text="Баға ұсыну" />
              <Title LCID="1042" Text="견적" />
              <Title LCID="1063" Text="Pasiūlymas" />
              <Title LCID="1062" Text="Piedāvājums" />
              <Title LCID="1086" Text="Sebut Harga" />
              <Title LCID="1044" Text="Tilbud" />
              <Title LCID="1043" Text="Prijsopgave" />
              <Title LCID="1045" Text="Oferta" />
              <Title LCID="1046" Text="Cotação" />
              <Title LCID="2070" Text="Proposta" />
              <Title LCID="1048" Text="Ofertă" />
              <Title LCID="1049" Text="Предложение с расценками" />
              <Title LCID="1051" Text="Cenová ponuka" />
              <Title LCID="1060" Text="Ponudba" />
              <Title LCID="10266" Text="Понуда" />
              <Title LCID="9242" Text="Ponuda" />
              <Title LCID="1053" Text="Offert" />
              <Title LCID="1054" Text="ใบเสนอราคา" />
              <Title LCID="1055" Text="Teklif" />
              <Title LCID="1058" Text="Цінова пропозиція" />
              <Title LCID="1066" Text="Báo giá" />
              <Title LCID="2052" Text="报价单" />
              <Title LCID="3076" Text="報價" />
              <Title LCID="1028" Text="報價" />
              <Title LCID="3098" Text="Понуда" />
              <Title LCID="2074" Text="Ponuda" />
            </Titles>
          </NavBarByRelationshipItem>
          <NavBarByRelationshipItem RelationshipName="hardcoded_{B7196B13-6B9D-42CD-BD58-B19A3953126F}navAsyncOperations" Sequence="9500" Area="ProcessCenter" Id="navAsyncOperations" Show="false">
            <Titles>
              <Title LCID="1033" Text="Workflows" />
              <Title LCID="1025" Text="عمليات سير العمل" />
              <Title LCID="1026" Text="Работни потоци" />
              <Title LCID="1027" Text="Fluxos de treball" />
              <Title LCID="1029" Text="Pracovní postupy" />
              <Title LCID="1030" Text="Arbejdsprocesser" />
              <Title LCID="1031" Text="Workflows" />
              <Title LCID="1032" Text="Ροές εργασιών" />
              <Title LCID="3082" Text="Flujos de trabajo" />
              <Title LCID="1061" Text="Töövood" />
              <Title LCID="1069" Text="Lan-fluxuak" />
              <Title LCID="1035" Text="Työnkulut" />
              <Title LCID="1036" Text="Workflows" />
              <Title LCID="1110" Text="Fluxos de traballo" />
              <Title LCID="1037" Text="זרימות עבודה" />
              <Title LCID="1081" Text="कार्य प्रवाह" />
              <Title LCID="1050" Text="Tjekovi rada" />
              <Title LCID="1038" Text="Munkafolyamatok" />
              <Title LCID="1057" Text="Alur Kerja" />
              <Title LCID="1040" Text="Flussi di lavoro" />
              <Title LCID="1041" Text="ワークフロー" />
              <Title LCID="1087" Text="Жұмыс ағындары" />
              <Title LCID="1042" Text="워크플로" />
              <Title LCID="1063" Text="Darbo eigos" />
              <Title LCID="1062" Text="Darbplūsmas" />
              <Title LCID="1086" Text="Aliran Kerja" />
              <Title LCID="1044" Text="Arbeidsflyter" />
              <Title LCID="1043" Text="Werkstromen" />
              <Title LCID="1045" Text="Przepływy pracy" />
              <Title LCID="1046" Text="Fluxos de Trabalho" />
              <Title LCID="2070" Text="Fluxos de Trabalho" />
              <Title LCID="1048" Text="Fluxuri de lucru" />
              <Title LCID="1049" Text="Бизнес-процессы" />
              <Title LCID="1051" Text="Pracovné postupy" />
              <Title LCID="1060" Text="Poteki dela" />
              <Title LCID="10266" Text="Токови посла" />
              <Title LCID="9242" Text="Tokovi posla" />
              <Title LCID="1053" Text="Arbetsflöden" />
              <Title LCID="1054" Text="เวิร์กโฟลว์" />
              <Title LCID="1055" Text="İş Akışları" />
              <Title LCID="1058" Text="Робочі цикли" />
              <Title LCID="1066" Text="Quy trình làm việc" />
              <Title LCID="2052" Text="工作流" />
              <Title LCID="3076" Text="工作流程" />
              <Title LCID="1028" Text="工作流程" />
              <Title LCID="3098" Text="Токови посла" />
              <Title LCID="2074" Text="Tokovi posla" />
            </Titles>
          </NavBarByRelationshipItem>
          <NavBarByRelationshipItem RelationshipName="hardcoded_{B7196B13-6B9D-42CD-BD58-B19A3953126F}navProcessSessions" Sequence="9700" Area="ProcessCenter" Id="navProcessSessions" Show="false">
            <Titles>
              <Title LCID="1033" Text="Dialog Sessions" />
              <Title LCID="1025" Text="جلسات عمل الحوار" />
              <Title LCID="1026" Text="Диалогови сесии" />
              <Title LCID="1027" Text="Sessions del diàleg" />
              <Title LCID="1029" Text="Relace dialogů" />
              <Title LCID="1030" Text="Dialogsessioner" />
              <Title LCID="1031" Text="Dialogsitzungen" />
              <Title LCID="1032" Text="Περίοδοι λειτουργίας παραθύρου διαλόγου" />
              <Title LCID="3082" Text="Sesiones de diálogo" />
              <Title LCID="1061" Text="Dialoogiseansid" />
              <Title LCID="1069" Text="Elkarrizketa-saioak" />
              <Title LCID="1035" Text="Dialogi-istunnot" />
              <Title LCID="1036" Text="Sessions de dialogue" />
              <Title LCID="1110" Text="Sesións de diálogo" />
              <Title LCID="1037" Text="הפעלות דו-שיח" />
              <Title LCID="1081" Text="संवाद सत्र" />
              <Title LCID="1050" Text="Sesije dijaloga" />
              <Title LCID="1038" Text="Párbeszéd-munkamenetek" />
              <Title LCID="1057" Text="Sesi Dialog" />
              <Title LCID="1040" Text="Sessioni di interazione" />
              <Title LCID="1041" Text="ダイアログ セッション" />
              <Title LCID="1087" Text="Диалог сеанстары" />
              <Title LCID="1042" Text="대화 세션" />
              <Title LCID="1063" Text="Dialogo seansai" />
              <Title LCID="1062" Text="Dialogu sesijas" />
              <Title LCID="1086" Text="Sesi Dialog" />
              <Title LCID="1044" Text="Dialogøkter" />
              <Title LCID="1043" Text="Dialoogvenstersessies" />
              <Title LCID="1045" Text="Sesje dialogowe" />
              <Title LCID="1046" Text="Sessões de Diálogo" />
              <Title LCID="2070" Text="Sessões de Diálogo" />
              <Title LCID="1048" Text="Sesiuni de dialog" />
              <Title LCID="1049" Text="Сеансы диалогового окна" />
              <Title LCID="1051" Text="Relácie dialógového okna" />
              <Title LCID="1060" Text="Seje dialoga" />
              <Title LCID="10266" Text="Сесије дијалога" />
              <Title LCID="9242" Text="Sesije dijaloga" />
              <Title LCID="1053" Text="Dialogsessioner" />
              <Title LCID="1054" Text="เซสชันของกล่องโต้ตอบ" />
              <Title LCID="1055" Text="Diyalog Oturumları" />
              <Title LCID="1058" Text="Сеанси діалогу" />
              <Title LCID="1066" Text="Phiên hộp thoại" />
              <Title LCID="2052" Text="对话会话" />
              <Title LCID="3076" Text="對話方塊工作階段" />
              <Title LCID="1028" Text="對話方塊工作階段" />
              <Title LCID="3098" Text="Сесије дијалога" />
              <Title LCID="2074" Text="Sesije dijaloga" />
            </Titles>
          </NavBarByRelationshipItem>
        </NavBar>
        <NavBarAreas>
          <NavBarArea Id="Info">
            <Titles>
              <Title LCID="1033" Text="Common" />
              <Title LCID="1025" Text="Common" />
              <Title LCID="1026" Text="Common" />
              <Title LCID="1027" Text="Common" />
              <Title LCID="1029" Text="Common" />
              <Title LCID="1030" Text="Common" />
              <Title LCID="1031" Text="Common" />
              <Title LCID="1032" Text="Common" />
              <Title LCID="3082" Text="Common" />
              <Title LCID="1061" Text="Common" />
              <Title LCID="1069" Text="Common" />
              <Title LCID="1035" Text="Common" />
              <Title LCID="1036" Text="Common" />
              <Title LCID="1110" Text="Common" />
              <Title LCID="1037" Text="Common" />
              <Title LCID="1081" Text="Common" />
              <Title LCID="1050" Text="Common" />
              <Title LCID="1038" Text="Common" />
              <Title LCID="1057" Text="Common" />
              <Title LCID="1040" Text="Common" />
              <Title LCID="1041" Text="Common" />
              <Title LCID="1087" Text="Common" />
              <Title LCID="1042" Text="Common" />
              <Title LCID="1063" Text="Common" />
              <Title LCID="1062" Text="Common" />
              <Title LCID="1086" Text="Common" />
              <Title LCID="1044" Text="Common" />
              <Title LCID="1043" Text="Common" />
              <Title LCID="1045" Text="Common" />
              <Title LCID="1046" Text="Common" />
              <Title LCID="2070" Text="Common" />
              <Title LCID="1048" Text="Common" />
              <Title LCID="1049" Text="Common" />
              <Title LCID="1051" Text="Common" />
              <Title LCID="1060" Text="Common" />
              <Title LCID="3098" Text="Common" />
              <Title LCID="2074" Text="Common" />
              <Title LCID="1053" Text="Common" />
              <Title LCID="1054" Text="Common" />
              <Title LCID="1055" Text="Common" />
              <Title LCID="1058" Text="Common" />
              <Title LCID="1066" Text="Common" />
              <Title LCID="2052" Text="Common" />
              <Title LCID="3076" Text="Common" />
              <Title LCID="1028" Text="Common" />
            </Titles>
          </NavBarArea>
          <NavBarArea Id="Sales">
            <Titles>
              <Title LCID="1033" Text="Sales" />
              <Title LCID="1025" Text="Sales" />
              <Title LCID="1026" Text="Sales" />
              <Title LCID="1027" Text="Sales" />
              <Title LCID="1029" Text="Sales" />
              <Title LCID="1030" Text="Sales" />
              <Title LCID="1031" Text="Sales" />
              <Title LCID="1032" Text="Sales" />
              <Title LCID="3082" Text="Sales" />
              <Title LCID="1061" Text="Sales" />
              <Title LCID="1069" Text="Sales" />
              <Title LCID="1035" Text="Sales" />
              <Title LCID="1036" Text="Sales" />
              <Title LCID="1110" Text="Sales" />
              <Title LCID="1037" Text="Sales" />
              <Title LCID="1081" Text="Sales" />
              <Title LCID="1050" Text="Sales" />
              <Title LCID="1038" Text="Sales" />
              <Title LCID="1057" Text="Sales" />
              <Title LCID="1040" Text="Sales" />
              <Title LCID="1041" Text="Sales" />
              <Title LCID="1087" Text="Sales" />
              <Title LCID="1042" Text="Sales" />
              <Title LCID="1063" Text="Sales" />
              <Title LCID="1062" Text="Sales" />
              <Title LCID="1086" Text="Sales" />
              <Title LCID="1044" Text="Sales" />
              <Title LCID="1043" Text="Sales" />
              <Title LCID="1045" Text="Sales" />
              <Title LCID="1046" Text="Sales" />
              <Title LCID="2070" Text="Sales" />
              <Title LCID="1048" Text="Sales" />
              <Title LCID="1049" Text="Sales" />
              <Title LCID="1051" Text="Sales" />
              <Title LCID="1060" Text="Sales" />
              <Title LCID="3098" Text="Sales" />
              <Title LCID="2074" Text="Sales" />
              <Title LCID="1053" Text="Sales" />
              <Title LCID="1054" Text="Sales" />
              <Title LCID="1055" Text="Sales" />
              <Title LCID="1058" Text="Sales" />
              <Title LCID="1066" Text="Sales" />
              <Title LCID="2052" Text="Sales" />
              <Title LCID="3076" Text="Sales" />
              <Title LCID="1028" Text="Sales" />
            </Titles>
          </NavBarArea>
          <NavBarArea Id="Service">
            <Titles>
              <Title LCID="1033" Text="Service" />
              <Title LCID="1025" Text="Service" />
              <Title LCID="1026" Text="Service" />
              <Title LCID="1027" Text="Service" />
              <Title LCID="1029" Text="Service" />
              <Title LCID="1030" Text="Service" />
              <Title LCID="1031" Text="Service" />
              <Title LCID="1032" Text="Service" />
              <Title LCID="3082" Text="Service" />
              <Title LCID="1061" Text="Service" />
              <Title LCID="1069" Text="Service" />
              <Title LCID="1035" Text="Service" />
              <Title LCID="1036" Text="Service" />
              <Title LCID="1110" Text="Service" />
              <Title LCID="1037" Text="Service" />
              <Title LCID="1081" Text="Service" />
              <Title LCID="1050" Text="Service" />
              <Title LCID="1038" Text="Service" />
              <Title LCID="1057" Text="Service" />
              <Title LCID="1040" Text="Service" />
              <Title LCID="1041" Text="Service" />
              <Title LCID="1087" Text="Service" />
              <Title LCID="1042" Text="Service" />
              <Title LCID="1063" Text="Service" />
              <Title LCID="1062" Text="Service" />
              <Title LCID="1086" Text="Service" />
              <Title LCID="1044" Text="Service" />
              <Title LCID="1043" Text="Service" />
              <Title LCID="1045" Text="Service" />
              <Title LCID="1046" Text="Service" />
              <Title LCID="2070" Text="Service" />
              <Title LCID="1048" Text="Service" />
              <Title LCID="1049" Text="Service" />
              <Title LCID="1051" Text="Service" />
              <Title LCID="1060" Text="Service" />
              <Title LCID="3098" Text="Service" />
              <Title LCID="2074" Text="Service" />
              <Title LCID="1053" Text="Service" />
              <Title LCID="1054" Text="Service" />
              <Title LCID="1055" Text="Service" />
              <Title LCID="1058" Text="Service" />
              <Title LCID="1066" Text="Service" />
              <Title LCID="2052" Text="Service" />
              <Title LCID="3076" Text="Service" />
              <Title LCID="1028" Text="Service" />
            </Titles>
          </NavBarArea>
          <NavBarArea Id="Marketing">
            <Titles>
              <Title LCID="1033" Text="Marketing" />
              <Title LCID="1025" Text="Marketing" />
              <Title LCID="1026" Text="Marketing" />
              <Title LCID="1027" Text="Marketing" />
              <Title LCID="1029" Text="Marketing" />
              <Title LCID="1030" Text="Marketing" />
              <Title LCID="1031" Text="Marketing" />
              <Title LCID="1032" Text="Marketing" />
              <Title LCID="3082" Text="Marketing" />
              <Title LCID="1061" Text="Marketing" />
              <Title LCID="1069" Text="Marketing" />
              <Title LCID="1035" Text="Marketing" />
              <Title LCID="1036" Text="Marketing" />
              <Title LCID="1110" Text="Marketing" />
              <Title LCID="1037" Text="Marketing" />
              <Title LCID="1081" Text="Marketing" />
              <Title LCID="1050" Text="Marketing" />
              <Title LCID="1038" Text="Marketing" />
              <Title LCID="1057" Text="Marketing" />
              <Title LCID="1040" Text="Marketing" />
              <Title LCID="1041" Text="Marketing" />
              <Title LCID="1087" Text="Marketing" />
              <Title LCID="1042" Text="Marketing" />
              <Title LCID="1063" Text="Marketing" />
              <Title LCID="1062" Text="Marketing" />
              <Title LCID="1086" Text="Marketing" />
              <Title LCID="1044" Text="Marketing" />
              <Title LCID="1043" Text="Marketing" />
              <Title LCID="1045" Text="Marketing" />
              <Title LCID="1046" Text="Marketing" />
              <Title LCID="2070" Text="Marketing" />
              <Title LCID="1048" Text="Marketing" />
              <Title LCID="1049" Text="Marketing" />
              <Title LCID="1051" Text="Marketing" />
              <Title LCID="1060" Text="Marketing" />
              <Title LCID="3098" Text="Marketing" />
              <Title LCID="2074" Text="Marketing" />
              <Title LCID="1053" Text="Marketing" />
              <Title LCID="1054" Text="Marketing" />
              <Title LCID="1055" Text="Marketing" />
              <Title LCID="1058" Text="Marketing" />
              <Title LCID="1066" Text="Marketing" />
              <Title LCID="2052" Text="Marketing" />
              <Title LCID="3076" Text="Marketing" />
              <Title LCID="1028" Text="Marketing" />
            </Titles>
          </NavBarArea>
          <NavBarArea Id="ProcessCenter">
            <Titles>
              <Title LCID="1033" Text="Process Sessions" />
              <Title LCID="1025" Text="Process Sessions" />
              <Title LCID="1026" Text="Process Sessions" />
              <Title LCID="1027" Text="Process Sessions" />
              <Title LCID="1029" Text="Process Sessions" />
              <Title LCID="1030" Text="Process Sessions" />
              <Title LCID="1031" Text="Process Sessions" />
              <Title LCID="1032" Text="Process Sessions" />
              <Title LCID="3082" Text="Process Sessions" />
              <Title LCID="1061" Text="Process Sessions" />
              <Title LCID="1069" Text="Process Sessions" />
              <Title LCID="1035" Text="Process Sessions" />
              <Title LCID="1036" Text="Process Sessions" />
              <Title LCID="1110" Text="Process Sessions" />
              <Title LCID="1037" Text="Process Sessions" />
              <Title LCID="1081" Text="Process Sessions" />
              <Title LCID="1050" Text="Process Sessions" />
              <Title LCID="1038" Text="Process Sessions" />
              <Title LCID="1057" Text="Process Sessions" />
              <Title LCID="1040" Text="Process Sessions" />
              <Title LCID="1041" Text="Process Sessions" />
              <Title LCID="1087" Text="Process Sessions" />
              <Title LCID="1042" Text="Process Sessions" />
              <Title LCID="1063" Text="Process Sessions" />
              <Title LCID="1062" Text="Process Sessions" />
              <Title LCID="1086" Text="Process Sessions" />
              <Title LCID="1044" Text="Process Sessions" />
              <Title LCID="1043" Text="Process Sessions" />
              <Title LCID="1045" Text="Process Sessions" />
              <Title LCID="1046" Text="Process Sessions" />
              <Title LCID="2070" Text="Process Sessions" />
              <Title LCID="1048" Text="Process Sessions" />
              <Title LCID="1049" Text="Process Sessions" />
              <Title LCID="1051" Text="Process Sessions" />
              <Title LCID="1060" Text="Process Sessions" />
              <Title LCID="3098" Text="Process Sessions" />
              <Title LCID="2074" Text="Process Sessions" />
              <Title LCID="1053" Text="Process Sessions" />
              <Title LCID="1054" Text="Process Sessions" />
              <Title LCID="1055" Text="Process Sessions" />
              <Title LCID="1058" Text="Process Sessions" />
              <Title LCID="1066" Text="Process Sessions" />
              <Title LCID="2052" Text="Process Sessions" />
              <Title LCID="3076" Text="Process Sessions" />
              <Title LCID="1028" Text="Process Sessions" />
            </Titles>
          </NavBarArea>
        </NavBarAreas>
      </Navigation>
      <controlDescriptions>
        <controlDescription forControl="{3ff9a528-dd50-4aca-8f10-2e5ed73513ad}">
          <customControl formFactor="2" name="MscrmControls.CardFeedContainer.CardFeedContainer">
            <parameters>
              <data-set name="SubGrid">
                <ViewId>{92AFD454-0F2E-4397-A1C8-05E37C6AD699}</ViewId>
                <IsUserView>false</IsUserView>
                <TargetEntityType>actioncard</TargetEntityType>
                <FilteredViewIds>{92AFD454-0F2E-4397-A1C8-05E37C6AfD699}</FilteredViewIds>
                <EnableViewPicker>false</EnableViewPicker>
              </data-set>
              <EntityTypeCode static="true" type="Decimal">2</EntityTypeCode>
              <Location static="true" type="Decimal">1</Location>
              <msinternal.isvisibleinmocaonly static="true">true</msinternal.isvisibleinmocaonly>
            </parameters>
          </customControl>
          <customControl formFactor="0" name="MscrmControls.CardFeedContainer.CardFeedContainer">
            <parameters>
              <data-set name="SubGrid">
                <ViewId>{92AFD454-0F2E-4397-A1C8-05E37C6AD699}</ViewId>
                <IsUserView>false</IsUserView>
                <TargetEntityType>actioncard</TargetEntityType>
                <FilteredViewIds>{92AFD454-0F2E-4397-A1C8-05E37C6AfD699}</FilteredViewIds>
                <EnableViewPicker>false</EnableViewPicker>
              </data-set>
              <EntityTypeCode static="true" type="Decimal">2</EntityTypeCode>
              <Location static="true" type="Decimal">1</Location>
              <msinternal.isvisibleinmocaonly static="true">true</msinternal.isvisibleinmocaonly>
            </parameters>
          </customControl>
          <customControl formFactor="1" name="MscrmControls.CardFeedContainer.CardFeedContainer">
            <parameters>
              <data-set name="SubGrid">
                <ViewId>{92AFD454-0F2E-4397-A1C8-05E37C6AD699}</ViewId>
                <IsUserView>false</IsUserView>
                <TargetEntityType>actioncard</TargetEntityType>
                <FilteredViewIds>{92AFD454-0F2E-4397-A1C8-05E37C6AfD699}</FilteredViewIds>
                <EnableViewPicker>false</EnableViewPicker>
              </data-set>
              <EntityTypeCode static="true" type="Decimal">2</EntityTypeCode>
              <Location static="true" type="Decimal">1</Location>
              <msinternal.isvisibleinmocaonly static="true">true</msinternal.isvisibleinmocaonly>
            </parameters>
          </customControl>
        </controlDescription>
        <controlDescription forControl="{69d839e7-9935-3a7e-d978-85a1cdb50323}">
          <customControl id="{E0DECE4B-6FC8-4a8f-A065-082708572369}">
            <parameters>
              <datafieldname>businesscard</datafieldname>
            </parameters>
          </customControl>
          <customControl formFactor="0" name="Intelligence.BusinessCardReaderControl.BusinessCardReader">
            <parameters>
              <value>businesscard</value>
              <DefaultImage type="Multiple">businesscard</DefaultImage>
              <AdvancedCustomization>businesscardattributes</AdvancedCustomization>
            </parameters>
          </customControl>
          <customControl formFactor="1" name="Intelligence.BusinessCardReaderControl.BusinessCardReader">
            <parameters>
              <value>businesscard</value>
              <DefaultImage type="Multiple">businesscard</DefaultImage>
              <AdvancedCustomization>businesscardattributes</AdvancedCustomization>
            </parameters>
          </customControl>
          <customControl formFactor="2" name="Intelligence.BusinessCardReaderControl.BusinessCardReader">
            <parameters>
              <value>businesscard</value>
              <DefaultImage type="Multiple">businesscard</DefaultImage>
              <AdvancedCustomization>businesscardattributes</AdvancedCustomization>
            </parameters>
          </customControl>
        </controlDescription>
        <controlDescription forControl="{5ca8c570-a541-4cf4-9209-99406ba7cbdf}">
          <customControl formFactor="0" name="MscrmControls.TalkingPointsControl.TalkingPoints">
            <parameters>
              <fullname>fullname</fullname>
            </parameters>
          </customControl>
          <customControl formFactor="1" name="MscrmControls.TalkingPointsControl.TalkingPoints">
            <parameters>
              <fullname>fullname</fullname>
            </parameters>
          </customControl>
          <customControl formFactor="2" name="MscrmControls.TalkingPointsControl.TalkingPoints">
            <parameters>
              <fullname>fullname</fullname>
            </parameters>
          </customControl>
        </controlDescription>
      </controlDescriptions>
      <formLibraries>
        <Library name="msdyn_talkingpointsloader.js" libraryUniqueId="{30d6d0a4-d097-b9be-cc6e-5722727be490}" />
        <Library name="pfc_switchform" libraryUniqueId="{4874568b-52e5-01d5-a8e5-4449a816deab}" />
      </formLibraries>
      <footer id="{5fe4d720-bd7e-4dc5-a7aa-e019230967dd}" celllabelposition="Top" columns="111" labelwidth="115" celllabelalignment="Left">
        <rows>
          <row>
            <cell id="{7aa159dc-6319-48de-9278-a68df0658342}" labelid="{6fff0e30-6031-488c-83fa-c98e97030d44}">
              <labels>
                <label description="" languagecode="1033" />
              </labels>
            </cell>
            <cell id="{482c31c0-0229-45f5-8af9-e3e04bec7257}" labelid="{9c0f6a3f-bb94-4d57-ab06-88b17e90aa28}">
              <labels>
                <label description="" languagecode="1033" />
              </labels>
            </cell>
            <cell id="{4d746002-5cf7-4ddd-82e9-3d8dc279b475}" labelid="{a9a88c50-ac9d-4db2-bc25-319acf2234b1}">
              <labels>
                <label description="" languagecode="1033" />
              </labels>
            </cell>
          </row>
        </rows>
      </footer>
      <DisplayConditions FallbackForm="true" Order="16">
        <Role Id="{627090ff-40a3-4053-8790-584edc5be201}" />
        <Role Id="{119f245c-3cc8-4b62-b31c-d1a046ced15d}" />
      </DisplayConditions>
    </form>
    <IsCustomizable>1</IsCustomizable>
    <CanBeDeleted>1</CanBeDeleted>
    <LocalizedNames>
      <LocalizedName description="Probationer Main Form" languagecode="1033" />
    </LocalizedNames>
    <Descriptions>
      <Description description="Updated default Contact form." languagecode="1033" />
    </Descriptions>
  </systemform>
</forms>