﻿<?xml version="1.0" encoding="utf-8"?>
<forms xmlns:xsi="http://www.w3.org/2001/XMLSchema-instance">
  <systemform>
    <formid>{82024a18-a176-eb11-a812-0022481a6366}</formid>
    <IntroducedVersion>1.0.0.187</IntroducedVersion>
    <FormPresentation>1</FormPresentation>
    <FormActivationState>1</FormActivationState>
    <form showImage="true" headerdensity="HighWithControls" shownavigationbar="true" maxWidth="1920">
      <ancestor id="{1fed44d1-ae68-4a41-bd2b-f13acac4acfa}" />
      <hiddencontrols>
        <data id="fullname" datafieldname="fullname" classid="{5546E6CD-394C-4bee-94A8-4425E17EF6C6}" />
        <data id="address1_addressid" datafieldname="address1_addressid" classid="{5546E6CD-394C-4bee-94A8-4425E17EF6C6}" />
        <data id="address2_addressid" datafieldname="address2_addressid" classid="{5546E6CD-394C-4bee-94A8-4425E17EF6C6}" />
      </hiddencontrols>
      <tabs>
        <tab name="SUMMARY_TAB" id="{15bb2d4b-71da-74ea-3c5b-e497d78a55a2}" IsUserDefined="0" showlabel="true" expanded="true" labelid="{1c904248-917d-43e0-8f49-cd380b1fc0a8}">
          <labels>
            <label description="Summary" languagecode="1033" />
          </labels>
          <columns>
            <column width="33%">
              <sections>
                <section name="CONTACT_INFORMATION" showlabel="true" showbar="false" id="{9d943649-0387-1882-caa1-36de40d5a86c}" IsUserDefined="0" layout="varwidth" columns="1" labelwidth="115" celllabelposition="Left" labelid="{fb406c1e-0020-4d79-b174-b762771ac44f}">
                  <labels>
                    <label description="Contact Information" languagecode="1033" />
                  </labels>
                  <rows>
                    <row>
                      <cell id="{542e581d-cca1-5e40-e6d9-d67a9d1468b4}" showlabel="true" locklevel="0" labelid="{55678d1f-fcff-4d60-8f23-7f8a61aca2fc}">
                        <labels>
                          <label description="Full Name" languagecode="1033" />
                        </labels>
                        <control id="fullname" classid="{4273EDBD-AC1D-40d3-9FB2-095C621B552D}" datafieldname="fullname" disabled="false" />
                      </cell>
                    </row>
                    <row>
                      <cell id="{a9665e1e-3900-4c05-8663-91d620408a35}" showlabel="true" locklevel="0" labelid="{c4c9ea2f-ccbf-49aa-8403-dc321eba963e}">
                        <labels>
                          <label description="Role" languagecode="1033" />
                        </labels>
                        <control id="accountrolecode" classid="{3EF39988-22BB-4F0B-BBBE-64B5A3748AEE}" datafieldname="accountrolecode" disabled="false" uniqueid="{e9d6ab23-42b8-6a58-04ce-85794135d99e}" />
                      </cell>
                    </row>
                    <row>
                      <cell id="{7d538a97-98eb-b438-72de-57a808b9a308}" showlabel="true" labelid="{05f610f9-ff01-4253-a688-f4ea896c444f}">
                        <labels>
                          <label description="Email" languagecode="1033" />
                        </labels>
                        <control id="emailaddress1" classid="{ADA2203E-B4CD-49be-9DDF-234642B43B52}" datafieldname="emailaddress1" disabled="false" />
                      </cell>
                    </row>
                    <row>
                      <cell id="{215da2d0-2b64-3481-8d2d-16107d4d7e5b}" showlabel="true" labelid="{4494ca13-1410-46eb-8293-e22e4feaecff}">
                        <labels>
                          <label description="Home Phone" languagecode="1033" />
                        </labels>
                        <control id="telephone1" classid="{4273EDBD-AC1D-40d3-9FB2-095C621B552D}" datafieldname="telephone1" disabled="false" />
                      </cell>
                    </row>
                    <row>
                      <cell id="{290b48ba-c0cc-7746-6dda-93e240e4cc78}" showlabel="true" labelid="{9a3abc80-caeb-4a1a-9852-3c65e59ae131}">
                        <labels>
                          <label description="Mobile Phone" languagecode="1033" />
                        </labels>
                        <control id="mobilephone" classid="{4273EDBD-AC1D-40d3-9FB2-095C621B552D}" datafieldname="mobilephone" disabled="false" />
                      </cell>
                    </row>
                    <row>
                      <cell id="{408dda0b-48a7-c05c-e29a-56a93eb97172}" showlabel="true" labelid="{809dccc5-40b1-48d0-b800-58d52c3d6138}">
                        <labels>
                          <label description="Preferred Method of Contact" languagecode="1033" />
                        </labels>
                        <control id="preferredcontactmethodcode" classid="{3EF39988-22BB-4f0b-BBBE-64B5A3748AEE}" datafieldname="preferredcontactmethodcode" disabled="false" />
                      </cell>
                    </row>
                    <row>
                      <cell id="{133d09d6-c374-954a-315b-435e1eeb722c}" showlabel="true" locklevel="0" labelid="{16c5a73e-82f6-419a-bcca-caeb326e774e}">
                        <labels>
                          <label description="Address" languagecode="1033" />
                        </labels>
                        <control id="address1_composite" classid="{E0DECE4B-6FC8-4a8f-A065-082708572369}" datafieldname="address1_composite" disabled="false" />
                      </cell>
                    </row>
                  </rows>
                </section>
                <section name="BusinessCard" showlabel="true" locklevel="0" id="{d6928560-988d-56e4-55b6-99aa3c898561}" IsUserDefined="0" layout="varwidth" columns="1" labelwidth="115" celllabelalignment="Left" celllabelposition="Left" visible="false" labelid="{9fac194c-94f9-4693-849c-73780061ee9d}">
                  <labels>
                    <label description="Business Card" languagecode="1033" />
                  </labels>
                  <rows>
                    <row>
                      <cell id="{4acc2393-dcac-6588-9258-3d228b26430a}" showlabel="false" locklevel="0" labelid="{1dadcec6-71ba-400e-aff2-13fa59e7463b}">
                        <labels>
                          <label description="Business Card" languagecode="1033" />
                        </labels>
                        <control id="businesscard" classid="{F9A8A302-114E-466A-B582-6771B2AE0D92}" datafieldname="businesscard" disabled="false" uniqueid="{69d839e7-9935-3a7e-d978-85a1cdb50323}" />
                      </cell>
                    </row>
                  </rows>
                </section>
              </sections>
            </column>
            <column width="42%">
              <sections>
                <section name="SOCIAL_PANE_TAB" showlabel="false" showbar="false" id="{bea579b8-8901-77b0-1128-351760e68bd4}" IsUserDefined="0" layout="varwidth" columns="1" labelwidth="115" celllabelposition="Top" labelid="{4095e396-ea7f-4794-b139-d50862e09d6c}">
                  <labels>
                    <label description="SOCIAL PANE" languagecode="1033" />
                  </labels>
                  <rows>
                    <row>
                      <cell id="{db701364-1d99-369c-c409-11d17878e513}" showlabel="false" rowspan="23" auto="false" colspan="1" labelid="{68453fe3-2eec-4c65-af63-88b3c7d4c438}">
                        <labels>
                          <label description="" languagecode="1033" />
                        </labels>
                        <control id="notescontrol" classid="{06375649-C143-495E-A496-C962E5B4488E}" disabled="false">
                          <parameters>
                            <UClientActivities>appointment,email,phonecall,task</UClientActivities>
                            <UClientDisplayActivityUsing>defaultfields</UClientDisplayActivityUsing>
                            <UClientActivityCardMap>appointment:4201:,campaignactivity:4402:,campaignresponse:4401:,email:4202:,fax:4204:,incidentresolution:4206:,letter:4207:,opportunityclose:4208:,orderclose:4209:,phonecall:4210:,quoteclose:4211:,recurringappointmentmaster:4251:,socialactivity:4216:,task:4212:,adx_alertsubscription:10144:,adx_inviteredemption:10147:,adx_portalcomment:10196:,msfp_surveyinvite:10106:,msfp_surveyresponse:10107:,</UClientActivityCardMap>
                            <UClientActivitiesConfigurationJSON>{"campaignactivity":{"showStatus":true,"canCreate":false},"fax":{"showStatus":false,"canCreate":false},"msfp_surveyinvite":{"showStatus":true,"canCreate":false},"msfp_surveyresponse":{"showStatus":true,"canCreate":false},"quoteclose":{"showStatus":false,"canCreate":false},"orderclose":{"showStatus":false,"canCreate":false},"opportunityclose":{"showStatus":false,"canCreate":false},"letter":{"showStatus":true,"canCreate":false},"incidentresolution":{"showStatus":false,"canCreate":false},"adx_inviteredemption":{"showStatus":true,"canCreate":true},"adx_portalcomment":{"showStatus":true,"canCreate":true},"adx_alertsubscription":{"showStatus":true,"canCreate":true},"socialactivity":{"showStatus":true,"canCreate":false},"recurringappointmentmaster":{"showStatus":true,"canCreate":false}}</UClientActivitiesConfigurationJSON>
                          </parameters>
                        </control>
                      </cell>
                    </row>
                    <row />
                    <row />
                    <row />
                    <row />
                    <row />
                    <row />
                    <row />
                    <row />
                    <row />
                    <row />
                    <row />
                    <row />
                    <row />
                    <row />
                    <row />
                    <row />
                    <row />
                    <row />
                    <row />
                    <row />
                    <row />
                    <row />
                  </rows>
                </section>
              </sections>
            </column>
            <column width="25%">
              <sections>
                <section name="CUSTOMER_DETAILS_TAB" id="fc7c9c58-548f-4b21-b558-05f1887ee261" IsUserDefined="0" locklevel="0" showlabel="false" showbar="false" layout="varwidth" celllabelalignment="Left" celllabelposition="Top" columns="1" labelwidth="115" labelid="{67fb1ea7-5a6b-4c07-a9d0-5a4ba2430b41}">
                  <labels>
                    <label description="CUSTOMER DETAILS" languagecode="1033" />
                  </labels>
                  <rows>
                    <row>
                      <cell id="{67e0e014-8a2a-3342-2382-e38b4b3d5197}" showlabel="true" locklevel="0">
                        <labels>
                          <label description="Parent Account" languagecode="1033" />
                        </labels>
                        <control id="parentcustomerid" classid="{270BD3DB-D9AF-4782-9025-509E298DEC0A}" datafieldname="parentcustomerid" disabled="false" uniqueid="{c0c7dcae-1095-89c7-ce59-334da7888086}">
                          <parameters>
                            <AutoResolve>true</AutoResolve>
                            <DisableMru>true</DisableMru>
                          </parameters>
                        </control>
                      </cell>
                    </row>
                    <row>
                      <cell id="{68a78aeb-a395-5ae5-ce67-3d9be3e5330b}" showlabel="false" colspan="1" auto="false">
                        <labels>
                          <label description="Company Name" languagecode="1033" />
                        </labels>
                        <control id="accountquickform" classid="{5C5600E0-1D6E-4205-A272-BE80DA87FD42}" datafieldname="parentcustomerid" disabled="false">
                          <parameters>
                            <QuickForms>&lt;QuickFormIds&gt;&lt;QuickFormId entityname="account"&gt;b028db32-3619-48a5-ac51-cf3f947b0ef3&lt;/QuickFormId&gt;&lt;/QuickFormIds&gt;</QuickForms>
                            <ControlMode>Edit</ControlMode>
                            <DisplayAsCustomer360Tile>true</DisplayAsCustomer360Tile>
                          </parameters>
                        </control>
                      </cell>
                    </row>
                  </rows>
                </section>
              </sections>
            </column>
          </columns>
        </tab>
        <tab name="DETAILS_TAB" id="{fe1c5c3b-d556-4552-a444-4781214a6d63}" IsUserDefined="0" expanded="true" showlabel="true" labelid="{b77af059-596a-4de8-8cfb-81b1d7885a91}" locklevel="0">
          <labels>
            <label description="Details" languagecode="1033" />
          </labels>
          <columns>
            <column width="34%">
              <sections>
                <section name="PERSONAL INFORMATION" id="0f1cb462-f3d3-4864-af61-cba109f0e3fd" IsUserDefined="0" locklevel="0" showlabel="true" showbar="false" layout="varwidth" celllabelalignment="Left" celllabelposition="Left" columns="1" labelwidth="115" labelid="{e436ed62-d8f5-4b39-91d5-3af2d295507f}">
                  <labels>
                    <label description="PERSONAL" languagecode="1033" />
                  </labels>
                  <rows>
                    <row>
                      <cell id="{4e97c84b-6a54-0090-e40d-d5247a0db7ee}" showlabel="true" locklevel="0">
                        <labels>
                          <label description="Gender" languagecode="1033" />
                        </labels>
                        <control id="gendercode" classid="{3EF39988-22BB-4f0b-BBBE-64B5A3748AEE}" datafieldname="gendercode" disabled="false" />
                      </cell>
                    </row>
                    <row>
                      <cell id="{79881751-6940-0e13-c56d-305458e20655}" showlabel="true" locklevel="0">
                        <labels>
                          <label description="Marital Status" languagecode="1033" />
                        </labels>
                        <control id="familystatuscode" classid="{3EF39988-22BB-4f0b-BBBE-64B5A3748AEE}" datafieldname="familystatuscode" disabled="false" />
                      </cell>
                    </row>
                    <row>
                      <cell id="{c6a1a760-75c7-016a-9189-2d353de162c3}" showlabel="true" locklevel="0">
                        <labels>
                          <label description="Spouse/Partner Name" languagecode="1033" />
                        </labels>
                        <control id="spousesname" classid="{4273EDBD-AC1D-40d3-9FB2-095C621B552D}" datafieldname="spousesname" disabled="false" />
                      </cell>
                    </row>
                    <row>
                      <cell id="{5d608ecb-3a99-903a-5684-04616259857d}" showlabel="true" locklevel="0">
                        <labels>
                          <label description="Date of Birth" languagecode="1033" />
                        </labels>
                        <control id="birthdate" classid="{5B773807-9FB2-42db-97C3-7A91EFF8ADFF}" datafieldname="birthdate" disabled="false" uniqueid="{0b1619c8-da13-4829-197a-4b22e8dab4da}" />
                      </cell>
                    </row>
                    <row>
                      <cell id="{ab40494c-6d0c-9d00-b60b-9ec8617036ba}" showlabel="true" locklevel="0">
                        <labels>
                          <label description="Anniversary" languagecode="1033" />
                        </labels>
                        <control id="anniversary" classid="{5B773807-9FB2-42db-97C3-7A91EFF8ADFF}" datafieldname="anniversary" disabled="false" />
                      </cell>
                    </row>
                  </rows>
                </section>
              </sections>
            </column>
            <column width="33%">
              <sections>
                <section name="CONTACT_PREFERENCES" showlabel="true" showbar="false" id="{42aa148d-17fa-4c73-8213-bd22400b74ea}" IsUserDefined="0" columns="1" labelwidth="115" celllabelposition="Left" labelid="{38cdb825-ff95-4e02-8f9d-edc9e8035a9e}">
                  <labels>
                    <label description="CONTACT PREFERENCES" languagecode="1033" />
                  </labels>
                  <rows>
                    <row>
                      <cell id="{d4ec2d52-6658-cee9-4a2a-7a8029ad1862}" showlabel="true" locklevel="0" labelid="{25440c57-d7e7-476d-b58b-a569f5156b3c}">
                        <labels>
                          <label description="Contact Method" languagecode="1033" />
                        </labels>
                        <control id="preferredcontactmethodcode" classid="{3EF39988-22BB-4f0b-BBBE-64B5A3748AEE}" datafieldname="preferredcontactmethodcode" disabled="false" />
                      </cell>
                    </row>
                    <row>
                      <cell id="{f0b4951b-b5ec-4103-b69d-7ac2ad176ee4}" labelid="{cc219de0-3831-4499-8224-47c3252d2b6a}">
                        <labels>
                          <label description="Email" languagecode="1033" />
                        </labels>
                        <control id="donotemail" classid="{67FAC785-CD58-4f9f-ABB3-4B7DDC6ED5ED}" datafieldname="donotemail" />
                      </cell>
                    </row>
                    <row>
                      <cell id="{569cf3bd-3b14-46d8-a03a-22e6317d1d41}" labelid="{b93fbe0b-c83a-4472-ac81-024e6500a121}">
                        <labels>
                          <label description="Phone" languagecode="1033" />
                        </labels>
                        <control id="donotphone" classid="{67FAC785-CD58-4f9f-ABB3-4B7DDC6ED5ED}" datafieldname="donotphone" />
                      </cell>
                    </row>
                    <row>
                      <cell id="{dfe9aafd-1acc-488d-b31e-feef6f63a34d}" labelid="{11e9a504-9871-481c-bcb9-fcc838e0e316}">
                        <labels>
                          <label description="Mail" languagecode="1033" />
                        </labels>
                        <control id="donotpostalmail" classid="{67FAC785-CD58-4f9f-ABB3-4B7DDC6ED5ED}" datafieldname="donotpostalmail" />
                      </cell>
                    </row>
                  </rows>
                </section>
              </sections>
            </column>
            <column width="33%">
              <sections>
                <section name="PERSONAL_NOTES_SECTION" showlabel="true" showbar="false" locklevel="0" id="{5582147e-e4da-86c4-0ab3-54512c064c10}" IsUserDefined="0" layout="varwidth" columns="1" labelwidth="115" celllabelalignment="Left" celllabelposition="Left">
                  <labels>
                    <label description="PERSONAL NOTES" languagecode="1033" />
                  </labels>
                  <rows>
                    <row>
                      <cell id="{6e40e081-ed76-cb95-5b60-9c3a8ccb3179}" showlabel="false" locklevel="0">
                        <labels>
                          <label description="Description" languagecode="1033" />
                        </labels>
                        <control id="description" classid="{E0DECE4B-6FC8-4a8f-A065-082708572369}" datafieldname="description" disabled="false" uniqueid="{272cbe1b-e281-0919-cbcd-8418ee45e9b0}" />
                      </cell>
                    </row>
                  </rows>
                </section>
              </sections>
            </column>
          </columns>
        </tab>
        <tab name="documents_sharepoint" id="{1960CA58-ED7E-4E66-A9CB-7566856DC3ED}" IsUserDefined="0" locklevel="0" showlabel="true" expanded="true" labelid="{1d70b34e-45aa-480b-8aad-aae7a6529603}">
          <labels>
            <label description="Files" languagecode="1033" />
          </labels>
          <columns>
            <column width="100%">
              <sections>
                <section name="documents_sharepoint_section" showlabel="false" showbar="false" locklevel="0" id="{BE5AE9F3-1B88-494F-9EA0-923274F96BCE}" IsUserDefined="0" layout="varwidth" columns="1" labelid="{d6706a46-29e5-4fde-8c9d-82092e72de9e}">
                  <labels>
                    <label description="Documents Section" languagecode="1033" />
                  </labels>
                  <rows>
                    <row>
                      <cell id="{CA6A9D43-D8BF-41C4-B8F8-DA2D748E20EB}" showlabel="false" colspan="1" auto="false" rowspan="7" labelid="{d9755e72-5a36-4d21-ae08-e89355caff9e}">
                        <labels>
                          <label description="Documents" languagecode="1033" />
                        </labels>
                        <control id="DocumentsSubGrid" classid="{E7A81278-8635-4d9e-8D4D-59480B391C5B}" indicationOfSubgrid="true" uniqueid="{9F15AEB7-2A4B-4D3B-90B5-6543C2049E9E}">
                          <parameters>
                            <ViewId>{A5B008AC-07D9-4554-8509-2C05767BFF51}</ViewId>
                            <IsUserView>false</IsUserView>
                            <RelationshipName>contact_SharePointDocuments</RelationshipName>
                            <TargetEntityType>sharepointdocument</TargetEntityType>
                            <AutoExpand>Fixed</AutoExpand>
                            <EnableQuickFind>false</EnableQuickFind>
                            <EnableViewPicker>false</EnableViewPicker>
                            <EnableJumpBar>false</EnableJumpBar>
                            <ChartGridMode>Grid</ChartGridMode>
                            <VisualizationId />
                            <IsUserChart>false</IsUserChart>
                            <EnableChartPicker>false</EnableChartPicker>
                            <RecordsPerPage>10</RecordsPerPage>
                            <ViewIds>{A5B008AC-07D9-4554-8509-2C05767BFF51}</ViewIds>
                          </parameters>
                        </control>
                      </cell>
                    </row>
                    <row />
                    <row />
                    <row />
                    <row />
                    <row />
                    <row />
                  </rows>
                </section>
              </sections>
            </column>
          </columns>
        </tab>
      </tabs>
      <header id="{3ff9aa06-4e43-41ce-afa9-22a038af5c19}" celllabelposition="Top" columns="1" labelwidth="115">
        <rows>
          <row>
            <cell id="{24be01cc-16a6-8eea-8916-42d20a1097ae}" showlabel="true" locklevel="1" labelid="{cdb4f259-a2ce-4d12-90fb-994b262329af}">
              <labels>
                <label description="Owner" languagecode="1033" />
              </labels>
              <control id="header_ownerid" classid="{270BD3DB-D9AF-4782-9025-509E298DEC0A}" datafieldname="ownerid" />
            </cell>
          </row>
        </rows>
      </header>
      <clientresources>
        <internalresources>
          <clientincludes>
            <internaljscriptfile src="$webresource:AppCommon/Contact/Contact_main_system_library.js" />
            <internaljscriptfile src="$webresource:Sales/Contact/Contact_main_system_library.js" />
            <internaljscriptfile src="$webresource:Sales/ClientCommon/Sales_ClientCommon.js" />
          </clientincludes>
        </internalresources>
      </clientresources>
      <events>
        <event name="onload" application="true" active="true">
          <InternalHandlers>
            <Handler functionName="AppCommon.Contact.Instance.form_onload" libraryName="AppCommon/Contact/Contact_main_system_library.js" handlerUniqueId="4ea24ebd-795d-434e-af94-6812c3867b54" enabled="true" />
            <Handler functionName="Sales.Contact.Instance.Form_onload" libraryName="Sales/Contact/Contact_main_system_library.js" handlerUniqueId="fad0dc4f-a62b-48ad-a35b-b2bf83c1ba99" enabled="true" passExecutionContext="true" />
          </InternalHandlers>
          <Handlers>
            <Handler functionName="loadTalkingPoints" libraryName="msdyn_talkingpointsloader.js" handlerUniqueId="{a96425be-a853-9549-dc5a-1610151533dd}" enabled="true" parameters="" passExecutionContext="true" />
            <Handler functionName="Sales.DocumentsTabController.shouldShowDocumentsTab" libraryName="Sales/ClientCommon/Sales_ClientCommon.js" handlerUniqueId="{8386030F-4166-4B1E-9428-5E4525B0F0EC}" enabled="true" parameters="" passExecutionContext="true" />
            <Handler functionName="switchForm" libraryName="pfc_switchform" handlerUniqueId="{e3ae4b14-b234-7864-104a-43e7d9e09dc6}" enabled="true" parameters="" passExecutionContext="true" />
          </Handlers>
        </event>
      </events>
      <Navigation>
        <NavBar>
          <NavBarByRelationshipItem RelationshipName="Contact_CustomerAddress" Id="navAddresses" Sequence="10" Area="Info" Show="false">
            <Privileges>
              <Privilege Entity="" Privilege="ReadActivity" />
            </Privileges>
            <Titles>
              <Title LCID="1033" Text="Addresses" />
              <Title LCID="1025" Text="العناوين" />
              <Title LCID="1026" Text="Адреси" />
              <Title LCID="1027" Text="Adreces" />
              <Title LCID="1029" Text="Adresy" />
              <Title LCID="1030" Text="Adresser" />
              <Title LCID="1031" Text="Adressen" />
              <Title LCID="1032" Text="Διευθύνσεις" />
              <Title LCID="3082" Text="Direcciones" />
              <Title LCID="1061" Text="Aadressid" />
              <Title LCID="1069" Text="Helbideak" />
              <Title LCID="1035" Text="Osoitteet" />
              <Title LCID="1036" Text="Adresses" />
              <Title LCID="1110" Text="Enderezos" />
              <Title LCID="1037" Text="כתובות" />
              <Title LCID="1081" Text="पते" />
              <Title LCID="1050" Text="Adrese" />
              <Title LCID="1038" Text="Címek" />
              <Title LCID="1057" Text="Alamat" />
              <Title LCID="1040" Text="Indirizzi" />
              <Title LCID="1041" Text="住所" />
              <Title LCID="1087" Text="Мекенжайлар" />
              <Title LCID="1042" Text="주소" />
              <Title LCID="1063" Text="Adresai" />
              <Title LCID="1062" Text="Adreses" />
              <Title LCID="1086" Text="Alamat" />
              <Title LCID="1044" Text="Adresser" />
              <Title LCID="1043" Text="Adressen" />
              <Title LCID="1045" Text="Adresy" />
              <Title LCID="1046" Text="Endereços" />
              <Title LCID="2070" Text="Endereços" />
              <Title LCID="1048" Text="Adrese" />
              <Title LCID="1049" Text="Адреса" />
              <Title LCID="1051" Text="Adresy" />
              <Title LCID="1060" Text="Naslovi" />
              <Title LCID="10266" Text="Адресе" />
              <Title LCID="9242" Text="Adrese" />
              <Title LCID="1053" Text="Adresser" />
              <Title LCID="1054" Text="ที่อยู่" />
              <Title LCID="1055" Text="Adresler" />
              <Title LCID="1058" Text="Адреси" />
              <Title LCID="1066" Text="Địa chỉ" />
              <Title LCID="2052" Text="地址" />
              <Title LCID="3076" Text="地址" />
              <Title LCID="1028" Text="地址" />
              <Title LCID="3098" Text="Адресе" />
              <Title LCID="2074" Text="Adrese" />
            </Titles>
          </NavBarByRelationshipItem>
          <NavBarByRelationshipItem RelationshipName="contact_customer_contacts" Id="navSubConts" Sequence="10" Area="Info" Show="false">
            <Privileges>
              <Privilege Entity="" Privilege="ReadActivity" />
            </Privileges>
            <Titles>
              <Title LCID="1033" Text="Contacts" />
              <Title LCID="1025" Text="جهات الاتصال" />
              <Title LCID="1026" Text="Контакти" />
              <Title LCID="1027" Text="Contactes" />
              <Title LCID="1029" Text="Kontakty" />
              <Title LCID="1030" Text="Kontakter" />
              <Title LCID="1031" Text="Kontakte" />
              <Title LCID="1032" Text="Επαφές" />
              <Title LCID="3082" Text="Contactos" />
              <Title LCID="1061" Text="Kontaktid" />
              <Title LCID="1069" Text="Kontaktuak" />
              <Title LCID="1035" Text="Yhteyshenkilöt" />
              <Title LCID="1036" Text="Contacts" />
              <Title LCID="1110" Text="Contactos" />
              <Title LCID="1037" Text="אנשי קשר" />
              <Title LCID="1081" Text="संपर्क" />
              <Title LCID="1050" Text="Kontakti" />
              <Title LCID="1038" Text="Kapcsolattartók" />
              <Title LCID="1057" Text="Kontak" />
              <Title LCID="1040" Text="Contatti" />
              <Title LCID="1041" Text="取引先担当者" />
              <Title LCID="1087" Text="Контактілер" />
              <Title LCID="1042" Text="연락처" />
              <Title LCID="1063" Text="Kontaktai" />
              <Title LCID="1062" Text="Kontaktpersonas" />
              <Title LCID="1086" Text="Kenalan" />
              <Title LCID="1044" Text="Kontakter" />
              <Title LCID="1043" Text="Contactpersonen" />
              <Title LCID="1045" Text="Kontakty" />
              <Title LCID="1046" Text="Contatos" />
              <Title LCID="2070" Text="Contactos" />
              <Title LCID="1048" Text="Persoane de contact" />
              <Title LCID="1049" Text="Контакты" />
              <Title LCID="1051" Text="Kontakty" />
              <Title LCID="1060" Text="Stiki" />
              <Title LCID="10266" Text="Контакти" />
              <Title LCID="9242" Text="Kontakti" />
              <Title LCID="1053" Text="Kontakter" />
              <Title LCID="1054" Text="ผู้ติดต่อ" />
              <Title LCID="1055" Text="İlgili Kişiler" />
              <Title LCID="1058" Text="Контактні особи" />
              <Title LCID="1066" Text="Người liên hệ" />
              <Title LCID="2052" Text="联系人" />
              <Title LCID="3076" Text="連絡人" />
              <Title LCID="1028" Text="連絡人" />
              <Title LCID="3098" Text="Контакти" />
              <Title LCID="2074" Text="Kontakti" />
            </Titles>
          </NavBarByRelationshipItem>
          <NavBarByRelationshipItem RelationshipName="contact_customer_relationship_customer" Id="navRelationships" Sequence="10" Area="Info" Show="false">
            <Privileges>
              <Privilege Entity="" Privilege="ReadActivity" />
            </Privileges>
            <Titles>
              <Title LCID="1033" Text="CustomerRelationship" />
              <Title LCID="1025" Text="CustomerRelationship" />
              <Title LCID="1026" Text="CustomerRelationship" />
              <Title LCID="1027" Text="CustomerRelationship" />
              <Title LCID="1029" Text="CustomerRelationship" />
              <Title LCID="1030" Text="CustomerRelationship" />
              <Title LCID="1031" Text="CustomerRelationship" />
              <Title LCID="1032" Text="CustomerRelationship" />
              <Title LCID="3082" Text="CustomerRelationship" />
              <Title LCID="1061" Text="CustomerRelationship" />
              <Title LCID="1069" Text="CustomerRelationship" />
              <Title LCID="1035" Text="CustomerRelationship" />
              <Title LCID="1036" Text="CustomerRelationship" />
              <Title LCID="1110" Text="CustomerRelationship" />
              <Title LCID="1037" Text="CustomerRelationship" />
              <Title LCID="1081" Text="CustomerRelationship" />
              <Title LCID="1050" Text="CustomerRelationship" />
              <Title LCID="1038" Text="CustomerRelationship" />
              <Title LCID="1057" Text="CustomerRelationship" />
              <Title LCID="1040" Text="CustomerRelationship" />
              <Title LCID="1041" Text="CustomerRelationship" />
              <Title LCID="1087" Text="CustomerRelationship" />
              <Title LCID="1042" Text="CustomerRelationship" />
              <Title LCID="1063" Text="CustomerRelationship" />
              <Title LCID="1062" Text="CustomerRelationship" />
              <Title LCID="1086" Text="CustomerRelationship" />
              <Title LCID="1044" Text="CustomerRelationship" />
              <Title LCID="1043" Text="CustomerRelationship" />
              <Title LCID="1045" Text="CustomerRelationship" />
              <Title LCID="1046" Text="CustomerRelationship" />
              <Title LCID="2070" Text="CustomerRelationship" />
              <Title LCID="1048" Text="CustomerRelationship" />
              <Title LCID="1049" Text="CustomerRelationship" />
              <Title LCID="1051" Text="CustomerRelationship" />
              <Title LCID="1060" Text="CustomerRelationship" />
              <Title LCID="10266" Text="CustomerRelationship" />
              <Title LCID="9242" Text="CustomerRelationship" />
              <Title LCID="1053" Text="CustomerRelationship" />
              <Title LCID="1054" Text="CustomerRelationship" />
              <Title LCID="1055" Text="CustomerRelationship" />
              <Title LCID="1058" Text="CustomerRelationship" />
              <Title LCID="1066" Text="CustomerRelationship" />
              <Title LCID="2052" Text="CustomerRelationship" />
              <Title LCID="3076" Text="CustomerRelationship" />
              <Title LCID="1028" Text="CustomerRelationship" />
              <Title LCID="3098" Text="CustomerRelationship" />
              <Title LCID="2074" Text="CustomerRelationship" />
            </Titles>
          </NavBarByRelationshipItem>
          <NavBarByRelationshipItem RelationshipName="invoice_customer_contacts" Id="navInvoices" Sequence="10" Area="Info" Show="false">
            <Privileges>
              <Privilege Entity="" Privilege="ReadActivity" />
            </Privileges>
            <Titles>
              <Title LCID="1033" Text="Invoice" />
              <Title LCID="1025" Text="الفاتورة" />
              <Title LCID="1026" Text="Фактура" />
              <Title LCID="1027" Text="Factura" />
              <Title LCID="1029" Text="Faktura" />
              <Title LCID="1030" Text="Faktura" />
              <Title LCID="1031" Text="Rechnung" />
              <Title LCID="1032" Text="Τιμολόγιο" />
              <Title LCID="3082" Text="Factura" />
              <Title LCID="1061" Text="Arve" />
              <Title LCID="1069" Text="Faktura" />
              <Title LCID="1035" Text="Lasku" />
              <Title LCID="1036" Text="Facture" />
              <Title LCID="1110" Text="Factura" />
              <Title LCID="1037" Text="חשבונית" />
              <Title LCID="1081" Text="इनवॉइस" />
              <Title LCID="1050" Text="Faktura" />
              <Title LCID="1038" Text="Számla" />
              <Title LCID="1057" Text="Faktur" />
              <Title LCID="1040" Text="Fattura" />
              <Title LCID="1041" Text="請求書" />
              <Title LCID="1087" Text="Есеп-шот" />
              <Title LCID="1042" Text="송장" />
              <Title LCID="1063" Text="Sąskaita faktūra" />
              <Title LCID="1062" Text="Rēķins" />
              <Title LCID="1086" Text="Invois" />
              <Title LCID="1044" Text="Faktura" />
              <Title LCID="1043" Text="Factuur" />
              <Title LCID="1045" Text="Faktura" />
              <Title LCID="1046" Text="Fatura" />
              <Title LCID="2070" Text="Fatura" />
              <Title LCID="1048" Text="Factură" />
              <Title LCID="1049" Text="Счет" />
              <Title LCID="1051" Text="Faktúra" />
              <Title LCID="1060" Text="Račun" />
              <Title LCID="10266" Text="Фактура" />
              <Title LCID="9242" Text="Faktura" />
              <Title LCID="1053" Text="Faktura" />
              <Title LCID="1054" Text="ใบแจ้งหนี้" />
              <Title LCID="1055" Text="Fatura" />
              <Title LCID="1058" Text="Рахунок" />
              <Title LCID="1066" Text="Hóa đơn" />
              <Title LCID="2052" Text="发票" />
              <Title LCID="3076" Text="發票" />
              <Title LCID="1028" Text="發票" />
              <Title LCID="3098" Text="Фактура" />
              <Title LCID="2074" Text="Faktura" />
            </Titles>
          </NavBarByRelationshipItem>
          <NavBarByRelationshipItem RelationshipName="order_customer_contacts" Id="navOrders" Sequence="10" Area="Info" Show="false">
            <Privileges>
              <Privilege Entity="" Privilege="ReadActivity" />
            </Privileges>
            <Titles>
              <Title LCID="1033" Text="SalesOrder" />
              <Title LCID="1025" Text="أمر المبيعات" />
              <Title LCID="1026" Text="SalesOrder" />
              <Title LCID="1027" Text="Comanda de vendes" />
              <Title LCID="1029" Text="Prodejní objednávka" />
              <Title LCID="1030" Text="SalesOrder" />
              <Title LCID="1031" Text="Vertriebsauftrag" />
              <Title LCID="1032" Text="SalesOrder" />
              <Title LCID="3082" Text="Pedido de venta" />
              <Title LCID="1061" Text="SalesOrder" />
              <Title LCID="1069" Text="SalesOrder" />
              <Title LCID="1035" Text="Myyntitilaus" />
              <Title LCID="1036" Text="Commande client" />
              <Title LCID="1110" Text="SalesOrder" />
              <Title LCID="1037" Text="SalesOrder" />
              <Title LCID="1081" Text="SalesOrder" />
              <Title LCID="1050" Text="SalesOrder" />
              <Title LCID="1038" Text="SalesOrder" />
              <Title LCID="1057" Text="SalesOrder" />
              <Title LCID="1040" Text="Ordine cliente" />
              <Title LCID="1041" Text="SalesOrder" />
              <Title LCID="1087" Text="SalesOrder" />
              <Title LCID="1042" Text="SalesOrder" />
              <Title LCID="1063" Text="Pardavimo užsakymas" />
              <Title LCID="1062" Text="SalesOrder" />
              <Title LCID="1086" Text="SalesOrder" />
              <Title LCID="1044" Text="Salgsordre" />
              <Title LCID="1043" Text="Verkooporder" />
              <Title LCID="1045" Text="SalesOrder" />
              <Title LCID="1046" Text="SalesOrder" />
              <Title LCID="2070" Text="SalesOrder" />
              <Title LCID="1048" Text="SalesOrder" />
              <Title LCID="1049" Text="SalesOrder" />
              <Title LCID="1051" Text="SalesOrder" />
              <Title LCID="1060" Text="SalesOrder" />
              <Title LCID="10266" Text="SalesOrder" />
              <Title LCID="9242" Text="SalesOrder" />
              <Title LCID="1053" Text="Försäljningsorder" />
              <Title LCID="1054" Text="ใบสั่งขาย" />
              <Title LCID="1055" Text="SalesOrder" />
              <Title LCID="1058" Text="Замовлення на продаж" />
              <Title LCID="1066" Text="SalesOrder" />
              <Title LCID="2052" Text="SalesOrder" />
              <Title LCID="3076" Text="SalesOrder" />
              <Title LCID="1028" Text="SalesOrder" />
              <Title LCID="3098" Text="SalesOrder" />
              <Title LCID="2074" Text="SalesOrder" />
            </Titles>
          </NavBarByRelationshipItem>
          <NavBarByRelationshipItem RelationshipName="quote_customer_contacts" Id="navQuotes" Sequence="10" Area="Info" Show="false">
            <Privileges>
              <Privilege Entity="" Privilege="ReadActivity" />
            </Privileges>
            <Titles>
              <Title LCID="1033" Text="Quote" />
              <Title LCID="1025" Text="عرض الأسعار" />
              <Title LCID="1026" Text="Оферта" />
              <Title LCID="1027" Text="Oferta" />
              <Title LCID="1029" Text="Nabídka" />
              <Title LCID="1030" Text="Tilbud" />
              <Title LCID="1031" Text="Angebot" />
              <Title LCID="1032" Text="Προσφορά" />
              <Title LCID="3082" Text="Oferta" />
              <Title LCID="1061" Text="Hinnapakkumine" />
              <Title LCID="1069" Text="Eskaintza" />
              <Title LCID="1035" Text="Tarjous" />
              <Title LCID="1036" Text="Devis" />
              <Title LCID="1110" Text="Oferta" />
              <Title LCID="1037" Text="הצעת מחיר" />
              <Title LCID="1081" Text="कोट" />
              <Title LCID="1050" Text="Ponuda" />
              <Title LCID="1038" Text="Árajánlat" />
              <Title LCID="1057" Text="Kuotasi" />
              <Title LCID="1040" Text="Offerta" />
              <Title LCID="1041" Text="見積もり" />
              <Title LCID="1087" Text="Баға ұсыну" />
              <Title LCID="1042" Text="견적" />
              <Title LCID="1063" Text="Pasiūlymas" />
              <Title LCID="1062" Text="Piedāvājums" />
              <Title LCID="1086" Text="Sebut Harga" />
              <Title LCID="1044" Text="Tilbud" />
              <Title LCID="1043" Text="Prijsopgave" />
              <Title LCID="1045" Text="Oferta" />
              <Title LCID="1046" Text="Cotação" />
              <Title LCID="2070" Text="Proposta" />
              <Title LCID="1048" Text="Ofertă" />
              <Title LCID="1049" Text="Предложение с расценками" />
              <Title LCID="1051" Text="Cenová ponuka" />
              <Title LCID="1060" Text="Ponudba" />
              <Title LCID="10266" Text="Понуда" />
              <Title LCID="9242" Text="Ponuda" />
              <Title LCID="1053" Text="Offert" />
              <Title LCID="1054" Text="ใบเสนอราคา" />
              <Title LCID="1055" Text="Teklif" />
              <Title LCID="1058" Text="Цінова пропозиція" />
              <Title LCID="1066" Text="Báo giá" />
              <Title LCID="2052" Text="报价单" />
              <Title LCID="3076" Text="報價" />
              <Title LCID="1028" Text="報價" />
              <Title LCID="3098" Text="Понуда" />
              <Title LCID="2074" Text="Ponuda" />
            </Titles>
          </NavBarByRelationshipItem>
          <NavBarByRelationshipItem RelationshipName="hardcoded_{B7196B13-6B9D-42CD-BD58-B19A3953126F}navAsyncOperations" Sequence="9500" Area="ProcessCenter" Id="navAsyncOperations" Show="false">
            <Titles>
              <Title LCID="1033" Text="Workflows" />
              <Title LCID="1025" Text="عمليات سير العمل" />
              <Title LCID="1026" Text="Работни потоци" />
              <Title LCID="1027" Text="Fluxos de treball" />
              <Title LCID="1029" Text="Pracovní postupy" />
              <Title LCID="1030" Text="Arbejdsprocesser" />
              <Title LCID="1031" Text="Workflows" />
              <Title LCID="1032" Text="Ροές εργασιών" />
              <Title LCID="3082" Text="Flujos de trabajo" />
              <Title LCID="1061" Text="Töövood" />
              <Title LCID="1069" Text="Lan-fluxuak" />
              <Title LCID="1035" Text="Työnkulut" />
              <Title LCID="1036" Text="Workflows" />
              <Title LCID="1110" Text="Fluxos de traballo" />
              <Title LCID="1037" Text="זרימות עבודה" />
              <Title LCID="1081" Text="कार्य प्रवाह" />
              <Title LCID="1050" Text="Tjekovi rada" />
              <Title LCID="1038" Text="Munkafolyamatok" />
              <Title LCID="1057" Text="Alur Kerja" />
              <Title LCID="1040" Text="Flussi di lavoro" />
              <Title LCID="1041" Text="ワークフロー" />
              <Title LCID="1087" Text="Жұмыс ағындары" />
              <Title LCID="1042" Text="워크플로" />
              <Title LCID="1063" Text="Darbo eigos" />
              <Title LCID="1062" Text="Darbplūsmas" />
              <Title LCID="1086" Text="Aliran Kerja" />
              <Title LCID="1044" Text="Arbeidsflyter" />
              <Title LCID="1043" Text="Werkstromen" />
              <Title LCID="1045" Text="Przepływy pracy" />
              <Title LCID="1046" Text="Fluxos de Trabalho" />
              <Title LCID="2070" Text="Fluxos de Trabalho" />
              <Title LCID="1048" Text="Fluxuri de lucru" />
              <Title LCID="1049" Text="Бизнес-процессы" />
              <Title LCID="1051" Text="Pracovné postupy" />
              <Title LCID="1060" Text="Poteki dela" />
              <Title LCID="10266" Text="Токови посла" />
              <Title LCID="9242" Text="Tokovi posla" />
              <Title LCID="1053" Text="Arbetsflöden" />
              <Title LCID="1054" Text="เวิร์กโฟลว์" />
              <Title LCID="1055" Text="İş Akışları" />
              <Title LCID="1058" Text="Робочі цикли" />
              <Title LCID="1066" Text="Quy trình làm việc" />
              <Title LCID="2052" Text="工作流" />
              <Title LCID="3076" Text="工作流程" />
              <Title LCID="1028" Text="工作流程" />
              <Title LCID="3098" Text="Токови посла" />
              <Title LCID="2074" Text="Tokovi posla" />
            </Titles>
          </NavBarByRelationshipItem>
          <NavBarByRelationshipItem RelationshipName="hardcoded_{B7196B13-6B9D-42CD-BD58-B19A3953126F}navProcessSessions" Sequence="9700" Area="ProcessCenter" Id="navProcessSessions" Show="false">
            <Titles>
              <Title LCID="1033" Text="Dialog Sessions" />
              <Title LCID="1025" Text="جلسات عمل الحوار" />
              <Title LCID="1026" Text="Диалогови сесии" />
              <Title LCID="1027" Text="Sessions del diàleg" />
              <Title LCID="1029" Text="Relace dialogů" />
              <Title LCID="1030" Text="Dialogsessioner" />
              <Title LCID="1031" Text="Dialogsitzungen" />
              <Title LCID="1032" Text="Περίοδοι λειτουργίας παραθύρου διαλόγου" />
              <Title LCID="3082" Text="Sesiones de diálogo" />
              <Title LCID="1061" Text="Dialoogiseansid" />
              <Title LCID="1069" Text="Elkarrizketa-saioak" />
              <Title LCID="1035" Text="Dialogi-istunnot" />
              <Title LCID="1036" Text="Sessions de dialogue" />
              <Title LCID="1110" Text="Sesións de diálogo" />
              <Title LCID="1037" Text="הפעלות דו-שיח" />
              <Title LCID="1081" Text="संवाद सत्र" />
              <Title LCID="1050" Text="Sesije dijaloga" />
              <Title LCID="1038" Text="Párbeszéd-munkamenetek" />
              <Title LCID="1057" Text="Sesi Dialog" />
              <Title LCID="1040" Text="Sessioni di interazione" />
              <Title LCID="1041" Text="ダイアログ セッション" />
              <Title LCID="1087" Text="Диалог сеанстары" />
              <Title LCID="1042" Text="대화 세션" />
              <Title LCID="1063" Text="Dialogo seansai" />
              <Title LCID="1062" Text="Dialogu sesijas" />
              <Title LCID="1086" Text="Sesi Dialog" />
              <Title LCID="1044" Text="Dialogøkter" />
              <Title LCID="1043" Text="Dialoogvenstersessies" />
              <Title LCID="1045" Text="Sesje dialogowe" />
              <Title LCID="1046" Text="Sessões de Diálogo" />
              <Title LCID="2070" Text="Sessões de Diálogo" />
              <Title LCID="1048" Text="Sesiuni de dialog" />
              <Title LCID="1049" Text="Сеансы диалогового окна" />
              <Title LCID="1051" Text="Relácie dialógového okna" />
              <Title LCID="1060" Text="Seje dialoga" />
              <Title LCID="10266" Text="Сесије дијалога" />
              <Title LCID="9242" Text="Sesije dijaloga" />
              <Title LCID="1053" Text="Dialogsessioner" />
              <Title LCID="1054" Text="เซสชันของกล่องโต้ตอบ" />
              <Title LCID="1055" Text="Diyalog Oturumları" />
              <Title LCID="1058" Text="Сеанси діалогу" />
              <Title LCID="1066" Text="Phiên hộp thoại" />
              <Title LCID="2052" Text="对话会话" />
              <Title LCID="3076" Text="對話方塊工作階段" />
              <Title LCID="1028" Text="對話方塊工作階段" />
              <Title LCID="3098" Text="Сесије дијалога" />
              <Title LCID="2074" Text="Sesije dijaloga" />
            </Titles>
          </NavBarByRelationshipItem>
        </NavBar>
        <NavBarAreas>
          <NavBarArea Id="Info">
            <Titles>
              <Title LCID="1033" Text="Common" />
              <Title LCID="1025" Text="Common" />
              <Title LCID="1026" Text="Common" />
              <Title LCID="1027" Text="Common" />
              <Title LCID="1029" Text="Common" />
              <Title LCID="1030" Text="Common" />
              <Title LCID="1031" Text="Common" />
              <Title LCID="1032" Text="Common" />
              <Title LCID="3082" Text="Common" />
              <Title LCID="1061" Text="Common" />
              <Title LCID="1069" Text="Common" />
              <Title LCID="1035" Text="Common" />
              <Title LCID="1036" Text="Common" />
              <Title LCID="1110" Text="Common" />
              <Title LCID="1037" Text="Common" />
              <Title LCID="1081" Text="Common" />
              <Title LCID="1050" Text="Common" />
              <Title LCID="1038" Text="Common" />
              <Title LCID="1057" Text="Common" />
              <Title LCID="1040" Text="Common" />
              <Title LCID="1041" Text="Common" />
              <Title LCID="1087" Text="Common" />
              <Title LCID="1042" Text="Common" />
              <Title LCID="1063" Text="Common" />
              <Title LCID="1062" Text="Common" />
              <Title LCID="1086" Text="Common" />
              <Title LCID="1044" Text="Common" />
              <Title LCID="1043" Text="Common" />
              <Title LCID="1045" Text="Common" />
              <Title LCID="1046" Text="Common" />
              <Title LCID="2070" Text="Common" />
              <Title LCID="1048" Text="Common" />
              <Title LCID="1049" Text="Common" />
              <Title LCID="1051" Text="Common" />
              <Title LCID="1060" Text="Common" />
              <Title LCID="3098" Text="Common" />
              <Title LCID="2074" Text="Common" />
              <Title LCID="1053" Text="Common" />
              <Title LCID="1054" Text="Common" />
              <Title LCID="1055" Text="Common" />
              <Title LCID="1058" Text="Common" />
              <Title LCID="1066" Text="Common" />
              <Title LCID="2052" Text="Common" />
              <Title LCID="3076" Text="Common" />
              <Title LCID="1028" Text="Common" />
            </Titles>
          </NavBarArea>
          <NavBarArea Id="Sales">
            <Titles>
              <Title LCID="1033" Text="Sales" />
              <Title LCID="1025" Text="Sales" />
              <Title LCID="1026" Text="Sales" />
              <Title LCID="1027" Text="Sales" />
              <Title LCID="1029" Text="Sales" />
              <Title LCID="1030" Text="Sales" />
              <Title LCID="1031" Text="Sales" />
              <Title LCID="1032" Text="Sales" />
              <Title LCID="3082" Text="Sales" />
              <Title LCID="1061" Text="Sales" />
              <Title LCID="1069" Text="Sales" />
              <Title LCID="1035" Text="Sales" />
              <Title LCID="1036" Text="Sales" />
              <Title LCID="1110" Text="Sales" />
              <Title LCID="1037" Text="Sales" />
              <Title LCID="1081" Text="Sales" />
              <Title LCID="1050" Text="Sales" />
              <Title LCID="1038" Text="Sales" />
              <Title LCID="1057" Text="Sales" />
              <Title LCID="1040" Text="Sales" />
              <Title LCID="1041" Text="Sales" />
              <Title LCID="1087" Text="Sales" />
              <Title LCID="1042" Text="Sales" />
              <Title LCID="1063" Text="Sales" />
              <Title LCID="1062" Text="Sales" />
              <Title LCID="1086" Text="Sales" />
              <Title LCID="1044" Text="Sales" />
              <Title LCID="1043" Text="Sales" />
              <Title LCID="1045" Text="Sales" />
              <Title LCID="1046" Text="Sales" />
              <Title LCID="2070" Text="Sales" />
              <Title LCID="1048" Text="Sales" />
              <Title LCID="1049" Text="Sales" />
              <Title LCID="1051" Text="Sales" />
              <Title LCID="1060" Text="Sales" />
              <Title LCID="3098" Text="Sales" />
              <Title LCID="2074" Text="Sales" />
              <Title LCID="1053" Text="Sales" />
              <Title LCID="1054" Text="Sales" />
              <Title LCID="1055" Text="Sales" />
              <Title LCID="1058" Text="Sales" />
              <Title LCID="1066" Text="Sales" />
              <Title LCID="2052" Text="Sales" />
              <Title LCID="3076" Text="Sales" />
              <Title LCID="1028" Text="Sales" />
            </Titles>
          </NavBarArea>
          <NavBarArea Id="Service">
            <Titles>
              <Title LCID="1033" Text="Service" />
              <Title LCID="1025" Text="Service" />
              <Title LCID="1026" Text="Service" />
              <Title LCID="1027" Text="Service" />
              <Title LCID="1029" Text="Service" />
              <Title LCID="1030" Text="Service" />
              <Title LCID="1031" Text="Service" />
              <Title LCID="1032" Text="Service" />
              <Title LCID="3082" Text="Service" />
              <Title LCID="1061" Text="Service" />
              <Title LCID="1069" Text="Service" />
              <Title LCID="1035" Text="Service" />
              <Title LCID="1036" Text="Service" />
              <Title LCID="1110" Text="Service" />
              <Title LCID="1037" Text="Service" />
              <Title LCID="1081" Text="Service" />
              <Title LCID="1050" Text="Service" />
              <Title LCID="1038" Text="Service" />
              <Title LCID="1057" Text="Service" />
              <Title LCID="1040" Text="Service" />
              <Title LCID="1041" Text="Service" />
              <Title LCID="1087" Text="Service" />
              <Title LCID="1042" Text="Service" />
              <Title LCID="1063" Text="Service" />
              <Title LCID="1062" Text="Service" />
              <Title LCID="1086" Text="Service" />
              <Title LCID="1044" Text="Service" />
              <Title LCID="1043" Text="Service" />
              <Title LCID="1045" Text="Service" />
              <Title LCID="1046" Text="Service" />
              <Title LCID="2070" Text="Service" />
              <Title LCID="1048" Text="Service" />
              <Title LCID="1049" Text="Service" />
              <Title LCID="1051" Text="Service" />
              <Title LCID="1060" Text="Service" />
              <Title LCID="3098" Text="Service" />
              <Title LCID="2074" Text="Service" />
              <Title LCID="1053" Text="Service" />
              <Title LCID="1054" Text="Service" />
              <Title LCID="1055" Text="Service" />
              <Title LCID="1058" Text="Service" />
              <Title LCID="1066" Text="Service" />
              <Title LCID="2052" Text="Service" />
              <Title LCID="3076" Text="Service" />
              <Title LCID="1028" Text="Service" />
            </Titles>
          </NavBarArea>
          <NavBarArea Id="Marketing">
            <Titles>
              <Title LCID="1033" Text="Marketing" />
              <Title LCID="1025" Text="Marketing" />
              <Title LCID="1026" Text="Marketing" />
              <Title LCID="1027" Text="Marketing" />
              <Title LCID="1029" Text="Marketing" />
              <Title LCID="1030" Text="Marketing" />
              <Title LCID="1031" Text="Marketing" />
              <Title LCID="1032" Text="Marketing" />
              <Title LCID="3082" Text="Marketing" />
              <Title LCID="1061" Text="Marketing" />
              <Title LCID="1069" Text="Marketing" />
              <Title LCID="1035" Text="Marketing" />
              <Title LCID="1036" Text="Marketing" />
              <Title LCID="1110" Text="Marketing" />
              <Title LCID="1037" Text="Marketing" />
              <Title LCID="1081" Text="Marketing" />
              <Title LCID="1050" Text="Marketing" />
              <Title LCID="1038" Text="Marketing" />
              <Title LCID="1057" Text="Marketing" />
              <Title LCID="1040" Text="Marketing" />
              <Title LCID="1041" Text="Marketing" />
              <Title LCID="1087" Text="Marketing" />
              <Title LCID="1042" Text="Marketing" />
              <Title LCID="1063" Text="Marketing" />
              <Title LCID="1062" Text="Marketing" />
              <Title LCID="1086" Text="Marketing" />
              <Title LCID="1044" Text="Marketing" />
              <Title LCID="1043" Text="Marketing" />
              <Title LCID="1045" Text="Marketing" />
              <Title LCID="1046" Text="Marketing" />
              <Title LCID="2070" Text="Marketing" />
              <Title LCID="1048" Text="Marketing" />
              <Title LCID="1049" Text="Marketing" />
              <Title LCID="1051" Text="Marketing" />
              <Title LCID="1060" Text="Marketing" />
              <Title LCID="3098" Text="Marketing" />
              <Title LCID="2074" Text="Marketing" />
              <Title LCID="1053" Text="Marketing" />
              <Title LCID="1054" Text="Marketing" />
              <Title LCID="1055" Text="Marketing" />
              <Title LCID="1058" Text="Marketing" />
              <Title LCID="1066" Text="Marketing" />
              <Title LCID="2052" Text="Marketing" />
              <Title LCID="3076" Text="Marketing" />
              <Title LCID="1028" Text="Marketing" />
            </Titles>
          </NavBarArea>
          <NavBarArea Id="ProcessCenter">
            <Titles>
              <Title LCID="1033" Text="Process Sessions" />
              <Title LCID="1025" Text="Process Sessions" />
              <Title LCID="1026" Text="Process Sessions" />
              <Title LCID="1027" Text="Process Sessions" />
              <Title LCID="1029" Text="Process Sessions" />
              <Title LCID="1030" Text="Process Sessions" />
              <Title LCID="1031" Text="Process Sessions" />
              <Title LCID="1032" Text="Process Sessions" />
              <Title LCID="3082" Text="Process Sessions" />
              <Title LCID="1061" Text="Process Sessions" />
              <Title LCID="1069" Text="Process Sessions" />
              <Title LCID="1035" Text="Process Sessions" />
              <Title LCID="1036" Text="Process Sessions" />
              <Title LCID="1110" Text="Process Sessions" />
              <Title LCID="1037" Text="Process Sessions" />
              <Title LCID="1081" Text="Process Sessions" />
              <Title LCID="1050" Text="Process Sessions" />
              <Title LCID="1038" Text="Process Sessions" />
              <Title LCID="1057" Text="Process Sessions" />
              <Title LCID="1040" Text="Process Sessions" />
              <Title LCID="1041" Text="Process Sessions" />
              <Title LCID="1087" Text="Process Sessions" />
              <Title LCID="1042" Text="Process Sessions" />
              <Title LCID="1063" Text="Process Sessions" />
              <Title LCID="1062" Text="Process Sessions" />
              <Title LCID="1086" Text="Process Sessions" />
              <Title LCID="1044" Text="Process Sessions" />
              <Title LCID="1043" Text="Process Sessions" />
              <Title LCID="1045" Text="Process Sessions" />
              <Title LCID="1046" Text="Process Sessions" />
              <Title LCID="2070" Text="Process Sessions" />
              <Title LCID="1048" Text="Process Sessions" />
              <Title LCID="1049" Text="Process Sessions" />
              <Title LCID="1051" Text="Process Sessions" />
              <Title LCID="1060" Text="Process Sessions" />
              <Title LCID="3098" Text="Process Sessions" />
              <Title LCID="2074" Text="Process Sessions" />
              <Title LCID="1053" Text="Process Sessions" />
              <Title LCID="1054" Text="Process Sessions" />
              <Title LCID="1055" Text="Process Sessions" />
              <Title LCID="1058" Text="Process Sessions" />
              <Title LCID="1066" Text="Process Sessions" />
              <Title LCID="2052" Text="Process Sessions" />
              <Title LCID="3076" Text="Process Sessions" />
              <Title LCID="1028" Text="Process Sessions" />
            </Titles>
          </NavBarArea>
        </NavBarAreas>
      </Navigation>
      <controlDescriptions>
        <controlDescription forControl="{3ff9a528-dd50-4aca-8f10-2e5ed73513ad}">
          <customControl formFactor="2" name="MscrmControls.CardFeedContainer.CardFeedContainer">
            <parameters>
              <data-set name="SubGrid">
                <ViewId>{92AFD454-0F2E-4397-A1C8-05E37C6AD699}</ViewId>
                <IsUserView>false</IsUserView>
                <TargetEntityType>actioncard</TargetEntityType>
                <FilteredViewIds>{92AFD454-0F2E-4397-A1C8-05E37C6AfD699}</FilteredViewIds>
                <EnableViewPicker>false</EnableViewPicker>
              </data-set>
              <EntityTypeCode static="true" type="Decimal">2</EntityTypeCode>
              <Location static="true" type="Decimal">1</Location>
              <msinternal.isvisibleinmocaonly static="true">true</msinternal.isvisibleinmocaonly>
            </parameters>
          </customControl>
          <customControl formFactor="0" name="MscrmControls.CardFeedContainer.CardFeedContainer">
            <parameters>
              <data-set name="SubGrid">
                <ViewId>{92AFD454-0F2E-4397-A1C8-05E37C6AD699}</ViewId>
                <IsUserView>false</IsUserView>
                <TargetEntityType>actioncard</TargetEntityType>
                <FilteredViewIds>{92AFD454-0F2E-4397-A1C8-05E37C6AfD699}</FilteredViewIds>
                <EnableViewPicker>false</EnableViewPicker>
              </data-set>
              <EntityTypeCode static="true" type="Decimal">2</EntityTypeCode>
              <Location static="true" type="Decimal">1</Location>
              <msinternal.isvisibleinmocaonly static="true">true</msinternal.isvisibleinmocaonly>
            </parameters>
          </customControl>
          <customControl formFactor="1" name="MscrmControls.CardFeedContainer.CardFeedContainer">
            <parameters>
              <data-set name="SubGrid">
                <ViewId>{92AFD454-0F2E-4397-A1C8-05E37C6AD699}</ViewId>
                <IsUserView>false</IsUserView>
                <TargetEntityType>actioncard</TargetEntityType>
                <FilteredViewIds>{92AFD454-0F2E-4397-A1C8-05E37C6AfD699}</FilteredViewIds>
                <EnableViewPicker>false</EnableViewPicker>
              </data-set>
              <EntityTypeCode static="true" type="Decimal">2</EntityTypeCode>
              <Location static="true" type="Decimal">1</Location>
              <msinternal.isvisibleinmocaonly static="true">true</msinternal.isvisibleinmocaonly>
            </parameters>
          </customControl>
        </controlDescription>
        <controlDescription forControl="{69d839e7-9935-3a7e-d978-85a1cdb50323}">
          <customControl id="{E0DECE4B-6FC8-4a8f-A065-082708572369}">
            <parameters>
              <datafieldname>businesscard</datafieldname>
            </parameters>
          </customControl>
          <customControl formFactor="0" name="Intelligence.BusinessCardReaderControl.BusinessCardReader">
            <parameters>
              <value>businesscard</value>
              <DefaultImage type="Multiple">businesscard</DefaultImage>
              <AdvancedCustomization>businesscardattributes</AdvancedCustomization>
            </parameters>
          </customControl>
          <customControl formFactor="1" name="Intelligence.BusinessCardReaderControl.BusinessCardReader">
            <parameters>
              <value>businesscard</value>
              <DefaultImage type="Multiple">businesscard</DefaultImage>
              <AdvancedCustomization>businesscardattributes</AdvancedCustomization>
            </parameters>
          </customControl>
          <customControl formFactor="2" name="Intelligence.BusinessCardReaderControl.BusinessCardReader">
            <parameters>
              <value>businesscard</value>
              <DefaultImage type="Multiple">businesscard</DefaultImage>
              <AdvancedCustomization>businesscardattributes</AdvancedCustomization>
            </parameters>
          </customControl>
        </controlDescription>
      </controlDescriptions>
      <formLibraries>
        <Library name="msdyn_talkingpointsloader.js" libraryUniqueId="{30d6d0a4-d097-b9be-cc6e-5722727be490}" />
        <Library name="pfc_switchform" libraryUniqueId="{4874568b-52e5-01d5-a8e5-4449a816deab}" />
      </formLibraries>
      <footer id="{5fe4d720-bd7e-4dc5-a7aa-e019230967dd}" celllabelposition="Top" columns="111" labelwidth="115" celllabelalignment="Left">
        <rows>
          <row>
            <cell id="{7aa159dc-6319-48de-9278-a68df0658342}" labelid="{71680745-de89-4734-a942-1fef3d3757e9}" showlabel="false">
              <labels>
                <label description="" languagecode="1033" />
              </labels>
            </cell>
            <cell id="{482c31c0-0229-45f5-8af9-e3e04bec7257}" labelid="{e0547622-be49-45dd-9b25-889f744bc5db}" showlabel="false">
              <labels>
                <label description="" languagecode="1033" />
              </labels>
            </cell>
            <cell id="{4d746002-5cf7-4ddd-82e9-3d8dc279b475}" labelid="{ac015fbf-5e83-454b-b1d1-b03fffe4b110}" showlabel="false">
              <labels>
                <label description="" languagecode="1033" />
              </labels>
            </cell>
          </row>
        </rows>
      </footer>
      <DisplayConditions FallbackForm="true" Order="1">
        <Everyone />
      </DisplayConditions>
    </form>
    <IsCustomizable>1</IsCustomizable>
    <CanBeDeleted>1</CanBeDeleted>
    <LocalizedNames>
      <LocalizedName description=" Default Main Form" languagecode="1033" />
    </LocalizedNames>
    <Descriptions>
      <Description description="Updated default Contact form." languagecode="1033" />
    </Descriptions>
  </systemform>
</forms>