﻿<?xml version="1.0" encoding="utf-8"?>
<forms xmlns:xsi="http://www.w3.org/2001/XMLSchema-instance">
  <systemform>
    <formid>{ffa7f160-d5c1-ea11-a812-002248005e55}</formid>
    <IntroducedVersion>1.0.0.0</IntroducedVersion>
    <FormPresentation>1</FormPresentation>
    <FormActivationState>1</FormActivationState>
    <form showImage="true" headerdensity="HighWithControls">
      <ancestor id="{1fed44d1-ae68-4a41-bd2b-f13acac4acfa}" />
      <hiddencontrols>
        <data id="fullname" datafieldname="fullname" classid="{5546E6CD-394C-4bee-94A8-4425E17EF6C6}" />
        <data id="address1_addressid" datafieldname="address1_addressid" classid="{5546E6CD-394C-4bee-94A8-4425E17EF6C6}" />
        <data id="address2_addressid" datafieldname="address2_addressid" classid="{5546E6CD-394C-4bee-94A8-4425E17EF6C6}" />
      </hiddencontrols>
      <tabs>
        <tab name="summary_tab" id="{15bb2d4b-71da-74ea-3c5b-e497d78a55a2}" IsUserDefined="0" showlabel="true" expanded="true" labelid="{24f0f7d2-33f7-4cad-803e-e541586a7c37}">
          <labels>
            <label description="Summary" languagecode="1033" />
          </labels>
          <columns>
            <column width="33%">
              <sections>
                <section name="CONTACT_INFORMATION" showlabel="true" showbar="false" id="{9d943649-0387-1882-caa1-36de40d5a86c}" IsUserDefined="0" layout="varwidth" columns="1" labelwidth="115" celllabelposition="Left" labelid="{b044a4b1-626f-4bd1-9df9-7a52d6b634a6}">
                  <labels>
                    <label description="Applicant Information" languagecode="1033" />
                  </labels>
                  <rows>
                    <row>
                      <cell id="{542e581d-cca1-5e40-e6d9-d67a9d1468b4}" showlabel="true" locklevel="0" labelid="{127653b6-0a85-4cc6-86b9-64e340fd0bc4}">
                        <labels>
                          <label description="Full Name" languagecode="1033" />
                        </labels>
                        <control id="fullname" classid="{4273EDBD-AC1D-40d3-9FB2-095C621B552D}" datafieldname="fullname" disabled="false" />
                      </cell>
                    </row>
                    <row>
                      <cell id="{7d538a97-98eb-b438-72de-57a808b9a308}" showlabel="true" labelid="{efeaea5c-abb3-414e-a059-7122e0329f75}">
                        <labels>
                          <label description="Email" languagecode="1033" />
                        </labels>
                        <control id="emailaddress1" classid="{ADA2203E-B4CD-49be-9DDF-234642B43B52}" datafieldname="emailaddress1" disabled="false" />
                      </cell>
                    </row>
                    <row>
                      <cell id="{290b48ba-c0cc-7746-6dda-93e240e4cc78}" showlabel="true" labelid="{471f877b-6b96-467a-9f9d-b68d90c6e2d3}">
                        <labels>
                          <label description="Mobile Phone" languagecode="1033" />
                        </labels>
                        <control id="mobilephone" classid="{4273EDBD-AC1D-40d3-9FB2-095C621B552D}" datafieldname="mobilephone" disabled="false" />
                      </cell>
                    </row>
                    <row>
                      <cell id="{3755ce4e-1635-4212-a99f-82b048a03584}" locklevel="0">
                        <labels>
                          <label description="Full-Time Education End Date" languagecode="1033" />
                        </labels>
                        <control id="pfc_fulltimeeducationenddate" classid="{5B773807-9FB2-42DB-97C3-7A91EFF8ADFF}" datafieldname="pfc_fulltimeeducationenddate" disabled="false" />
                      </cell>
                    </row>
                    <row>
                      <cell id="{d580b777-f587-497f-9a4b-8b418a83da55}" locklevel="0">
                        <labels>
                          <label description="Are you related to anybody working for the company" languagecode="1033" />
                        </labels>
                        <control id="pfc_relatedtoanybodyworkingforthecompany" classid="{67FAC785-CD58-4F9F-ABB3-4B7DDC6ED5ED}" datafieldname="pfc_relatedtoanybodyworkingforthecompany" disabled="false" />
                      </cell>
                    </row>
                    <row>
                      <cell id="{79d97485-0190-4b76-8cab-cc0c6d8b09ed}" showlabel="true" locklevel="0">
                        <labels>
                          <label description="Qualified &amp; Registered Nurse" languagecode="1033" />
                        </labels>
                        <control id="pfc_qualifiedregisterednurse" classid="{67FAC785-CD58-4F9F-ABB3-4B7DDC6ED5ED}" datafieldname="pfc_qualifiedregisterednurse" disabled="false" />
                      </cell>
                    </row>
                    <row>
                      <cell id="{ae04c160-576d-49bf-81b4-584084cd5c6c}" showlabel="true" locklevel="0">
                        <labels>
                          <label description="PIN No" languagecode="1033" />
                        </labels>
                        <control id="pfc_pinno" classid="{4273EDBD-AC1D-40D3-9FB2-095C621B552D}" datafieldname="pfc_pinno" disabled="false" />
                      </cell>
                    </row>
                    <row>
                      <cell id="{d4f2076b-7eed-4fe0-8455-085029af9b54}" showlabel="true" locklevel="0">
                        <labels>
                          <label description="Registration Expiry Date" languagecode="1033" />
                        </labels>
                        <control id="pfc_registrationexpirydate" classid="{5B773807-9FB2-42DB-97C3-7A91EFF8ADFF}" datafieldname="pfc_registrationexpirydate" disabled="false" />
                      </cell>
                    </row>
                    <row>
                      <cell id="{7e8e753f-5865-4442-86a9-e0252d700a97}" showlabel="true" locklevel="0" visible="false">
                        <labels>
                          <label description="Role" languagecode="1033" />
                        </labels>
                        <control id="accountrolecode" classid="{3EF39988-22BB-4F0B-BBBE-64B5A3748AEE}" datafieldname="accountrolecode" disabled="false" />
                      </cell>
                    </row>
                  </rows>
                </section>
                <section name="BusinessCard" showlabel="true" locklevel="0" id="{d6928560-988d-56e4-55b6-99aa3c898561}" IsUserDefined="0" layout="varwidth" columns="1" labelwidth="115" celllabelalignment="Left" celllabelposition="Left" visible="false" labelid="{5f36a37e-ee71-47c9-a310-3f465fc7493e}">
                  <labels>
                    <label description="Business Card" languagecode="1033" />
                  </labels>
                  <rows>
                    <row>
                      <cell id="{4acc2393-dcac-6588-9258-3d228b26430a}" showlabel="false" locklevel="0" labelid="{3fb5eedb-bf67-47b4-b33b-1031e5b8f672}">
                        <labels>
                          <label description="Business Card" languagecode="1033" />
                        </labels>
                        <control id="businesscard" classid="{F9A8A302-114E-466A-B582-6771B2AE0D92}" datafieldname="businesscard" disabled="false" uniqueid="{69d839e7-9935-3a7e-d978-85a1cdb50323}" />
                      </cell>
                    </row>
                  </rows>
                </section>
              </sections>
            </column>
            <column width="42%">
              <sections>
                <section name="SUMMARY_TAB_section_6" id="24a76e31-f79d-450e-b0ac-1b5067a14641" IsUserDefined="0" locklevel="0" showlabel="false" showbar="false" layout="varwidth" celllabelalignment="Left" celllabelposition="Left" columns="1" labelwidth="115" labelid="{666a0816-c604-4c29-b0a1-44a618f6d020}" visible="false">
                  <labels>
                    <label description="New Section" languagecode="1033" />
                  </labels>
                  <rows>
                    <row>
                      <cell showlabel="false" locklevel="0" id="{8d87a2a5-0d82-4a53-8668-9312bfc8906b}" labelid="{af40a011-264b-4402-8dcf-1d4663912c26}">
                        <labels>
                          <label description="" languagecode="1033" />
                        </labels>
                      </cell>
                    </row>
                  </rows>
                </section>
              </sections>
            </column>
            <column width="25%">
              <sections>
                <section name="TalkingPoints_section" showlabel="false" showbar="false" locklevel="0" id="{493e163e-b936-e24d-83e0-e52dcecc5da9}" IsUserDefined="0" layout="varwidth" columns="1" labelwidth="115" celllabelalignment="Left" celllabelposition="Top" visible="false" labelid="{a55ef75b-b55e-4347-97d6-be5b77f15958}">
                  <labels>
                    <label description="Talking points" languagecode="1033" />
                  </labels>
                  <rows>
                    <row>
                      <cell id="{06cb0652-a8d8-bdae-eb58-b6a05bd93224}" showlabel="true" locklevel="0" rowspan="8" labelid="{13a01cc0-8824-46ce-ab94-b3acbbbd90f9}">
                        <labels>
                          <label description="" languagecode="1033" />
                        </labels>
                        <control id="TalkingPoints" classid="{F9A8A302-114E-466A-B582-6771B2AE0D92}" uniqueid="{5ca8c570-a541-4cf4-9209-99406ba7cbdf}" />
                      </cell>
                    </row>
                    <row />
                    <row />
                    <row />
                    <row />
                    <row />
                    <row />
                    <row />
                  </rows>
                </section>
              </sections>
            </column>
          </columns>
        </tab>
        <tab name="relatives_tab" id="f72cffb9-efac-4667-a625-3bafb63c3d9f" IsUserDefined="0" locklevel="0" showlabel="true">
          <labels>
            <label description="Relatives" languagecode="1033" />
          </labels>
          <columns>
            <column width="100%">
              <sections>
                <section name="relatives_tab_subgrid" id="34fd7ec6-ad78-4991-937a-86d09a05f8e4" IsUserDefined="0" locklevel="0" showlabel="false" showbar="false" layout="varwidth" celllabelalignment="Left" celllabelposition="Left" columns="1" labelwidth="115">
                  <labels>
                    <label description="Relatives" languagecode="1033" />
                  </labels>
                  <rows>
                    <row>
                      <cell showlabel="true" locklevel="0" id="{f7e05bff-9892-4895-b507-ca7126fc3039}" rowspan="1" colspan="1">
                        <labels>
                          <label description="Relatives (Employees of Pathway For Care)" languagecode="1033" />
                        </labels>
                        <control id="relatives_subgrid" classid="{E7A81278-8635-4D9E-8D4D-59480B391C5B}" indicationOfSubgrid="true">
                          <parameters>
                            <TargetEntityType>pfc_relatives</TargetEntityType>
                            <ViewId>{39F8A80F-DA53-479C-9743-BD2968EBC212}</ViewId>
                            <ViewIds>{39F8A80F-DA53-479C-9743-BD2968EBC212}</ViewIds>
                            <EnableViewPicker>false</EnableViewPicker>
                            <RelationshipName>pfc_relatives_applicant</RelationshipName>
                          </parameters>
                        </control>
                      </cell>
                    </row>
                  </rows>
                </section>
              </sections>
            </column>
          </columns>
        </tab>
        <tab name="education_tab" id="07e309a9-bb53-44f4-b7b6-f61de4f2bd12" IsUserDefined="0" locklevel="0" showlabel="true">
          <labels>
            <label description="Education &amp; Training" languagecode="1033" />
          </labels>
          <columns>
            <column width="100%">
              <sections>
                <section name="education_tab_subgrid" id="e7f1081a-e040-48de-9876-091e71948637" IsUserDefined="0" locklevel="0" showlabel="false" showbar="false" layout="varwidth" celllabelalignment="Left" celllabelposition="Left" columns="1" labelwidth="115">
                  <labels>
                    <label description="Education &amp; Training" languagecode="1033" />
                  </labels>
                  <rows>
                    <row>
                      <cell showlabel="true" locklevel="0" id="{aa237350-81fb-4621-a786-b74dcaa8a25c}" rowspan="1" colspan="1">
                        <labels>
                          <label description="Relevant Education &amp; Training" languagecode="1033" />
                        </labels>
                        <control id="education_subgrid" classid="{E7A81278-8635-4D9E-8D4D-59480B391C5B}" indicationOfSubgrid="true">
                          <parameters>
                            <TargetEntityType>pfc_educationandtraining</TargetEntityType>
                            <ViewId>{CF727F31-4591-4DC5-B0AE-EC07A5EB1A5E}</ViewId>
                            <ViewIds>{CF727F31-4591-4DC5-B0AE-EC07A5EB1A5E}</ViewIds>
                            <EnableViewPicker>false</EnableViewPicker>
                            <RelationshipName>pfc_education_applicant</RelationshipName>
                          </parameters>
                        </control>
                      </cell>
                    </row>
                  </rows>
                </section>
              </sections>
            </column>
          </columns>
        </tab>
        <tab name="employment_tab" id="83d8f151-99a9-4265-b5f7-66ec19aee066" IsUserDefined="0" locklevel="0" showlabel="true">
          <labels>
            <label description="Employment History" languagecode="1033" />
          </labels>
          <columns>
            <column width="100%">
              <sections>
                <section name="employment_tab_section" id="633dff13-bf5d-46ae-99b8-12e8dfa7335d" IsUserDefined="0" locklevel="0" showlabel="false" showbar="false" layout="varwidth" celllabelalignment="Left" celllabelposition="Left" columns="1" labelwidth="115">
                  <labels>
                    <label description="Employment" languagecode="1033" />
                  </labels>
                  <rows>
                    <row>
                      <cell showlabel="true" locklevel="0" id="{d21cea61-d77d-42d2-a768-d47fa7fe305b}" rowspan="1" colspan="1">
                        <labels>
                          <label description="Employment History" languagecode="1033" />
                        </labels>
                        <control id="employment_subgrid" classid="{E7A81278-8635-4D9E-8D4D-59480B391C5B}" indicationOfSubgrid="true">
                          <parameters>
                            <TargetEntityType>pfc_employmenthistory</TargetEntityType>
                            <ViewId>{F341AA07-F350-4647-9F04-290DF88B177A}</ViewId>
                            <ViewIds>{F341AA07-F350-4647-9F04-290DF88B177A}</ViewIds>
                            <EnableViewPicker>false</EnableViewPicker>
                            <RelationshipName>pfc_employmenthistory_applicant</RelationshipName>
                          </parameters>
                        </control>
                      </cell>
                    </row>
                  </rows>
                </section>
              </sections>
            </column>
          </columns>
        </tab>
        <tab name="referees_tab" id="31f33534-040d-4d28-959a-36e50feafab7" IsUserDefined="0" locklevel="0" showlabel="true">
          <labels>
            <label description="Referees" languagecode="1033" />
          </labels>
          <columns>
            <column width="100%">
              <sections>
                <section name="referees_tab_section" id="07d0e6d1-051c-4c84-850f-7c347edb72a4" IsUserDefined="0" locklevel="0" showlabel="false" showbar="false" layout="varwidth" celllabelalignment="Left" celllabelposition="Left" columns="1" labelwidth="115">
                  <labels>
                    <label description="Referees" languagecode="1033" />
                  </labels>
                  <rows>
                    <row>
                      <cell showlabel="true" locklevel="0" id="{4047a646-b44a-4808-87ff-a3b92d597be2}" rowspan="1" colspan="1" auto="false">
                        <labels>
                          <label description="Referees" languagecode="1033" />
                        </labels>
                        <control id="referees_subgrid" classid="{E7A81278-8635-4D9E-8D4D-59480B391C5B}" indicationOfSubgrid="true">
                          <parameters>
                            <TargetEntityType>contact</TargetEntityType>
                            <ViewId>{0650F382-93D1-EA11-A813-002248005E55}</ViewId>
                            <ViewIds>{62FB3605-E4C1-EA11-A812-000D3A86A8CF},{0650F382-93D1-EA11-A813-002248005E55}</ViewIds>
                            <EnableViewPicker>false</EnableViewPicker>
                            <RelationshipName>contact_customer_contacts</RelationshipName>
                            <AutoExpand>Fixed</AutoExpand>
                          </parameters>
                        </control>
                      </cell>
                    </row>
                  </rows>
                </section>
              </sections>
            </column>
          </columns>
        </tab>
        <tab name="equal_ops_tab" id="3fc54bdc-bf22-46eb-95f1-a5e1c151c42c" IsUserDefined="0" locklevel="0" showlabel="true">
          <labels>
            <label description="Equal Opportunities" languagecode="1033" />
          </labels>
          <columns>
            <column width="100%">
              <sections>
                <section name="equal_ops_tab" id="6c6f489e-0ff9-412e-a100-c6c76cdaf6b1" IsUserDefined="0" locklevel="0" showlabel="true" showbar="false" layout="varwidth" celllabelalignment="Left" celllabelposition="Top" columns="11" labelwidth="115">
                  <labels>
                    <label description="Equal Opportunities" languagecode="1033" />
                  </labels>
                  <rows>
                    <row>
                      <cell id="{a3026dd4-90b2-4db1-95e3-daae86607999}" locklevel="0" showlabel="true">
                        <labels>
                          <label description="Gender" languagecode="1033" />
                        </labels>
                        <control id="gendercode" classid="{3EF39988-22BB-4F0B-BBBE-64B5A3748AEE}" datafieldname="gendercode" disabled="false" uniqueid="{c439addd-4d4e-1a39-1992-aced13c57967}" />
                      </cell>
                      <cell id="{a39dec16-b2c8-32a7-ed8d-6b86c8810385}" showlabel="false">
                        <labels>
                          <label description="" languagecode="1033" />
                        </labels>
                      </cell>
                    </row>
                    <row>
                      <cell id="{a59a598e-3b33-4714-abf9-7ec8218d029b}" locklevel="0">
                        <labels>
                          <label description="Gender Other" languagecode="1033" />
                        </labels>
                        <control id="pfc_genderother" classid="{4273EDBD-AC1D-40D3-9FB2-095C621B552D}" datafieldname="pfc_genderother" disabled="false" />
                      </cell>
                      <cell id="{6e608211-0e10-56b5-0937-ade2a5cd7368}" showlabel="false">
                        <labels>
                          <label description="" languagecode="1033" />
                        </labels>
                      </cell>
                    </row>
                    <row>
                      <cell id="{de5cf6bd-297d-4260-a4bb-e932039bfcd0}" locklevel="0">
                        <labels>
                          <label description="Ethnic Background" languagecode="1033" />
                        </labels>
                        <control id="pfc_ethnicbackground" classid="{3EF39988-22BB-4F0B-BBBE-64B5A3748AEE}" datafieldname="pfc_ethnicbackground" disabled="false" />
                      </cell>
                      <cell id="{71a15a5d-dd65-2a22-da9d-1514b46509de}" showlabel="false">
                        <labels>
                          <label description="" languagecode="1033" />
                        </labels>
                      </cell>
                    </row>
                    <row>
                      <cell id="{f4caa216-b414-49c8-864a-bdfee114fd74}" locklevel="0">
                        <labels>
                          <label description="Ethnic Background Other" languagecode="1033" />
                        </labels>
                        <control id="pfc_ethnicbackgroundother" classid="{4273EDBD-AC1D-40D3-9FB2-095C621B552D}" datafieldname="pfc_ethnicbackgroundother" disabled="false" />
                      </cell>
                      <cell id="{42c022a8-4164-ed8a-c0ce-3651a766de25}" showlabel="false">
                        <labels>
                          <label description="" languagecode="1033" />
                        </labels>
                      </cell>
                    </row>
                    <row>
                      <cell id="{037d4bcf-cefe-4a0c-9565-7e4851d919cf}" locklevel="0">
                        <labels>
                          <label description="Sexual Orientation" languagecode="1033" />
                        </labels>
                        <control id="pfc_sexualorientation" classid="{3EF39988-22BB-4F0B-BBBE-64B5A3748AEE}" datafieldname="pfc_sexualorientation" disabled="false" />
                      </cell>
                      <cell id="{57684c20-2c96-4dc8-b657-b7767a6d76c4}" showlabel="false">
                        <labels>
                          <label description="" languagecode="1033" />
                        </labels>
                      </cell>
                    </row>
                    <row>
                      <cell id="{013ab03d-c0d9-45cb-b9d3-963693cf7164}" locklevel="0">
                        <labels>
                          <label description="Sexual Orientation Other" languagecode="1033" />
                        </labels>
                        <control id="pfc_sexualorientationother" classid="{4273EDBD-AC1D-40D3-9FB2-095C621B552D}" datafieldname="pfc_sexualorientationother" disabled="false" />
                      </cell>
                      <cell id="{52ba8631-e561-ba24-ed91-7c0058caabb5}" showlabel="false">
                        <labels>
                          <label description="" languagecode="1033" />
                        </labels>
                      </cell>
                    </row>
                    <row>
                      <cell id="{5f38a271-76b1-40f8-b1b7-7f1ba6d30705}" locklevel="0">
                        <labels>
                          <label description="Religious Belief" languagecode="1033" />
                        </labels>
                        <control id="pfc_religiousbelief" classid="{3EF39988-22BB-4F0B-BBBE-64B5A3748AEE}" datafieldname="pfc_religiousbelief" disabled="false" />
                      </cell>
                      <cell id="{30397a35-2a68-b8c0-1eb1-9b1c37ab2ed2}" showlabel="false">
                        <labels>
                          <label description="" languagecode="1033" />
                        </labels>
                      </cell>
                    </row>
                    <row>
                      <cell id="{7f96b964-827e-484b-8550-074636f905b8}" locklevel="0">
                        <labels>
                          <label description="Religious Belief Other" languagecode="1033" />
                        </labels>
                        <control id="pfc_religiousbeliefother" classid="{4273EDBD-AC1D-40D3-9FB2-095C621B552D}" datafieldname="pfc_religiousbeliefother" disabled="false" />
                      </cell>
                      <cell id="{ac81bb63-9349-aae0-0739-d976ecd69e32}" showlabel="false">
                        <labels>
                          <label description="" languagecode="1033" />
                        </labels>
                      </cell>
                    </row>
                    <row>
                      <cell id="{fe546332-a6c4-40d0-8717-fd91690d86ba}" locklevel="0">
                        <labels>
                          <label description="Disability/Health Conditions" languagecode="1033" />
                        </labels>
                        <control id="pfc_disabilityhealthconditions" classid="{3EF39988-22BB-4F0B-BBBE-64B5A3748AEE}" datafieldname="pfc_disabilityhealthconditions" disabled="false" uniqueid="{5599ab04-caa5-689c-227c-44c057dc7b0e}" />
                      </cell>
                      <cell id="{d10d28aa-9a9b-9a91-c025-31e9b6a65c58}" showlabel="false">
                        <labels>
                          <label description="" languagecode="1033" />
                        </labels>
                      </cell>
                    </row>
                    <row>
                      <cell id="{ba140e0d-8d07-4968-a5ad-2a609ae5ea7a}" locklevel="0">
                        <labels>
                          <label description="Effect/Impact Disability" languagecode="1033" />
                        </labels>
                        <control id="pfc_effectimpactdisability" classid="{E0DECE4B-6FC8-4A8F-A065-082708572369}" datafieldname="pfc_effectimpactdisability" disabled="false" />
                      </cell>
                      <cell id="{e802d89c-9284-c750-ab2b-4cadd9e6c8b4}" showlabel="false">
                        <labels>
                          <label description="" languagecode="1033" />
                        </labels>
                      </cell>
                    </row>
                    <row>
                      <cell id="{40dbf6de-003d-4679-a33e-91390b51b4f3}" locklevel="0">
                        <labels>
                          <label description="If Invited For Interview Would Your Require Any Reasonable Adjustments?" languagecode="1033" />
                        </labels>
                        <control id="pfc_reasonableadjustments" classid="{3EF39988-22BB-4F0B-BBBE-64B5A3748AEE}" datafieldname="pfc_reasonableadjustments" disabled="false" />
                      </cell>
                      <cell id="{7aacd2ba-1c89-40bb-43db-6a51404a1c51}" showlabel="false">
                        <labels>
                          <label description="" languagecode="1033" />
                        </labels>
                      </cell>
                    </row>
                    <row>
                      <cell id="{1a193809-5ddc-1c2b-c131-bd4a819187c9}" showlabel="true" locklevel="0">
                        <labels>
                          <label description="Reasonable Adjustments Info" languagecode="1033" />
                        </labels>
                        <control id="pfc_reasonableadjustmentsinfo" classid="{E0DECE4B-6FC8-4a8f-A065-082708572369}" datafieldname="pfc_reasonableadjustmentsinfo" disabled="false" />
                      </cell>
                      <cell locklevel="0" id="{1eccf1cb-77d0-40fc-b90b-2acecec75b8d}">
                        <labels>
                          <label description="" languagecode="1033" />
                        </labels>
                      </cell>
                    </row>
                  </rows>
                </section>
              </sections>
            </column>
          </columns>
        </tab>
      </tabs>
      <header id="{3ff9aa06-4e43-41ce-afa9-22a038af5c19}" celllabelposition="Top" columns="1" labelwidth="115">
        <rows>
          <row>
            <cell id="{24be01cc-16a6-8eea-8916-42d20a1097ae}" showlabel="true" locklevel="1" labelid="{a1807fd3-809b-4259-af5e-5ce3dbcd13fa}">
              <labels>
                <label description="Owner" languagecode="1033" />
              </labels>
              <control id="header_ownerid" classid="{270BD3DB-D9AF-4782-9025-509E298DEC0A}" datafieldname="ownerid" />
            </cell>
          </row>
        </rows>
      </header>
      <clientresources>
        <internalresources>
          <clientincludes>
            <internaljscriptfile src="$webresource:AppCommon/Contact/Contact_main_system_library.js" />
            <internaljscriptfile src="$webresource:Sales/Contact/Contact_main_system_library.js" />
            <internaljscriptfile src="$webresource:Sales/ClientCommon/Sales_ClientCommon.js" />
          </clientincludes>
        </internalresources>
      </clientresources>
      <events>
        <event name="onload" application="true" active="true">
          <InternalHandlers>
            <Handler functionName="AppCommon.Contact.Instance.form_onload" libraryName="AppCommon/Contact/Contact_main_system_library.js" handlerUniqueId="4ea24ebd-795d-434e-af94-6812c3867b54" enabled="true" />
            <Handler functionName="Sales.Contact.Instance.Form_onload" libraryName="Sales/Contact/Contact_main_system_library.js" handlerUniqueId="fad0dc4f-a62b-48ad-a35b-b2bf83c1ba99" enabled="true" passExecutionContext="true" />
          </InternalHandlers>
          <Handlers>
            <Handler functionName="Sales.DocumentsTabController.shouldShowDocumentsTab" libraryName="Sales/ClientCommon/Sales_ClientCommon.js" handlerUniqueId="{8386030F-4166-4B1E-9428-5E4525B0F0EC}" enabled="true" parameters="" passExecutionContext="true" />
            <Handler functionName="loadTalkingPoints" libraryName="msdyn_talkingpointsloader.js" handlerUniqueId="{a96425be-a853-9549-dc5a-1610151533dd}" enabled="true" parameters="" passExecutionContext="true" />
          </Handlers>
        </event>
      </events>
      <Navigation>
        <NavBar>
          <NavBarByRelationshipItem RelationshipName="Contact_CustomerAddress" Id="navAddresses" Sequence="10" Area="Info" Show="false">
            <Privileges>
              <Privilege Entity="" Privilege="ReadActivity" />
            </Privileges>
            <Titles>
              <Title LCID="1033" Text="Addresses" />
              <Title LCID="1025" Text="العناوين" />
              <Title LCID="1026" Text="Адреси" />
              <Title LCID="1027" Text="Adreces" />
              <Title LCID="1029" Text="Adresy" />
              <Title LCID="1030" Text="Adresser" />
              <Title LCID="1031" Text="Adressen" />
              <Title LCID="1032" Text="Διευθύνσεις" />
              <Title LCID="3082" Text="Direcciones" />
              <Title LCID="1061" Text="Aadressid" />
              <Title LCID="1069" Text="Helbideak" />
              <Title LCID="1035" Text="Osoitteet" />
              <Title LCID="1036" Text="Adresses" />
              <Title LCID="1110" Text="Enderezos" />
              <Title LCID="1037" Text="כתובות" />
              <Title LCID="1081" Text="पते" />
              <Title LCID="1050" Text="Adrese" />
              <Title LCID="1038" Text="Címek" />
              <Title LCID="1057" Text="Alamat" />
              <Title LCID="1040" Text="Indirizzi" />
              <Title LCID="1041" Text="住所" />
              <Title LCID="1087" Text="Мекенжайлар" />
              <Title LCID="1042" Text="주소" />
              <Title LCID="1063" Text="Adresai" />
              <Title LCID="1062" Text="Adreses" />
              <Title LCID="1086" Text="Alamat" />
              <Title LCID="1044" Text="Adresser" />
              <Title LCID="1043" Text="Adressen" />
              <Title LCID="1045" Text="Adresy" />
              <Title LCID="1046" Text="Endereços" />
              <Title LCID="2070" Text="Endereços" />
              <Title LCID="1048" Text="Adrese" />
              <Title LCID="1049" Text="Адреса" />
              <Title LCID="1051" Text="Adresy" />
              <Title LCID="1060" Text="Naslovi" />
              <Title LCID="10266" Text="Адресе" />
              <Title LCID="9242" Text="Adrese" />
              <Title LCID="1053" Text="Adresser" />
              <Title LCID="1054" Text="ที่อยู่" />
              <Title LCID="1055" Text="Adresler" />
              <Title LCID="1058" Text="Адреси" />
              <Title LCID="1066" Text="Địa chỉ" />
              <Title LCID="2052" Text="地址" />
              <Title LCID="3076" Text="地址" />
              <Title LCID="1028" Text="地址" />
              <Title LCID="3098" Text="Адресе" />
              <Title LCID="2074" Text="Adrese" />
            </Titles>
          </NavBarByRelationshipItem>
          <NavBarByRelationshipItem RelationshipName="contact_customer_contacts" Id="navSubConts" Sequence="10" Area="Info" Show="false">
            <Privileges>
              <Privilege Entity="" Privilege="ReadActivity" />
            </Privileges>
            <Titles>
              <Title LCID="1033" Text="Contacts" />
              <Title LCID="1025" Text="جهات الاتصال" />
              <Title LCID="1026" Text="Контакти" />
              <Title LCID="1027" Text="Contactes" />
              <Title LCID="1029" Text="Kontakty" />
              <Title LCID="1030" Text="Kontakter" />
              <Title LCID="1031" Text="Kontakte" />
              <Title LCID="1032" Text="Επαφές" />
              <Title LCID="3082" Text="Contactos" />
              <Title LCID="1061" Text="Kontaktid" />
              <Title LCID="1069" Text="Kontaktuak" />
              <Title LCID="1035" Text="Yhteyshenkilöt" />
              <Title LCID="1036" Text="Contacts" />
              <Title LCID="1110" Text="Contactos" />
              <Title LCID="1037" Text="אנשי קשר" />
              <Title LCID="1081" Text="संपर्क" />
              <Title LCID="1050" Text="Kontakti" />
              <Title LCID="1038" Text="Kapcsolattartók" />
              <Title LCID="1057" Text="Kontak" />
              <Title LCID="1040" Text="Contatti" />
              <Title LCID="1041" Text="取引先担当者" />
              <Title LCID="1087" Text="Контактілер" />
              <Title LCID="1042" Text="연락처" />
              <Title LCID="1063" Text="Kontaktai" />
              <Title LCID="1062" Text="Kontaktpersonas" />
              <Title LCID="1086" Text="Kenalan" />
              <Title LCID="1044" Text="Kontakter" />
              <Title LCID="1043" Text="Contactpersonen" />
              <Title LCID="1045" Text="Kontakty" />
              <Title LCID="1046" Text="Contatos" />
              <Title LCID="2070" Text="Contactos" />
              <Title LCID="1048" Text="Persoane de contact" />
              <Title LCID="1049" Text="Контакты" />
              <Title LCID="1051" Text="Kontakty" />
              <Title LCID="1060" Text="Stiki" />
              <Title LCID="10266" Text="Контакти" />
              <Title LCID="9242" Text="Kontakti" />
              <Title LCID="1053" Text="Kontakter" />
              <Title LCID="1054" Text="ผู้ติดต่อ" />
              <Title LCID="1055" Text="İlgili Kişiler" />
              <Title LCID="1058" Text="Контактні особи" />
              <Title LCID="1066" Text="Người liên hệ" />
              <Title LCID="2052" Text="联系人" />
              <Title LCID="3076" Text="連絡人" />
              <Title LCID="1028" Text="連絡人" />
              <Title LCID="3098" Text="Контакти" />
              <Title LCID="2074" Text="Kontakti" />
            </Titles>
          </NavBarByRelationshipItem>
          <NavBarByRelationshipItem RelationshipName="contact_customer_relationship_customer" Id="navRelationships" Sequence="10" Area="Info" Show="false">
            <Privileges>
              <Privilege Entity="" Privilege="ReadActivity" />
            </Privileges>
            <Titles>
              <Title LCID="1033" Text="CustomerRelationship" />
              <Title LCID="1025" Text="CustomerRelationship" />
              <Title LCID="1026" Text="CustomerRelationship" />
              <Title LCID="1027" Text="CustomerRelationship" />
              <Title LCID="1029" Text="CustomerRelationship" />
              <Title LCID="1030" Text="CustomerRelationship" />
              <Title LCID="1031" Text="CustomerRelationship" />
              <Title LCID="1032" Text="CustomerRelationship" />
              <Title LCID="3082" Text="CustomerRelationship" />
              <Title LCID="1061" Text="CustomerRelationship" />
              <Title LCID="1069" Text="CustomerRelationship" />
              <Title LCID="1035" Text="CustomerRelationship" />
              <Title LCID="1036" Text="CustomerRelationship" />
              <Title LCID="1110" Text="CustomerRelationship" />
              <Title LCID="1037" Text="CustomerRelationship" />
              <Title LCID="1081" Text="CustomerRelationship" />
              <Title LCID="1050" Text="CustomerRelationship" />
              <Title LCID="1038" Text="CustomerRelationship" />
              <Title LCID="1057" Text="CustomerRelationship" />
              <Title LCID="1040" Text="CustomerRelationship" />
              <Title LCID="1041" Text="CustomerRelationship" />
              <Title LCID="1087" Text="CustomerRelationship" />
              <Title LCID="1042" Text="CustomerRelationship" />
              <Title LCID="1063" Text="CustomerRelationship" />
              <Title LCID="1062" Text="CustomerRelationship" />
              <Title LCID="1086" Text="CustomerRelationship" />
              <Title LCID="1044" Text="CustomerRelationship" />
              <Title LCID="1043" Text="CustomerRelationship" />
              <Title LCID="1045" Text="CustomerRelationship" />
              <Title LCID="1046" Text="CustomerRelationship" />
              <Title LCID="2070" Text="CustomerRelationship" />
              <Title LCID="1048" Text="CustomerRelationship" />
              <Title LCID="1049" Text="CustomerRelationship" />
              <Title LCID="1051" Text="CustomerRelationship" />
              <Title LCID="1060" Text="CustomerRelationship" />
              <Title LCID="10266" Text="CustomerRelationship" />
              <Title LCID="9242" Text="CustomerRelationship" />
              <Title LCID="1053" Text="CustomerRelationship" />
              <Title LCID="1054" Text="CustomerRelationship" />
              <Title LCID="1055" Text="CustomerRelationship" />
              <Title LCID="1058" Text="CustomerRelationship" />
              <Title LCID="1066" Text="CustomerRelationship" />
              <Title LCID="2052" Text="CustomerRelationship" />
              <Title LCID="3076" Text="CustomerRelationship" />
              <Title LCID="1028" Text="CustomerRelationship" />
              <Title LCID="3098" Text="CustomerRelationship" />
              <Title LCID="2074" Text="CustomerRelationship" />
            </Titles>
          </NavBarByRelationshipItem>
          <NavBarByRelationshipItem RelationshipName="invoice_customer_contacts" Id="navInvoices" Sequence="10" Area="Info" Show="false">
            <Privileges>
              <Privilege Entity="" Privilege="ReadActivity" />
            </Privileges>
            <Titles>
              <Title LCID="1033" Text="Invoice" />
              <Title LCID="1025" Text="الفاتورة" />
              <Title LCID="1026" Text="Фактура" />
              <Title LCID="1027" Text="Factura" />
              <Title LCID="1029" Text="Faktura" />
              <Title LCID="1030" Text="Faktura" />
              <Title LCID="1031" Text="Rechnung" />
              <Title LCID="1032" Text="Τιμολόγιο" />
              <Title LCID="3082" Text="Factura" />
              <Title LCID="1061" Text="Arve" />
              <Title LCID="1069" Text="Faktura" />
              <Title LCID="1035" Text="Lasku" />
              <Title LCID="1036" Text="Facture" />
              <Title LCID="1110" Text="Factura" />
              <Title LCID="1037" Text="חשבונית" />
              <Title LCID="1081" Text="इनवॉइस" />
              <Title LCID="1050" Text="Faktura" />
              <Title LCID="1038" Text="Számla" />
              <Title LCID="1057" Text="Faktur" />
              <Title LCID="1040" Text="Fattura" />
              <Title LCID="1041" Text="請求書" />
              <Title LCID="1087" Text="Есеп-шот" />
              <Title LCID="1042" Text="송장" />
              <Title LCID="1063" Text="Sąskaita faktūra" />
              <Title LCID="1062" Text="Rēķins" />
              <Title LCID="1086" Text="Invois" />
              <Title LCID="1044" Text="Faktura" />
              <Title LCID="1043" Text="Factuur" />
              <Title LCID="1045" Text="Faktura" />
              <Title LCID="1046" Text="Fatura" />
              <Title LCID="2070" Text="Fatura" />
              <Title LCID="1048" Text="Factură" />
              <Title LCID="1049" Text="Счет" />
              <Title LCID="1051" Text="Faktúra" />
              <Title LCID="1060" Text="Račun" />
              <Title LCID="10266" Text="Фактура" />
              <Title LCID="9242" Text="Faktura" />
              <Title LCID="1053" Text="Faktura" />
              <Title LCID="1054" Text="ใบแจ้งหนี้" />
              <Title LCID="1055" Text="Fatura" />
              <Title LCID="1058" Text="Рахунок" />
              <Title LCID="1066" Text="Hóa đơn" />
              <Title LCID="2052" Text="发票" />
              <Title LCID="3076" Text="發票" />
              <Title LCID="1028" Text="發票" />
              <Title LCID="3098" Text="Фактура" />
              <Title LCID="2074" Text="Faktura" />
            </Titles>
          </NavBarByRelationshipItem>
          <NavBarByRelationshipItem RelationshipName="order_customer_contacts" Id="navOrders" Sequence="10" Area="Info" Show="false">
            <Privileges>
              <Privilege Entity="" Privilege="ReadActivity" />
            </Privileges>
            <Titles>
              <Title LCID="1033" Text="SalesOrder" />
              <Title LCID="1025" Text="أمر المبيعات" />
              <Title LCID="1026" Text="SalesOrder" />
              <Title LCID="1027" Text="Comanda de vendes" />
              <Title LCID="1029" Text="Prodejní objednávka" />
              <Title LCID="1030" Text="SalesOrder" />
              <Title LCID="1031" Text="Vertriebsauftrag" />
              <Title LCID="1032" Text="SalesOrder" />
              <Title LCID="3082" Text="Pedido de venta" />
              <Title LCID="1061" Text="SalesOrder" />
              <Title LCID="1069" Text="SalesOrder" />
              <Title LCID="1035" Text="Myyntitilaus" />
              <Title LCID="1036" Text="Commande client" />
              <Title LCID="1110" Text="SalesOrder" />
              <Title LCID="1037" Text="SalesOrder" />
              <Title LCID="1081" Text="SalesOrder" />
              <Title LCID="1050" Text="SalesOrder" />
              <Title LCID="1038" Text="SalesOrder" />
              <Title LCID="1057" Text="SalesOrder" />
              <Title LCID="1040" Text="Ordine cliente" />
              <Title LCID="1041" Text="SalesOrder" />
              <Title LCID="1087" Text="SalesOrder" />
              <Title LCID="1042" Text="SalesOrder" />
              <Title LCID="1063" Text="Pardavimo užsakymas" />
              <Title LCID="1062" Text="SalesOrder" />
              <Title LCID="1086" Text="SalesOrder" />
              <Title LCID="1044" Text="Salgsordre" />
              <Title LCID="1043" Text="Verkooporder" />
              <Title LCID="1045" Text="SalesOrder" />
              <Title LCID="1046" Text="SalesOrder" />
              <Title LCID="2070" Text="SalesOrder" />
              <Title LCID="1048" Text="SalesOrder" />
              <Title LCID="1049" Text="SalesOrder" />
              <Title LCID="1051" Text="SalesOrder" />
              <Title LCID="1060" Text="SalesOrder" />
              <Title LCID="10266" Text="SalesOrder" />
              <Title LCID="9242" Text="SalesOrder" />
              <Title LCID="1053" Text="Försäljningsorder" />
              <Title LCID="1054" Text="ใบสั่งขาย" />
              <Title LCID="1055" Text="SalesOrder" />
              <Title LCID="1058" Text="Замовлення на продаж" />
              <Title LCID="1066" Text="SalesOrder" />
              <Title LCID="2052" Text="SalesOrder" />
              <Title LCID="3076" Text="SalesOrder" />
              <Title LCID="1028" Text="SalesOrder" />
              <Title LCID="3098" Text="SalesOrder" />
              <Title LCID="2074" Text="SalesOrder" />
            </Titles>
          </NavBarByRelationshipItem>
          <NavBarByRelationshipItem RelationshipName="quote_customer_contacts" Id="navQuotes" Sequence="10" Area="Info" Show="false">
            <Privileges>
              <Privilege Entity="" Privilege="ReadActivity" />
            </Privileges>
            <Titles>
              <Title LCID="1033" Text="Quote" />
              <Title LCID="1025" Text="عرض الأسعار" />
              <Title LCID="1026" Text="Оферта" />
              <Title LCID="1027" Text="Oferta" />
              <Title LCID="1029" Text="Nabídka" />
              <Title LCID="1030" Text="Tilbud" />
              <Title LCID="1031" Text="Angebot" />
              <Title LCID="1032" Text="Προσφορά" />
              <Title LCID="3082" Text="Oferta" />
              <Title LCID="1061" Text="Hinnapakkumine" />
              <Title LCID="1069" Text="Eskaintza" />
              <Title LCID="1035" Text="Tarjous" />
              <Title LCID="1036" Text="Devis" />
              <Title LCID="1110" Text="Oferta" />
              <Title LCID="1037" Text="הצעת מחיר" />
              <Title LCID="1081" Text="कोट" />
              <Title LCID="1050" Text="Ponuda" />
              <Title LCID="1038" Text="Árajánlat" />
              <Title LCID="1057" Text="Kuotasi" />
              <Title LCID="1040" Text="Offerta" />
              <Title LCID="1041" Text="見積もり" />
              <Title LCID="1087" Text="Баға ұсыну" />
              <Title LCID="1042" Text="견적" />
              <Title LCID="1063" Text="Pasiūlymas" />
              <Title LCID="1062" Text="Piedāvājums" />
              <Title LCID="1086" Text="Sebut Harga" />
              <Title LCID="1044" Text="Tilbud" />
              <Title LCID="1043" Text="Prijsopgave" />
              <Title LCID="1045" Text="Oferta" />
              <Title LCID="1046" Text="Cotação" />
              <Title LCID="2070" Text="Proposta" />
              <Title LCID="1048" Text="Ofertă" />
              <Title LCID="1049" Text="Предложение с расценками" />
              <Title LCID="1051" Text="Cenová ponuka" />
              <Title LCID="1060" Text="Ponudba" />
              <Title LCID="10266" Text="Понуда" />
              <Title LCID="9242" Text="Ponuda" />
              <Title LCID="1053" Text="Offert" />
              <Title LCID="1054" Text="ใบเสนอราคา" />
              <Title LCID="1055" Text="Teklif" />
              <Title LCID="1058" Text="Цінова пропозиція" />
              <Title LCID="1066" Text="Báo giá" />
              <Title LCID="2052" Text="报价单" />
              <Title LCID="3076" Text="報價" />
              <Title LCID="1028" Text="報價" />
              <Title LCID="3098" Text="Понуда" />
              <Title LCID="2074" Text="Ponuda" />
            </Titles>
          </NavBarByRelationshipItem>
          <NavBarByRelationshipItem RelationshipName="hardcoded_{B7196B13-6B9D-42CD-BD58-B19A3953126F}navAsyncOperations" Sequence="9500" Area="ProcessCenter" Id="navAsyncOperations" Show="false">
            <Titles>
              <Title LCID="1033" Text="Workflows" />
              <Title LCID="1025" Text="عمليات سير العمل" />
              <Title LCID="1026" Text="Работни потоци" />
              <Title LCID="1027" Text="Fluxos de treball" />
              <Title LCID="1029" Text="Pracovní postupy" />
              <Title LCID="1030" Text="Arbejdsprocesser" />
              <Title LCID="1031" Text="Workflows" />
              <Title LCID="1032" Text="Ροές εργασιών" />
              <Title LCID="3082" Text="Flujos de trabajo" />
              <Title LCID="1061" Text="Töövood" />
              <Title LCID="1069" Text="Lan-fluxuak" />
              <Title LCID="1035" Text="Työnkulut" />
              <Title LCID="1036" Text="Workflows" />
              <Title LCID="1110" Text="Fluxos de traballo" />
              <Title LCID="1037" Text="זרימות עבודה" />
              <Title LCID="1081" Text="कार्य प्रवाह" />
              <Title LCID="1050" Text="Tjekovi rada" />
              <Title LCID="1038" Text="Munkafolyamatok" />
              <Title LCID="1057" Text="Alur Kerja" />
              <Title LCID="1040" Text="Flussi di lavoro" />
              <Title LCID="1041" Text="ワークフロー" />
              <Title LCID="1087" Text="Жұмыс ағындары" />
              <Title LCID="1042" Text="워크플로" />
              <Title LCID="1063" Text="Darbo eigos" />
              <Title LCID="1062" Text="Darbplūsmas" />
              <Title LCID="1086" Text="Aliran Kerja" />
              <Title LCID="1044" Text="Arbeidsflyter" />
              <Title LCID="1043" Text="Werkstromen" />
              <Title LCID="1045" Text="Przepływy pracy" />
              <Title LCID="1046" Text="Fluxos de Trabalho" />
              <Title LCID="2070" Text="Fluxos de Trabalho" />
              <Title LCID="1048" Text="Fluxuri de lucru" />
              <Title LCID="1049" Text="Бизнес-процессы" />
              <Title LCID="1051" Text="Pracovné postupy" />
              <Title LCID="1060" Text="Poteki dela" />
              <Title LCID="10266" Text="Токови посла" />
              <Title LCID="9242" Text="Tokovi posla" />
              <Title LCID="1053" Text="Arbetsflöden" />
              <Title LCID="1054" Text="เวิร์กโฟลว์" />
              <Title LCID="1055" Text="İş Akışları" />
              <Title LCID="1058" Text="Робочі цикли" />
              <Title LCID="1066" Text="Quy trình làm việc" />
              <Title LCID="2052" Text="工作流" />
              <Title LCID="3076" Text="工作流程" />
              <Title LCID="1028" Text="工作流程" />
              <Title LCID="3098" Text="Токови посла" />
              <Title LCID="2074" Text="Tokovi posla" />
            </Titles>
          </NavBarByRelationshipItem>
          <NavBarByRelationshipItem RelationshipName="hardcoded_{B7196B13-6B9D-42CD-BD58-B19A3953126F}navProcessSessions" Sequence="9700" Area="ProcessCenter" Id="navProcessSessions" Show="false">
            <Titles>
              <Title LCID="1033" Text="Dialog Sessions" />
              <Title LCID="1025" Text="جلسات عمل الحوار" />
              <Title LCID="1026" Text="Диалогови сесии" />
              <Title LCID="1027" Text="Sessions del diàleg" />
              <Title LCID="1029" Text="Relace dialogů" />
              <Title LCID="1030" Text="Dialogsessioner" />
              <Title LCID="1031" Text="Dialogsitzungen" />
              <Title LCID="1032" Text="Περίοδοι λειτουργίας παραθύρου διαλόγου" />
              <Title LCID="3082" Text="Sesiones de diálogo" />
              <Title LCID="1061" Text="Dialoogiseansid" />
              <Title LCID="1069" Text="Elkarrizketa-saioak" />
              <Title LCID="1035" Text="Dialogi-istunnot" />
              <Title LCID="1036" Text="Sessions de dialogue" />
              <Title LCID="1110" Text="Sesións de diálogo" />
              <Title LCID="1037" Text="הפעלות דו-שיח" />
              <Title LCID="1081" Text="संवाद सत्र" />
              <Title LCID="1050" Text="Sesije dijaloga" />
              <Title LCID="1038" Text="Párbeszéd-munkamenetek" />
              <Title LCID="1057" Text="Sesi Dialog" />
              <Title LCID="1040" Text="Sessioni di interazione" />
              <Title LCID="1041" Text="ダイアログ セッション" />
              <Title LCID="1087" Text="Диалог сеанстары" />
              <Title LCID="1042" Text="대화 세션" />
              <Title LCID="1063" Text="Dialogo seansai" />
              <Title LCID="1062" Text="Dialogu sesijas" />
              <Title LCID="1086" Text="Sesi Dialog" />
              <Title LCID="1044" Text="Dialogøkter" />
              <Title LCID="1043" Text="Dialoogvenstersessies" />
              <Title LCID="1045" Text="Sesje dialogowe" />
              <Title LCID="1046" Text="Sessões de Diálogo" />
              <Title LCID="2070" Text="Sessões de Diálogo" />
              <Title LCID="1048" Text="Sesiuni de dialog" />
              <Title LCID="1049" Text="Сеансы диалогового окна" />
              <Title LCID="1051" Text="Relácie dialógového okna" />
              <Title LCID="1060" Text="Seje dialoga" />
              <Title LCID="10266" Text="Сесије дијалога" />
              <Title LCID="9242" Text="Sesije dijaloga" />
              <Title LCID="1053" Text="Dialogsessioner" />
              <Title LCID="1054" Text="เซสชันของกล่องโต้ตอบ" />
              <Title LCID="1055" Text="Diyalog Oturumları" />
              <Title LCID="1058" Text="Сеанси діалогу" />
              <Title LCID="1066" Text="Phiên hộp thoại" />
              <Title LCID="2052" Text="对话会话" />
              <Title LCID="3076" Text="對話方塊工作階段" />
              <Title LCID="1028" Text="對話方塊工作階段" />
              <Title LCID="3098" Text="Сесије дијалога" />
              <Title LCID="2074" Text="Sesije dijaloga" />
            </Titles>
          </NavBarByRelationshipItem>
        </NavBar>
        <NavBarAreas>
          <NavBarArea Id="Info">
            <Titles>
              <Title LCID="1033" Text="Common" />
              <Title LCID="1025" Text="Common" />
              <Title LCID="1026" Text="Common" />
              <Title LCID="1027" Text="Common" />
              <Title LCID="1029" Text="Common" />
              <Title LCID="1030" Text="Common" />
              <Title LCID="1031" Text="Common" />
              <Title LCID="1032" Text="Common" />
              <Title LCID="3082" Text="Common" />
              <Title LCID="1061" Text="Common" />
              <Title LCID="1069" Text="Common" />
              <Title LCID="1035" Text="Common" />
              <Title LCID="1036" Text="Common" />
              <Title LCID="1110" Text="Common" />
              <Title LCID="1037" Text="Common" />
              <Title LCID="1081" Text="Common" />
              <Title LCID="1050" Text="Common" />
              <Title LCID="1038" Text="Common" />
              <Title LCID="1057" Text="Common" />
              <Title LCID="1040" Text="Common" />
              <Title LCID="1041" Text="Common" />
              <Title LCID="1087" Text="Common" />
              <Title LCID="1042" Text="Common" />
              <Title LCID="1063" Text="Common" />
              <Title LCID="1062" Text="Common" />
              <Title LCID="1086" Text="Common" />
              <Title LCID="1044" Text="Common" />
              <Title LCID="1043" Text="Common" />
              <Title LCID="1045" Text="Common" />
              <Title LCID="1046" Text="Common" />
              <Title LCID="2070" Text="Common" />
              <Title LCID="1048" Text="Common" />
              <Title LCID="1049" Text="Common" />
              <Title LCID="1051" Text="Common" />
              <Title LCID="1060" Text="Common" />
              <Title LCID="3098" Text="Common" />
              <Title LCID="10266" Text="Common" />
              <Title LCID="2074" Text="Common" />
              <Title LCID="9242" Text="Common" />
              <Title LCID="1053" Text="Common" />
              <Title LCID="1054" Text="Common" />
              <Title LCID="1055" Text="Common" />
              <Title LCID="1058" Text="Common" />
              <Title LCID="1066" Text="Common" />
              <Title LCID="2052" Text="Common" />
              <Title LCID="3076" Text="Common" />
              <Title LCID="1028" Text="Common" />
            </Titles>
          </NavBarArea>
          <NavBarArea Id="Sales">
            <Titles>
              <Title LCID="1033" Text="Sales" />
              <Title LCID="1025" Text="Sales" />
              <Title LCID="1026" Text="Sales" />
              <Title LCID="1027" Text="Sales" />
              <Title LCID="1029" Text="Sales" />
              <Title LCID="1030" Text="Sales" />
              <Title LCID="1031" Text="Sales" />
              <Title LCID="1032" Text="Sales" />
              <Title LCID="3082" Text="Sales" />
              <Title LCID="1061" Text="Sales" />
              <Title LCID="1069" Text="Sales" />
              <Title LCID="1035" Text="Sales" />
              <Title LCID="1036" Text="Sales" />
              <Title LCID="1110" Text="Sales" />
              <Title LCID="1037" Text="Sales" />
              <Title LCID="1081" Text="Sales" />
              <Title LCID="1050" Text="Sales" />
              <Title LCID="1038" Text="Sales" />
              <Title LCID="1057" Text="Sales" />
              <Title LCID="1040" Text="Sales" />
              <Title LCID="1041" Text="Sales" />
              <Title LCID="1087" Text="Sales" />
              <Title LCID="1042" Text="Sales" />
              <Title LCID="1063" Text="Sales" />
              <Title LCID="1062" Text="Sales" />
              <Title LCID="1086" Text="Sales" />
              <Title LCID="1044" Text="Sales" />
              <Title LCID="1043" Text="Sales" />
              <Title LCID="1045" Text="Sales" />
              <Title LCID="1046" Text="Sales" />
              <Title LCID="2070" Text="Sales" />
              <Title LCID="1048" Text="Sales" />
              <Title LCID="1049" Text="Sales" />
              <Title LCID="1051" Text="Sales" />
              <Title LCID="1060" Text="Sales" />
              <Title LCID="3098" Text="Sales" />
              <Title LCID="10266" Text="Sales" />
              <Title LCID="2074" Text="Sales" />
              <Title LCID="9242" Text="Sales" />
              <Title LCID="1053" Text="Sales" />
              <Title LCID="1054" Text="Sales" />
              <Title LCID="1055" Text="Sales" />
              <Title LCID="1058" Text="Sales" />
              <Title LCID="1066" Text="Sales" />
              <Title LCID="2052" Text="Sales" />
              <Title LCID="3076" Text="Sales" />
              <Title LCID="1028" Text="Sales" />
            </Titles>
          </NavBarArea>
          <NavBarArea Id="Service">
            <Titles>
              <Title LCID="1033" Text="Service" />
              <Title LCID="1025" Text="Service" />
              <Title LCID="1026" Text="Service" />
              <Title LCID="1027" Text="Service" />
              <Title LCID="1029" Text="Service" />
              <Title LCID="1030" Text="Service" />
              <Title LCID="1031" Text="Service" />
              <Title LCID="1032" Text="Service" />
              <Title LCID="3082" Text="Service" />
              <Title LCID="1061" Text="Service" />
              <Title LCID="1069" Text="Service" />
              <Title LCID="1035" Text="Service" />
              <Title LCID="1036" Text="Service" />
              <Title LCID="1110" Text="Service" />
              <Title LCID="1037" Text="Service" />
              <Title LCID="1081" Text="Service" />
              <Title LCID="1050" Text="Service" />
              <Title LCID="1038" Text="Service" />
              <Title LCID="1057" Text="Service" />
              <Title LCID="1040" Text="Service" />
              <Title LCID="1041" Text="Service" />
              <Title LCID="1087" Text="Service" />
              <Title LCID="1042" Text="Service" />
              <Title LCID="1063" Text="Service" />
              <Title LCID="1062" Text="Service" />
              <Title LCID="1086" Text="Service" />
              <Title LCID="1044" Text="Service" />
              <Title LCID="1043" Text="Service" />
              <Title LCID="1045" Text="Service" />
              <Title LCID="1046" Text="Service" />
              <Title LCID="2070" Text="Service" />
              <Title LCID="1048" Text="Service" />
              <Title LCID="1049" Text="Service" />
              <Title LCID="1051" Text="Service" />
              <Title LCID="1060" Text="Service" />
              <Title LCID="3098" Text="Service" />
              <Title LCID="10266" Text="Service" />
              <Title LCID="2074" Text="Service" />
              <Title LCID="9242" Text="Service" />
              <Title LCID="1053" Text="Service" />
              <Title LCID="1054" Text="Service" />
              <Title LCID="1055" Text="Service" />
              <Title LCID="1058" Text="Service" />
              <Title LCID="1066" Text="Service" />
              <Title LCID="2052" Text="Service" />
              <Title LCID="3076" Text="Service" />
              <Title LCID="1028" Text="Service" />
            </Titles>
          </NavBarArea>
          <NavBarArea Id="Marketing">
            <Titles>
              <Title LCID="1033" Text="Marketing" />
              <Title LCID="1025" Text="Marketing" />
              <Title LCID="1026" Text="Marketing" />
              <Title LCID="1027" Text="Marketing" />
              <Title LCID="1029" Text="Marketing" />
              <Title LCID="1030" Text="Marketing" />
              <Title LCID="1031" Text="Marketing" />
              <Title LCID="1032" Text="Marketing" />
              <Title LCID="3082" Text="Marketing" />
              <Title LCID="1061" Text="Marketing" />
              <Title LCID="1069" Text="Marketing" />
              <Title LCID="1035" Text="Marketing" />
              <Title LCID="1036" Text="Marketing" />
              <Title LCID="1110" Text="Marketing" />
              <Title LCID="1037" Text="Marketing" />
              <Title LCID="1081" Text="Marketing" />
              <Title LCID="1050" Text="Marketing" />
              <Title LCID="1038" Text="Marketing" />
              <Title LCID="1057" Text="Marketing" />
              <Title LCID="1040" Text="Marketing" />
              <Title LCID="1041" Text="Marketing" />
              <Title LCID="1087" Text="Marketing" />
              <Title LCID="1042" Text="Marketing" />
              <Title LCID="1063" Text="Marketing" />
              <Title LCID="1062" Text="Marketing" />
              <Title LCID="1086" Text="Marketing" />
              <Title LCID="1044" Text="Marketing" />
              <Title LCID="1043" Text="Marketing" />
              <Title LCID="1045" Text="Marketing" />
              <Title LCID="1046" Text="Marketing" />
              <Title LCID="2070" Text="Marketing" />
              <Title LCID="1048" Text="Marketing" />
              <Title LCID="1049" Text="Marketing" />
              <Title LCID="1051" Text="Marketing" />
              <Title LCID="1060" Text="Marketing" />
              <Title LCID="3098" Text="Marketing" />
              <Title LCID="10266" Text="Marketing" />
              <Title LCID="2074" Text="Marketing" />
              <Title LCID="9242" Text="Marketing" />
              <Title LCID="1053" Text="Marketing" />
              <Title LCID="1054" Text="Marketing" />
              <Title LCID="1055" Text="Marketing" />
              <Title LCID="1058" Text="Marketing" />
              <Title LCID="1066" Text="Marketing" />
              <Title LCID="2052" Text="Marketing" />
              <Title LCID="3076" Text="Marketing" />
              <Title LCID="1028" Text="Marketing" />
            </Titles>
          </NavBarArea>
          <NavBarArea Id="ProcessCenter">
            <Titles>
              <Title LCID="1033" Text="Process Sessions" />
              <Title LCID="1025" Text="Process Sessions" />
              <Title LCID="1026" Text="Process Sessions" />
              <Title LCID="1027" Text="Process Sessions" />
              <Title LCID="1029" Text="Process Sessions" />
              <Title LCID="1030" Text="Process Sessions" />
              <Title LCID="1031" Text="Process Sessions" />
              <Title LCID="1032" Text="Process Sessions" />
              <Title LCID="3082" Text="Process Sessions" />
              <Title LCID="1061" Text="Process Sessions" />
              <Title LCID="1069" Text="Process Sessions" />
              <Title LCID="1035" Text="Process Sessions" />
              <Title LCID="1036" Text="Process Sessions" />
              <Title LCID="1110" Text="Process Sessions" />
              <Title LCID="1037" Text="Process Sessions" />
              <Title LCID="1081" Text="Process Sessions" />
              <Title LCID="1050" Text="Process Sessions" />
              <Title LCID="1038" Text="Process Sessions" />
              <Title LCID="1057" Text="Process Sessions" />
              <Title LCID="1040" Text="Process Sessions" />
              <Title LCID="1041" Text="Process Sessions" />
              <Title LCID="1087" Text="Process Sessions" />
              <Title LCID="1042" Text="Process Sessions" />
              <Title LCID="1063" Text="Process Sessions" />
              <Title LCID="1062" Text="Process Sessions" />
              <Title LCID="1086" Text="Process Sessions" />
              <Title LCID="1044" Text="Process Sessions" />
              <Title LCID="1043" Text="Process Sessions" />
              <Title LCID="1045" Text="Process Sessions" />
              <Title LCID="1046" Text="Process Sessions" />
              <Title LCID="2070" Text="Process Sessions" />
              <Title LCID="1048" Text="Process Sessions" />
              <Title LCID="1049" Text="Process Sessions" />
              <Title LCID="1051" Text="Process Sessions" />
              <Title LCID="1060" Text="Process Sessions" />
              <Title LCID="3098" Text="Process Sessions" />
              <Title LCID="10266" Text="Process Sessions" />
              <Title LCID="2074" Text="Process Sessions" />
              <Title LCID="9242" Text="Process Sessions" />
              <Title LCID="1053" Text="Process Sessions" />
              <Title LCID="1054" Text="Process Sessions" />
              <Title LCID="1055" Text="Process Sessions" />
              <Title LCID="1058" Text="Process Sessions" />
              <Title LCID="1066" Text="Process Sessions" />
              <Title LCID="2052" Text="Process Sessions" />
              <Title LCID="3076" Text="Process Sessions" />
              <Title LCID="1028" Text="Process Sessions" />
            </Titles>
          </NavBarArea>
        </NavBarAreas>
      </Navigation>
      <controlDescriptions>
        <controlDescription forControl="{3ff9a528-dd50-4aca-8f10-2e5ed73513ad}">
          <customControl formFactor="2" name="MscrmControls.CardFeedContainer.CardFeedContainer">
            <parameters>
              <data-set name="SubGrid">
                <ViewId>{92AFD454-0F2E-4397-A1C8-05E37C6AD699}</ViewId>
                <IsUserView>false</IsUserView>
                <TargetEntityType>actioncard</TargetEntityType>
                <FilteredViewIds>{92AFD454-0F2E-4397-A1C8-05E37C6AfD699}</FilteredViewIds>
                <EnableViewPicker>false</EnableViewPicker>
              </data-set>
              <EntityTypeCode static="true" type="Decimal">2</EntityTypeCode>
              <Location static="true" type="Decimal">1</Location>
              <msinternal.isvisibleinmocaonly static="true">true</msinternal.isvisibleinmocaonly>
            </parameters>
          </customControl>
          <customControl formFactor="0" name="MscrmControls.CardFeedContainer.CardFeedContainer">
            <parameters>
              <data-set name="SubGrid">
                <ViewId>{92AFD454-0F2E-4397-A1C8-05E37C6AD699}</ViewId>
                <IsUserView>false</IsUserView>
                <TargetEntityType>actioncard</TargetEntityType>
                <FilteredViewIds>{92AFD454-0F2E-4397-A1C8-05E37C6AfD699}</FilteredViewIds>
                <EnableViewPicker>false</EnableViewPicker>
              </data-set>
              <EntityTypeCode static="true" type="Decimal">2</EntityTypeCode>
              <Location static="true" type="Decimal">1</Location>
              <msinternal.isvisibleinmocaonly static="true">true</msinternal.isvisibleinmocaonly>
            </parameters>
          </customControl>
          <customControl formFactor="1" name="MscrmControls.CardFeedContainer.CardFeedContainer">
            <parameters>
              <data-set name="SubGrid">
                <ViewId>{92AFD454-0F2E-4397-A1C8-05E37C6AD699}</ViewId>
                <IsUserView>false</IsUserView>
                <TargetEntityType>actioncard</TargetEntityType>
                <FilteredViewIds>{92AFD454-0F2E-4397-A1C8-05E37C6AfD699}</FilteredViewIds>
                <EnableViewPicker>false</EnableViewPicker>
              </data-set>
              <EntityTypeCode static="true" type="Decimal">2</EntityTypeCode>
              <Location static="true" type="Decimal">1</Location>
              <msinternal.isvisibleinmocaonly static="true">true</msinternal.isvisibleinmocaonly>
            </parameters>
          </customControl>
        </controlDescription>
        <controlDescription forControl="{69d839e7-9935-3a7e-d978-85a1cdb50323}">
          <customControl id="{E0DECE4B-6FC8-4a8f-A065-082708572369}">
            <parameters>
              <datafieldname>businesscard</datafieldname>
            </parameters>
          </customControl>
          <customControl formFactor="0" name="Intelligence.BusinessCardReaderControl.BusinessCardReader">
            <parameters>
              <value>businesscard</value>
              <DefaultImage type="Multiple">businesscard</DefaultImage>
              <AdvancedCustomization>businesscardattributes</AdvancedCustomization>
            </parameters>
          </customControl>
          <customControl formFactor="1" name="Intelligence.BusinessCardReaderControl.BusinessCardReader">
            <parameters>
              <value>businesscard</value>
              <DefaultImage type="Multiple">businesscard</DefaultImage>
              <AdvancedCustomization>businesscardattributes</AdvancedCustomization>
            </parameters>
          </customControl>
          <customControl formFactor="2" name="Intelligence.BusinessCardReaderControl.BusinessCardReader">
            <parameters>
              <value>businesscard</value>
              <DefaultImage type="Multiple">businesscard</DefaultImage>
              <AdvancedCustomization>businesscardattributes</AdvancedCustomization>
            </parameters>
          </customControl>
        </controlDescription>
        <controlDescription forControl="{5ca8c570-a541-4cf4-9209-99406ba7cbdf}">
          <customControl formFactor="0" name="MscrmControls.TalkingPointsControl.TalkingPoints">
            <parameters>
              <fullname>fullname</fullname>
            </parameters>
          </customControl>
          <customControl formFactor="1" name="MscrmControls.TalkingPointsControl.TalkingPoints">
            <parameters>
              <fullname>fullname</fullname>
            </parameters>
          </customControl>
          <customControl formFactor="2" name="MscrmControls.TalkingPointsControl.TalkingPoints">
            <parameters>
              <fullname>fullname</fullname>
            </parameters>
          </customControl>
        </controlDescription>
      </controlDescriptions>
      <formLibraries>
        <Library name="msdyn_talkingpointsloader.js" libraryUniqueId="{30d6d0a4-d097-b9be-cc6e-5722727be490}" />
      </formLibraries>
      <footer id="{5fe4d720-bd7e-4dc5-a7aa-e019230967dd}" celllabelposition="Top" columns="111" labelwidth="115" celllabelalignment="Left">
        <rows>
          <row>
            <cell id="{91a761ad-df9f-4862-82b7-a6279b04100b}" showlabel="false">
              <labels>
                <label description="" languagecode="1033" />
              </labels>
            </cell>
            <cell id="{565be7e8-3f17-4273-9e63-ed9fd6854c4f}" showlabel="false">
              <labels>
                <label description="" languagecode="1033" />
              </labels>
            </cell>
            <cell id="{abd8db83-b1cf-4acb-a880-2a401939bd18}" showlabel="false">
              <labels>
                <label description="" languagecode="1033" />
              </labels>
            </cell>
          </row>
        </rows>
      </footer>
      <DisplayConditions FallbackForm="true" Order="12">
        <Role Id="{85937b6b-91a1-46ed-9778-929fc9f61812}" />
        <Role Id="{627090ff-40a3-4053-8790-584edc5be201}" />
        <Role Id="{119f245c-3cc8-4b62-b31c-d1a046ced15d}" />
      </DisplayConditions>
    </form>
    <IsCustomizable>1</IsCustomizable>
    <CanBeDeleted>1</CanBeDeleted>
    <LocalizedNames>
      <LocalizedName description="Applicant Web Form" languagecode="1033" />
    </LocalizedNames>
    <Descriptions>
      <Description description="Applicant Form for Web Portal" languagecode="1033" />
    </Descriptions>
  </systemform>
</forms>