﻿<?xml version="1.0" encoding="utf-8"?>
<forms xmlns:xsi="http://www.w3.org/2001/XMLSchema-instance">
  <systemform>
    <formid>{b766490e-f024-eb11-a813-000d3a870884}</formid>
    <IntroducedVersion>1.0.0.67</IntroducedVersion>
    <FormPresentation>1</FormPresentation>
    <FormActivationState>1</FormActivationState>
    <form>
      <tabs>
        <tab id="ACBA75B7-97B6-4116-AA55-51312992B721" name="tab_1" showlabel="false" labelid="{35df2cf5-6162-46a9-9b19-ebc69fd377c9}">
          <labels>
            <label description="Tab" languagecode="1033" />
          </labels>
          <columns>
            <column width="100%">
              <sections>
                <section id="AD49B5BF-256F-46A8-9C75-947146172EB9" name="relatives_tab_section" columns="1" showlabel="false" showbar="false" IsUserDefined="0" labelwidth="130" labelid="{78bc8b51-1ffd-4ba3-820d-aeac3669dfc3}">
                  <labels>
                    <label description="Relatives" languagecode="1033" />
                  </labels>
                  <rows>
                    <row>
                      <cell id="{3c63aeeb-4227-886e-c4c6-d54019c94ec2}" showlabel="false">
                        <labels>
                          <label description="" languagecode="1033" />
                        </labels>
                      </cell>
                    </row>
                  </rows>
                </section>
              </sections>
            </column>
          </columns>
        </tab>
      </tabs>
      <DisplayConditions Order="1" FallbackForm="true">
        <Role Id="{627090ff-40a3-4053-8790-584edc5be201}" />
        <Role Id="{119f245c-3cc8-4b62-b31c-d1a046ced15d}" />
      </DisplayConditions>
    </form>
    <IsCustomizable>1</IsCustomizable>
    <CanBeDeleted>1</CanBeDeleted>
    <LocalizedNames>
      <LocalizedName description=" quick view form" languagecode="1033" />
    </LocalizedNames>
  </systemform>
</forms>