﻿<?xml version="1.0" encoding="utf-8"?>
<forms xmlns:xsi="http://www.w3.org/2001/XMLSchema-instance">
  <systemform>
    <formid>{b766490e-f024-eb11-a813-000d3a870884}</formid>
    <IntroducedVersion>1.0.0.67</IntroducedVersion>
    <FormPresentation>1</FormPresentation>
    <FormActivationState>1</FormActivationState>
    <form>
      <tabs>
        <tab id="ACBA75B7-97B6-4116-AA55-51312992B721" name="tab_1" showlabel="false" labelid="{35df2cf5-6162-46a9-9b19-ebc69fd377c9}">
          <labels>
            <label description="Tab" languagecode="1033" />
          </labels>
          <columns>
            <column width="100%">
              <sections>
                <section id="AD49B5BF-256F-46A8-9C75-947146172EB9" name="relatives_tab_section" columns="1" showlabel="false" showbar="false" IsUserDefined="0" labelwidth="130" labelid="{78bc8b51-1ffd-4ba3-820d-aeac3669dfc3}">
                  <labels>
                    <label description="Relatives" languagecode="1033" />
                  </labels>
                  <rows>
                    <row>
                      <cell id="{3c63aeeb-4227-886e-c4c6-d54019c94ec2}" showlabel="false">
                        <labels>
                          <label description="" languagecode="1033" />
                        </labels>
                      </cell>
                    </row>
                  </rows>
                </section>
              </sections>
            </column>
          </columns>
        </tab>
      </tabs>
      <DisplayConditions Order="1" FallbackForm="true">
        <Role Id="{627090ff-40a3-4053-8790-584edc5be201}" />
        <Role Id="{119f245c-3cc8-4b62-b31c-d1a046ced15d}" />
        <Role Id="{2b779093-0618-4a52-8996-180bf0e34e75}" />
        <Role Id="{0ad83390-1b48-45e1-b4cb-1a0257c1c58b}" />
        <Role Id="{e0c3c5e2-9cb6-456c-8c8e-2eca3010c410}" />
        <Role Id="{52c97507-9206-4df3-a9b3-3579ceb41a2c}" />
        <Role Id="{bcb4f2b1-9e9c-4885-8b7f-3beb7a01e7d3}" />
        <Role Id="{b4f6c3ef-b88c-4166-814a-45930f8b5682}" />
        <Role Id="{1d238bd4-1c79-4fe5-93af-71e2a1c86c31}" />
        <Role Id="{8cbbb192-09b1-4114-8614-aac829bbf7fb}" />
        <Role Id="{4bad0a38-fed7-466d-86dd-ccea55c9959d}" />
        <Role Id="{aac42a11-b907-478b-951a-ce6390976b3b}" />
        <Role Id="{a0f5d1cf-0dc9-4a09-897c-d5daaefa86ee}" />
        <Role Id="{5fec8fd0-5b40-4f41-a947-d6a185d4524e}" />
        <Role Id="{6c7b90a2-04b3-48a1-ad5e-e29dd60111b2}" />
      </DisplayConditions>
    </form>
    <IsCustomizable>1</IsCustomizable>
    <CanBeDeleted>1</CanBeDeleted>
    <LocalizedNames>
      <LocalizedName description=" quick view form" languagecode="1033" />
    </LocalizedNames>
  </systemform>
</forms>