﻿<?xml version="1.0" encoding="utf-8"?>
<AppModule>
  <UniqueName>pfc_Recruitment</UniqueName>
  <IntroducedVersion>1.0.0.0</IntroducedVersion>
  <WebResourceId>953b9fac-1e5e-e611-80d6-00155ded156f</WebResourceId>
  <OptimizedFor></OptimizedFor>
  <statecode>0</statecode>
  <statuscode>1</statuscode>
  <FormFactor>1</FormFactor>
  <ClientType>4</ClientType>
  <NavigationType>0</NavigationType>
  <AppModuleComponents>
    <AppModuleComponent type="62" schemaName="pfc_Recruitment" />
    <AppModuleComponent type="29" id="{042d4e41-6656-4d46-a3bc-b1dd146fa5da}" />
    <AppModuleComponent type="29" id="{a1342148-02a4-eb11-b1ac-000d3a86d149}" />
    <AppModuleComponent type="29" id="{a4e346a0-2d6c-eb11-a812-000d3a870ebd}" />
    <AppModuleComponent type="60" id="{a37a4e6c-757a-eb11-a812-0022481a6349}" />
    <AppModuleComponent type="1" schemaName="account" />
    <AppModuleComponent type="1" schemaName="activitypointer" />
    <AppModuleComponent type="1" schemaName="contact" />
    <AppModuleComponent type="60" id="{82024a18-a176-eb11-a812-0022481a6366}" />
    <AppModuleComponent type="60" id="{16ce2fc5-8e76-eb11-a812-0022481a635b}" />
    <AppModuleComponent type="60" id="{5d53be2e-151c-eb11-a813-000d3a86ad30}" />
    <AppModuleComponent type="60" id="{1fed44d1-ae68-4a41-bd2b-f13acac4acfa}" />
    <AppModuleComponent type="60" id="{ffa7f160-d5c1-ea11-a812-002248005e55}" />
    <AppModuleComponent type="60" id="{661157fe-2fc9-4eaa-835f-5bfa2f7b64f7}" />
    <AppModuleComponent type="60" id="{bc23661e-f7f8-ea11-a815-000d3a86a8cf}" />
    <AppModuleComponent type="60" id="{f0d72a4a-f7cf-ea11-a813-002248005e55}" />
    <AppModuleComponent type="60" id="{3fb651a5-cdbf-46c9-87fb-d2c748662bb8}" />
    <AppModuleComponent type="60" id="{23dbe243-9576-eb11-a812-0022481a6366}" />
    <AppModuleComponent type="60" id="{4be0293f-6877-eb11-a812-0022481a6366}" />
    <AppModuleComponent type="60" id="{bd7cb79a-a1d1-ea11-a813-000d3a86a8cf}" />
    <AppModuleComponent type="60" id="{16d69406-a4d1-ea11-a813-002248005e55}" />
    <AppModuleComponent type="60" id="{39cea2a3-acd1-ea11-a813-002248005e55}" />
    <AppModuleComponent type="60" id="{0bec42b6-91cd-ea11-a812-002248005e55}" />
    <AppModuleComponent type="60" id="{05e08293-f6cf-ea11-a813-000d3a86a8cf}" />
    <AppModuleComponent type="1" schemaName="pfc_enquiry" />
    <AppModuleComponent type="60" id="{09c82682-8fa6-eb11-9442-0022480018c6}" />
    <AppModuleComponent type="1" schemaName="new_enquirytoreferralprocess" />
    <AppModuleComponent type="1" schemaName="new_joboffertoemployee" />
    <AppModuleComponent type="1" schemaName="new_recruitmenttracker" />
    <AppModuleComponent type="1" schemaName="pfc_referral" />
    <AppModuleComponent type="1" schemaName="pfc_vacancy" />
    <AppModuleComponent type="1" schemaName="pfc_vacancyapplication" />
    <AppModuleComponent type="60" id="{1322b745-3450-4702-9cbb-f69625c20e82}" />
    <AppModuleComponent type="60" id="{cc5e2750-89f6-ea11-a815-002248005e55}" />
  </AppModuleComponents>
  <AppModuleRoleMaps>
    <Role id="{85937b6b-91a1-46ed-9778-929fc9f61812}" />
    <Role id="{2407db5e-edae-4e36-9be1-fd61d4d15809}" />
    <Role id="{6bb29649-e0a8-eb11-9442-002248001b2f}" />
    <Role id="{556684cb-f3a8-eb11-9442-002248001b2f}" />
    <Role id="{db26d3b1-dea8-eb11-9442-002248001b2f}" />
    <Role id="{1c5f6ea8-874e-eb11-a812-000d3a870884}" />
    <Role id="{b3954dae-fecc-eb11-bacc-00224800fb38}" />
    <Role id="{b9154c24-f3a8-eb11-9442-002248001b2f}" />
    <Role id="{627090ff-40a3-4053-8790-584edc5be201}" />
    <Role id="{119f245c-3cc8-4b62-b31c-d1a046ced15d}" />
  </AppModuleRoleMaps>
  <LocalizedNames>
    <LocalizedName description="PFC Hub" languagecode="1033" />
  </LocalizedNames>
</AppModule>