﻿<?xml version="1.0" encoding="utf-8"?>
<AppModuleSiteMap xmlns:xsi="http://www.w3.org/2001/XMLSchema-instance">
  <SiteMapUniqueName>pfc_Recruitment</SiteMapUniqueName>
  <EnableCollapsibleGroups>False</EnableCollapsibleGroups>
  <ShowHome>True</ShowHome>
  <ShowPinned>True</ShowPinned>
  <ShowRecents>True</ShowRecents>
  <SiteMap IntroducedVersion="7.0.0.0">
    <Area Id="CRM_Area" ResourceId="SitemapDesigner.NewArea" ShowGroups="true">
      <Titles>
        <Title LCID="1033" Title="CRM" />
      </Titles>
      <Group Id="MyWork_Group" ResourceId="SitemapDesigner.NewGroup" IsProfile="false" ToolTipResourseId="SitemapDesigner.Unknown">
        <Titles>
          <Title LCID="1033" Title="My Work" />
        </Titles>
        <SubArea Id="Activities_SubArea" Icon="/_imgs/imagestrips/transparent_spacer.gif" Entity="activitypointer" Client="All,Outlook,OutlookLaptopClient,OutlookWorkstationClient,Web" AvailableOffline="true" PassParams="false" Sku="All,OnPremise,Live,SPLA">
          <Titles>
            <Title LCID="1033" Title="Activities" />
          </Titles>
        </SubArea>
      </Group>
      <Group Id="Customers_Group" ResourceId="SitemapDesigner.NewGroup" IsProfile="false" ToolTipResourseId="SitemapDesigner.Unknown">
        <Titles>
          <Title LCID="1033" Title="Customers" />
        </Titles>
        <SubArea Id="Accounts_SubArea" Icon="/_imgs/imagestrips/transparent_spacer.gif" Entity="account" Client="All,Outlook,OutlookLaptopClient,OutlookWorkstationClient,Web" AvailableOffline="true" PassParams="false" Sku="All,OnPremise,Live,SPLA">
          <Titles>
            <Title LCID="1033" Title="Accounts" />
          </Titles>
        </SubArea>
        <SubArea Id="Contacts_SubArea" ResourceId="SitemapDesigner.NewSubArea" VectorIcon="/WebResources/pfc_defaultContactIcon" Icon="/WebResources/pfc_defaultContactIcon" Url="/main.aspx?appid=c85cfd25-30b6-ea11-a812-000d3a86a8cf&amp;pagetype=entitylist&amp;etn=contact&amp;viewid=00000000-0000-0000-00aa-000010001004&amp;viewType=1039" Client="All,Outlook,OutlookLaptopClient,OutlookWorkstationClient,Web" AvailableOffline="true" PassParams="false" Sku="All,OnPremise,Live,SPLA">
          <Titles>
            <Title LCID="1033" Title="Contacts" />
          </Titles>
        </SubArea>
      </Group>
    </Area>
    <Area Id="Referrals_Area" ResourceId="SitemapDesigner.NewArea" ShowGroups="false">
      <Titles>
        <Title LCID="1033" Title="Referrals" />
      </Titles>
      <Group Id="MyWork_Group" ResourceId="SitemapDesigner.NewGroup" IsProfile="false" ToolTipResourseId="SitemapDesigner.Unknown">
        <Titles>
          <Title LCID="1033" Title="My Work" />
        </Titles>
        <SubArea Id="Activities_SubArea" Icon="/_imgs/imagestrips/transparent_spacer.gif" Entity="activitypointer" Client="All,Outlook,OutlookLaptopClient,OutlookWorkstationClient,Web" AvailableOffline="true" PassParams="false" Sku="All,OnPremise,Live,SPLA">
          <Titles>
            <Title LCID="1033" Title="Activities" />
          </Titles>
        </SubArea>
      </Group>
      <Group Id="Customers_Group" ResourceId="SitemapDesigner.NewGroup" IsProfile="false" ToolTipResourseId="SitemapDesigner.Unknown">
        <Titles>
          <Title LCID="1033" Title="Customers" />
        </Titles>
        <SubArea Id="Accounts_SubArea" Icon="/_imgs/imagestrips/transparent_spacer.gif" Entity="account" Client="All,Outlook,OutlookLaptopClient,OutlookWorkstationClient,Web" AvailableOffline="true" PassParams="false" Sku="All,OnPremise,Live,SPLA">
          <Titles>
            <Title LCID="1033" Title="Accounts" />
          </Titles>
        </SubArea>
        <SubArea Id="Contacts_SubArea" Icon="/_imgs/imagestrips/transparent_spacer.gif" Entity="contact" Client="All,Outlook,OutlookLaptopClient,OutlookWorkstationClient,Web" AvailableOffline="true" PassParams="false" Sku="All,OnPremise,Live,SPLA">
          <Titles>
            <Title LCID="1033" Title="Contacts" />
          </Titles>
        </SubArea>
      </Group>
      <Group Id="Referrals_Group" ResourceId="SitemapDesigner.NewGroup" IsProfile="false" ToolTipResourseId="SitemapDesigner.Unknown">
        <Titles>
          <Title LCID="1033" Title="Referrals" />
        </Titles>
        <SubArea Id="Enquiry_SubArea" VectorIcon="/WebResources/pfc_enquiryicon" Entity="pfc_enquiry" Client="All,Outlook,OutlookLaptopClient,OutlookWorkstationClient,Web" AvailableOffline="true" PassParams="false" Sku="All,OnPremise,Live,SPLA">
          <Titles>
            <Title LCID="1033" Title="Enquiries" />
          </Titles>
        </SubArea>
        <SubArea Id="Referrals_SubArea" VectorIcon="/WebResources/pfc_referralicon" Entity="pfc_referral" Client="All,Outlook,OutlookLaptopClient,OutlookWorkstationClient,Web" AvailableOffline="true" PassParams="false" Sku="All,OnPremise,Live,SPLA">
          <Titles>
            <Title LCID="1033" Title="Referrals" />
          </Titles>
        </SubArea>
      </Group>
    </Area>
    <Area Id="New_Area" ResourceId="SitemapDesigner.NewArea" DescriptionResourceId="SitemapDesigner.NewArea" ShowGroups="false" IntroducedVersion="7.0.0.0">
      <Titles>
        <Title LCID="1033" Title="Recruitment" />
      </Titles>
      <Group Id="NewGroup_41964b21" ResourceId="SitemapDesigner.NewGroup" IsProfile="false" ToolTipResourseId="SitemapDesigner.Unknown">
        <Titles>
          <Title LCID="1033" Title="My Work" />
        </Titles>
        <SubArea Id="NewSubArea_9d718e8b" ResourceId="SitemapDesigner.NewSubArea" Icon="/_imgs/imagestrips/transparent_spacer.gif" Url="/workplace/home_dashboards.aspx" DefaultDashboard="a37a4e6c-757a-eb11-a812-0022481a6349" Client="All,Outlook,OutlookLaptopClient,OutlookWorkstationClient,Web" AvailableOffline="true" PassParams="false" Sku="All,OnPremise,Live,SPLA">
          <Titles>
            <Title LCID="1033" Title="Dashboards" />
          </Titles>
        </SubArea>
        <SubArea Id="NewSubArea_fd82d45b" Icon="/_imgs/imagestrips/transparent_spacer.gif" Entity="activitypointer" Client="All,Outlook,OutlookLaptopClient,OutlookWorkstationClient,Web" AvailableOffline="true" PassParams="false" Sku="All,OnPremise,Live,SPLA" />
      </Group>
      <Group Id="New_Group" ResourceId="SitemapDesigner.NewGroup" DescriptionResourceId="SitemapDesigner.NewGroup" IntroducedVersion="7.0.0.0" IsProfile="false" ToolTipResourseId="SitemapDesigner.Unknown">
        <Titles>
          <Title LCID="1033" Title="Contacts" />
        </Titles>
        <SubArea Id="NewSubArea_784c435c" ResourceId="SitemapDesigner.NewSubArea" Icon="/_imgs/imagestrips/transparent_spacer.gif" Url="/main.aspx?appid=c85cfd25-30b6-ea11-a812-000d3a86a8cf&amp;pagetype=entitylist&amp;etn=contact&amp;viewid=80f93a8d-daf8-ea11-a815-002248005e55&amp;viewType=1039" Entity="contact" Client="All,Outlook,OutlookLaptopClient,OutlookWorkstationClient,Web" AvailableOffline="true" PassParams="false" Sku="All,OnPremise,Live,SPLA">
          <Titles>
            <Title LCID="1033" Title="Applicants" />
          </Titles>
        </SubArea>
      </Group>
      <Group Id="NewGroup_93089bf8" ResourceId="SitemapDesigner.NewGroup" IsProfile="false" ToolTipResourseId="SitemapDesigner.Unknown">
        <Titles>
          <Title LCID="1033" Title="Vacancies" />
        </Titles>
        <SubArea Id="NewSubArea_20788c4" Entity="pfc_vacancy" Client="All,Outlook,OutlookLaptopClient,OutlookWorkstationClient,Web" AvailableOffline="true" PassParams="false" Sku="All,OnPremise,Live,SPLA">
          <Titles>
            <Title LCID="1033" Title="Vacancies" />
          </Titles>
        </SubArea>
        <SubArea Id="NewSubArea_fd3c01af" Entity="pfc_vacancyapplication" Client="All,Outlook,OutlookLaptopClient,OutlookWorkstationClient,Web" AvailableOffline="true" PassParams="false" Sku="All,OnPremise,Live,SPLA">
          <Titles>
            <Title LCID="1033" Title="Applications" />
          </Titles>
        </SubArea>
      </Group>
    </Area>
  </SiteMap>
  <LocalizedNames>
    <LocalizedName description="PFC Hub" languagecode="1033" />
  </LocalizedNames>
</AppModuleSiteMap>