﻿<?xml version="1.0" encoding="utf-8"?>
<forms xmlns:xsi="http://www.w3.org/2001/XMLSchema-instance">
  <systemform>
    <formid>{72d74d8d-2052-4712-9664-b5163254c092}</formid>
    <IntroducedVersion>1.0.0.191</IntroducedVersion>
    <FormPresentation>1</FormPresentation>
    <FormActivationState>1</FormActivationState>
    <form headerdensity="HighWithControls" shownavigationbar="true" showImage="false" maxWidth="1920">
      <tabs>
        <tab verticallayout="true" id="{a05fed9c-64fc-4bb1-92bb-f529901aefba}" IsUserDefined="1" name="general">
          <labels>
            <label description="General" languagecode="1033" />
          </labels>
          <columns>
            <column width="33%">
              <sections>
                <section name="enquiry_section" id="0b5f0a94-0bbb-4d43-993d-19eb404fe192" IsUserDefined="0" locklevel="0" showlabel="true" showbar="false" layout="varwidth" celllabelalignment="Left" celllabelposition="Left" columns="1" labelwidth="115">
                  <labels>
                    <label description="Enquiry" languagecode="1033" />
                  </labels>
                  <rows>
                    <row>
                      <cell id="{56f3c577-33b1-4e8c-81bf-ba82b0fd46de}">
                        <labels>
                          <label description="Enquiry No." languagecode="1033" />
                        </labels>
                        <control id="header_pfc_name" classid="{4273EDBD-AC1D-40d3-9FB2-095C621B552D}" datafieldname="pfc_name" disabled="false" />
                      </cell>
                    </row>
                  </rows>
                </section>
                <section showlabel="true" showbar="false" IsUserDefined="0" id="{842ef66d-2b95-4f55-af6a-2551763733d3}" name="referree_section">
                  <labels>
                    <label description="Referee" languagecode="1033" />
                  </labels>
                  <rows>
                    <row>
                      <cell id="{7714f005-ac65-408a-88fe-43a3744d5207}" locklevel="0">
                        <labels>
                          <label description="First Name" languagecode="1033" />
                        </labels>
                        <control id="pfc_referrerfirstname" classid="{4273EDBD-AC1D-40D3-9FB2-095C621B552D}" datafieldname="pfc_referrerfirstname" disabled="false" />
                      </cell>
                    </row>
                    <row>
                      <cell id="{c6befdca-6b2f-4bfc-ab0a-016b7768d047}" locklevel="0">
                        <labels>
                          <label description="Last Name" languagecode="1033" />
                        </labels>
                        <control id="pfc_referrerlastname" classid="{4273EDBD-AC1D-40D3-9FB2-095C621B552D}" datafieldname="pfc_referrerlastname" disabled="false" />
                      </cell>
                    </row>
                    <row>
                      <cell id="{91b1c558-fc1f-4b80-9f62-624d1679446a}" locklevel="0">
                        <labels>
                          <label description="Role" languagecode="1033" />
                        </labels>
                        <control id="pfc_role" classid="{3EF39988-22BB-4F0B-BBBE-64B5A3748AEE}" datafieldname="pfc_role" disabled="false" />
                      </cell>
                    </row>
                    <row>
                      <cell id="{d4735232-2414-4981-8c6c-d24484903cd7}" locklevel="0" visible="false">
                        <labels>
                          <label description="Role Other" languagecode="1033" />
                        </labels>
                        <control id="pfc_roleother" classid="{4273EDBD-AC1D-40D3-9FB2-095C621B552D}" datafieldname="pfc_roleother" disabled="false" />
                      </cell>
                    </row>
                    <row>
                      <cell id="{65ab3d9f-6ace-4d16-b11b-ff7bd829fbf1}" locklevel="0">
                        <labels>
                          <label description="Main Phone" languagecode="1033" />
                        </labels>
                        <control id="pfc_mainphone" classid="{4273EDBD-AC1D-40D3-9FB2-095C621B552D}" datafieldname="pfc_mainphone" disabled="false" />
                      </cell>
                    </row>
                    <row>
                      <cell id="{8864107b-8b8f-4b2e-8810-3ec5d25dda19}" locklevel="0">
                        <labels>
                          <label description="Email" languagecode="1033" />
                        </labels>
                        <control id="pfc_referreremail" classid="{ADA2203E-B4CD-49BE-9DDF-234642B43B52}" datafieldname="pfc_referreremail" disabled="false" />
                      </cell>
                    </row>
                    <row>
                      <cell id="{ef9f2898-72b0-40c4-b971-953532d338ed}" locklevel="0">
                        <labels>
                          <label description="Where Did You Hear About Us?" languagecode="1033" />
                        </labels>
                        <control id="pfc_wheredidyouhearaboutus" classid="{3EF39988-22BB-4F0B-BBBE-64B5A3748AEE}" datafieldname="pfc_wheredidyouhearaboutus" disabled="false" />
                      </cell>
                    </row>
                    <row>
                      <cell id="{25bc9df5-6bb6-43e8-875e-52d6d2f9d3a5}" locklevel="0" visible="false">
                        <labels>
                          <label description="Where Other" languagecode="1033" />
                        </labels>
                        <control id="pfc_wheredidyouhearaboutusother" classid="{4273EDBD-AC1D-40D3-9FB2-095C621B552D}" datafieldname="pfc_wheredidyouhearaboutusother" disabled="false" />
                      </cell>
                    </row>
                  </rows>
                </section>
                <section name="organisation_section" showlabel="false" showbar="false" locklevel="0" id="{a743b678-91a6-4b40-371b-b45c37426402}" IsUserDefined="0" layout="varwidth" columns="1" labelwidth="115" celllabelalignment="Left" celllabelposition="Left">
                  <labels>
                    <label description="Organisation" languagecode="1033" />
                  </labels>
                  <rows>
                    <row>
                      <cell id="{81a4f6de-4987-4b56-b0e1-c505ffb2f046}" locklevel="0">
                        <labels>
                          <label description="Organisation" languagecode="1033" />
                        </labels>
                        <control id="pfc_enquirerorganisation" classid="{4273EDBD-AC1D-40D3-9FB2-095C621B552D}" datafieldname="pfc_enquirerorganisation" disabled="false" />
                      </cell>
                    </row>
                    <row>
                      <cell id="{ae2149e2-92d0-a997-e190-718225942aa1}" showlabel="true" locklevel="0">
                        <labels>
                          <label description="Street" languagecode="1033" />
                        </labels>
                        <control id="pfc_address1_line1" classid="{4273EDBD-AC1D-40d3-9FB2-095C621B552D}" datafieldname="pfc_address1_line1" disabled="false" />
                      </cell>
                    </row>
                    <row>
                      <cell id="{b87b6150-0de3-8368-0d2d-100edc725b95}" showlabel="true" locklevel="0">
                        <labels>
                          <label description="Street 2" languagecode="1033" />
                        </labels>
                        <control id="pfc_address1_line2" classid="{4273EDBD-AC1D-40d3-9FB2-095C621B552D}" datafieldname="pfc_address1_line2" disabled="false" />
                      </cell>
                    </row>
                    <row>
                      <cell id="{a6a0eab2-9c55-c1ee-ccb2-d3a286002557}" showlabel="true" locklevel="0">
                        <labels>
                          <label description="Street 3" languagecode="1033" />
                        </labels>
                        <control id="pfc_address1_line3" classid="{4273EDBD-AC1D-40d3-9FB2-095C621B552D}" datafieldname="pfc_address1_line3" disabled="false" />
                      </cell>
                    </row>
                    <row>
                      <cell id="{ae04b860-1a30-19ea-86e1-0538b5ee5c62}" showlabel="true" locklevel="0">
                        <labels>
                          <label description="City" languagecode="1033" />
                        </labels>
                        <control id="pfc_address1_city" classid="{4273EDBD-AC1D-40d3-9FB2-095C621B552D}" datafieldname="pfc_address1_city" disabled="false" />
                      </cell>
                    </row>
                    <row>
                      <cell id="{9130ed78-4415-a211-0e8e-4711ea03a2d0}" showlabel="true" locklevel="0">
                        <labels>
                          <label description="County" languagecode="1033" />
                        </labels>
                        <control id="pfc_address1_county" classid="{4273EDBD-AC1D-40d3-9FB2-095C621B552D}" datafieldname="pfc_address1_county" disabled="false" />
                      </cell>
                    </row>
                    <row>
                      <cell id="{e1a44140-7091-b56c-4348-0c605e8ed90b}" showlabel="true" locklevel="0">
                        <labels>
                          <label description="Post Code" languagecode="1033" />
                        </labels>
                        <control id="pfc_address1_postcode" classid="{4273EDBD-AC1D-40d3-9FB2-095C621B552D}" datafieldname="pfc_address1_postcode" disabled="false" />
                      </cell>
                    </row>
                  </rows>
                </section>
                <section name="individual_section" id="65ac45e6-c644-4a8f-91cd-c11e7cc04ed4" IsUserDefined="0" locklevel="0" showlabel="true" showbar="false" layout="varwidth" celllabelalignment="Left" celllabelposition="Left" columns="1" labelwidth="115">
                  <labels>
                    <label description="Individual with Need" languagecode="1033" />
                  </labels>
                  <rows>
                    <row>
                      <cell id="{c6bab4ee-d57f-47fe-978a-0e6de0baca79}" locklevel="0">
                        <labels>
                          <label description="Initials or Reference Number" languagecode="1033" />
                        </labels>
                        <control id="pfc_initialsorreferencenumber" classid="{4273EDBD-AC1D-40D3-9FB2-095C621B552D}" datafieldname="pfc_initialsorreferencenumber" disabled="false" />
                      </cell>
                    </row>
                    <row>
                      <cell id="{191636c6-f9d2-4475-9bf2-0e7eaea73abb}" locklevel="0">
                        <labels>
                          <label description="Date of Birth" languagecode="1033" />
                        </labels>
                        <control id="pfc_serviceuserdob" classid="{5B773807-9FB2-42DB-97C3-7A91EFF8ADFF}" datafieldname="pfc_serviceuserdob" disabled="false" />
                      </cell>
                    </row>
                    <row>
                      <cell id="{d23493d6-1168-4e9f-b0b5-8af654fc4b93}" locklevel="0">
                        <labels>
                          <label description="What Does The Individual Love To Do?" languagecode="1033" />
                        </labels>
                        <control id="pfc_abouttheindividual" classid="{E0DECE4B-6FC8-4A8F-A065-082708572369}" datafieldname="pfc_abouttheindividual" disabled="false" />
                      </cell>
                    </row>
                    <row>
                      <cell id="{28a3a52f-1f4b-4b87-bd77-e3ee957cc806}" locklevel="0" showlabel="true">
                        <labels>
                          <label description="Primary Diagnosis" languagecode="1033" />
                        </labels>
                        <control id="pfc_primaryneed" classid="{3EF39988-22BB-4F0B-BBBE-64B5A3748AEE}" datafieldname="pfc_primaryneed" disabled="false" uniqueid="{118d59d4-892a-81ba-d2c5-92864259c661}" />
                      </cell>
                    </row>
                    <row>
                      <cell id="{1c37e951-4ce5-479e-886b-db5bf43586aa}" locklevel="0" showlabel="true">
                        <labels>
                          <label description="Secondary Diagnosis" languagecode="1033" />
                        </labels>
                        <control id="pfc_secondaryneed" classid="{3EF39988-22BB-4F0B-BBBE-64B5A3748AEE}" datafieldname="pfc_secondaryneed" disabled="false" uniqueid="{301dd605-6744-71c0-1723-dd9db207b21b}" />
                      </cell>
                    </row>
                    <row>
                      <cell id="{c10850da-1f5c-48db-9162-ccef602a0d55}" locklevel="0">
                        <labels>
                          <label description="Current Weekly Support Hours" languagecode="1033" />
                        </labels>
                        <control id="pfc_currentweeklysupporthours" classid="{C6D124CA-7EDA-4A60-AEA9-7FB8D318B68F}" datafieldname="pfc_currentweeklysupporthours" disabled="false" />
                      </cell>
                    </row>
                    <row>
                      <cell id="{0b2581f2-984d-4765-bcc9-783ca68b66ff}" locklevel="1" showlabel="true">
                        <labels>
                          <label description="Does the Individual Require Sleep-In Support?" languagecode="1033" />
                        </labels>
                        <control id="pfc_doesindividualrequiresleepinsupport" classid="{F9A8A302-114E-466A-B582-6771B2AE0D92}" datafieldname="pfc_doesindividualrequiresleepinsupport" disabled="false" uniqueid="{2e2a4f44-9abb-4a98-a1a5-ba1c9d610ec8}" />
                      </cell>
                    </row>
                    <row>
                      <cell id="{a80269ad-15bc-4843-ac35-a0bbba4979dc}" locklevel="0" showlabel="true" visible="false">
                        <labels>
                          <label description="Could this Sleep-In Support Be Shared?" languagecode="1033" />
                        </labels>
                        <control id="pfc_ifyescouldthissleepinbeshared" classid="{F9A8A302-114E-466A-B582-6771B2AE0D92}" datafieldname="pfc_ifyescouldthissleepinbeshared" disabled="false" uniqueid="{21ffe52b-5eb3-4f2b-964e-715a3d73a33a}" />
                      </cell>
                    </row>
                  </rows>
                </section>
                <section name="referral_info_section" id="6910be74-1b50-4ac7-995a-30b863e07e7e" IsUserDefined="0" locklevel="0" showlabel="true" showbar="false" layout="varwidth" celllabelalignment="Left" celllabelposition="Left" columns="1" labelwidth="115">
                  <labels>
                    <label description="Referral Information" languagecode="1033" />
                  </labels>
                  <rows>
                    <row>
                      <cell id="{a13e6cf6-7fe4-4063-8562-a521eef0fee4}" locklevel="0">
                        <labels>
                          <label description="Reason for Referral" languagecode="1033" />
                        </labels>
                        <control id="pfc_reasonforserviceneed" classid="{3EF39988-22BB-4F0B-BBBE-64B5A3748AEE}" datafieldname="pfc_reasonforserviceneed" disabled="false" />
                      </cell>
                    </row>
                    <row>
                      <cell id="{0520aa3b-bac4-49ff-b1ab-6f4c4111291d}" locklevel="0" visible="false">
                        <labels>
                          <label description="Reason For Referral Other" languagecode="1033" />
                        </labels>
                        <control id="pfc_reasonforserviceneedother" classid="{4273EDBD-AC1D-40D3-9FB2-095C621B552D}" datafieldname="pfc_reasonforserviceneedother" disabled="false" />
                      </cell>
                    </row>
                    <row>
                      <cell id="{f782a351-c413-40dd-80bd-5fb03fc24e99}" locklevel="0">
                        <labels>
                          <label description="Funding Body" languagecode="1033" />
                        </labels>
                        <control id="pfc_fundingbody" classid="{4273EDBD-AC1D-40D3-9FB2-095C621B552D}" datafieldname="pfc_fundingbody" disabled="false" />
                      </cell>
                    </row>
                    <row>
                      <cell id="{936d492c-9a41-4bba-bbb6-bddf33503d3b}" locklevel="0">
                        <labels>
                          <label description="Will Current Support Hours Change?" languagecode="1033" />
                        </labels>
                        <control id="pfc_willcurrentsupporthourschange" classid="{F9A8A302-114E-466A-B582-6771B2AE0D92}" datafieldname="pfc_willcurrentsupporthourschange" disabled="false" uniqueid="{676aa9ff-1b28-44dc-bca4-728cd073519b}" />
                      </cell>
                    </row>
                    <row>
                      <cell id="{5c630210-1bcc-4c25-bb77-2c906d18e31a}" locklevel="0" visible="false">
                        <labels>
                          <label description="Anticipated Number of Hours Needed" languagecode="1033" />
                        </labels>
                        <control id="pfc_numberofhoursneeded" classid="{C6D124CA-7EDA-4A60-AEA9-7FB8D318B68F}" datafieldname="pfc_numberofhoursneeded" disabled="false" />
                      </cell>
                    </row>
                    <row>
                      <cell id="{d8dd7ea9-d8e3-43f2-afde-624442f0e807}" locklevel="0" showlabel="true" visible="false">
                        <labels>
                          <label description="Would This Support Include Sleep-In Support?" languagecode="1033" />
                        </labels>
                        <control id="pfc_wouldthissupportincludesleepinsupport" classid="{F9A8A302-114E-466A-B582-6771B2AE0D92}" datafieldname="pfc_wouldthissupportincludesleepinsupport" disabled="false" uniqueid="{4426b081-c0a5-4448-b85c-a7e3f800e631}" />
                      </cell>
                    </row>
                    <row>
                      <cell id="{e4612561-8bda-4bd1-9c8b-909fbe2af8d7}" locklevel="0">
                        <labels>
                          <label description="Tiered Rate" languagecode="1033" />
                        </labels>
                        <control id="pfc_tieredrate" classid="{3EF39988-22BB-4F0B-BBBE-64B5A3748AEE}" datafieldname="pfc_tieredrate" disabled="false" />
                      </cell>
                    </row>
                    <row>
                      <cell id="{aeb0f895-fd68-46f0-80d3-bab0eb15ff86}" locklevel="0">
                        <labels>
                          <label description="Indicative Costing" languagecode="1033" />
                        </labels>
                        <control id="header_pfc_indicativecosting" classid="{533B9E00-756B-4312-95A0-DC888637AC78}" datafieldname="pfc_indicativecosting" disabled="false" />
                      </cell>
                    </row>
                    <row>
                      <cell id="{8c288a1e-6abf-4f79-9358-77caa4138446}" locklevel="0" visible="false">
                        <labels>
                          <label description="Indicative Costing" languagecode="1033" />
                        </labels>
                        <control id="pfc_indicativecosting" classid="{533B9E00-756B-4312-95A0-DC888637AC78}" datafieldname="pfc_indicativecosting" disabled="false" />
                      </cell>
                    </row>
                    <row>
                      <cell id="{d72616fd-a428-44a6-a09b-33cd27626f53}" locklevel="0">
                        <labels>
                          <label description="Preferred Service Locations" languagecode="1033" />
                        </labels>
                        <control id="pfc_preferredservicelocations" classid="{E0DECE4B-6FC8-4A8F-A065-082708572369}" datafieldname="pfc_preferredservicelocations" disabled="false" />
                      </cell>
                    </row>
                    <row>
                      <cell id="{b089977b-2bdc-423a-b413-a0da8fa29e48}" locklevel="0">
                        <labels>
                          <label description="Accommodation Needs" languagecode="1033" />
                        </labels>
                        <control id="pfc_accommodationneeds" classid="{3EF39988-22BB-4F0B-BBBE-64B5A3748AEE}" datafieldname="pfc_accommodationneeds" disabled="false" />
                      </cell>
                    </row>
                    <row>
                      <cell id="{1fed0d06-7d48-42bf-ae49-8a07b6609665}" locklevel="0" visible="false">
                        <labels>
                          <label description="Accommodation Needs Other" languagecode="1033" />
                        </labels>
                        <control id="pfc_accommodationneedsother" classid="{4273EDBD-AC1D-40D3-9FB2-095C621B552D}" datafieldname="pfc_accommodationneedsother" disabled="false" />
                      </cell>
                    </row>
                    <row>
                      <cell id="{882c5d14-1424-4830-90d8-12724daf5e8c}" locklevel="0">
                        <labels>
                          <label description="Might Adaptations Be Required?" languagecode="1033" />
                        </labels>
                        <control id="pfc_mightadaptationsberequired" classid="{3EF39988-22BB-4F0B-BBBE-64B5A3748AEE}" datafieldname="pfc_mightadaptationsberequired" disabled="false" />
                      </cell>
                    </row>
                    <row>
                      <cell id="{c1440d3a-39c2-450f-b3bd-6bc04745741b}" locklevel="0">
                        <labels>
                          <label description="Type of Service Needed" languagecode="1033" />
                        </labels>
                        <control id="pfc_typeofserviceneeded" classid="{3EF39988-22BB-4F0B-BBBE-64B5A3748AEE}" datafieldname="pfc_typeofserviceneeded" disabled="false" />
                      </cell>
                    </row>
                    <row>
                      <cell id="{5c930385-b60d-460f-8c6b-5d712247e024}" locklevel="0" visible="false">
                        <labels>
                          <label description="Type of Service Needed Other" languagecode="1033" />
                        </labels>
                        <control id="pfc_typeofserviceneededother" classid="{4273EDBD-AC1D-40D3-9FB2-095C621B552D}" datafieldname="pfc_typeofserviceneededother" disabled="false" />
                      </cell>
                    </row>
                    <row>
                      <cell id="{8b17861c-d1c9-e937-4044-c78934722c29}" showlabel="true" locklevel="0">
                        <labels>
                          <label description="Preferred Service Start Date" languagecode="1033" />
                        </labels>
                        <control id="pfc_preferredservicestartdate" classid="{5B773807-9FB2-42db-97C3-7A91EFF8ADFF}" datafieldname="pfc_preferredservicestartdate" disabled="false" />
                      </cell>
                    </row>
                  </rows>
                </section>
              </sections>
            </column>
            <column width="66%">
              <sections>
                <section showlabel="false" showbar="false" id="{daa39642-cd66-4a2a-a2f2-dfa5ddf2b73a}" IsUserDefined="0" height="auto">
                  <labels>
                    <label description="Notes" languagecode="1033" />
                  </labels>
                  <rows>
                    <row>
                      <cell showlabel="false" rowspan="15" auto="false" id="{a2a9d8b2-48f2-4472-af0a-e8e38fde19ce}">
                        <labels>
                          <label description="Note Text" languagecode="1033" />
                        </labels>
                        <control id="notescontrol" classid="{06375649-c143-495e-a496-c962e5b4488e}">
                          <parameters>
                            <DefaultTabId>NotesTab</DefaultTabId>
                          </parameters>
                        </control>
                      </cell>
                    </row>
                    <row />
                    <row />
                    <row />
                    <row />
                    <row />
                    <row />
                    <row />
                    <row />
                    <row />
                    <row />
                    <row />
                    <row />
                    <row />
                    <row height="auto" />
                  </rows>
                </section>
              </sections>
            </column>
          </columns>
        </tab>
      </tabs>
      <header id="{80afbd99-4de1-4f9b-b712-1c399c7f3a3b}" celllabelposition="Top" columns="111" labelwidth="115" celllabelalignment="Left">
        <rows>
          <row>
            <cell id="{ee20ab38-6262-4184-b1b8-7f45e5712ebf}" showlabel="false">
              <labels>
                <label description="" languagecode="1033" />
              </labels>
            </cell>
            <cell id="{fb3767aa-0dc2-4a0a-aaf5-7df9de25abe6}" showlabel="false">
              <labels>
                <label description="" languagecode="1033" />
              </labels>
            </cell>
            <cell id="{70441be0-401e-4fad-91e4-404bbe081164}" showlabel="false">
              <labels>
                <label description="" languagecode="1033" />
              </labels>
            </cell>
            <cell id="{e9dbfa7a-2e14-4a44-ab38-adde751a1b37}">
              <labels>
                <label description="Owner" languagecode="1033" />
              </labels>
              <control id="header_ownerid" classid="{270BD3DB-D9AF-4782-9025-509E298DEC0A}" datafieldname="ownerid" />
            </cell>
          </row>
        </rows>
      </header>
      <footer id="{89653736-752c-42a2-b746-b128611a5025}" celllabelposition="Top" columns="111" labelwidth="115" celllabelalignment="Left">
        <rows>
          <row>
            <cell id="{dd1227f8-f4ba-4fca-bb91-f76f1246855c}" showlabel="false">
              <labels>
                <label description="" languagecode="1033" />
              </labels>
            </cell>
            <cell id="{9e205500-9ec0-4231-818d-dc5faa2f153c}" showlabel="false">
              <labels>
                <label description="" languagecode="1033" />
              </labels>
            </cell>
            <cell id="{cc566923-6621-4d80-bb2e-71f2c77c0290}" showlabel="false">
              <labels>
                <label description="" languagecode="1033" />
              </labels>
            </cell>
          </row>
        </rows>
      </footer>
      <Navigation>
        <NavBar />
        <NavBarAreas>
          <NavBarArea Id="Info">
            <Titles>
              <Title LCID="1033" Text="Common" />
            </Titles>
          </NavBarArea>
          <NavBarArea Id="Sales">
            <Titles>
              <Title LCID="1033" Text="Sales" />
            </Titles>
          </NavBarArea>
          <NavBarArea Id="Service">
            <Titles>
              <Title LCID="1033" Text="Service" />
            </Titles>
          </NavBarArea>
          <NavBarArea Id="Marketing">
            <Titles>
              <Title LCID="1033" Text="Marketing" />
            </Titles>
          </NavBarArea>
          <NavBarArea Id="ProcessCenter">
            <Titles>
              <Title LCID="1033" Text="Process Sessions" />
            </Titles>
          </NavBarArea>
        </NavBarAreas>
      </Navigation>
      <controlDescriptions>
        <controlDescription forControl="{676aa9ff-1b28-44dc-bca4-728cd073519b}">
          <customControl id="{67FAC785-CD58-4F9F-ABB3-4B7DDC6ED5ED}">
            <parameters>
              <datafieldname>pfc_willcurrentsupporthourschange</datafieldname>
            </parameters>
          </customControl>
          <customControl formFactor="0" name="MscrmControls.FieldControls.ToggleControl">
            <parameters>
              <value type="TwoOptions">pfc_willcurrentsupporthourschange</value>
            </parameters>
          </customControl>
          <customControl formFactor="2" name="MscrmControls.FieldControls.ToggleControl">
            <parameters>
              <value type="TwoOptions">pfc_willcurrentsupporthourschange</value>
            </parameters>
          </customControl>
          <customControl formFactor="1" name="MscrmControls.FieldControls.ToggleControl">
            <parameters>
              <value type="TwoOptions">pfc_willcurrentsupporthourschange</value>
            </parameters>
          </customControl>
        </controlDescription>
        <controlDescription forControl="{2e2a4f44-9abb-4a98-a1a5-ba1c9d610ec8}">
          <customControl id="{67FAC785-CD58-4F9F-ABB3-4B7DDC6ED5ED}">
            <parameters>
              <datafieldname>pfc_doesindividualrequiresleepinsupport</datafieldname>
            </parameters>
          </customControl>
          <customControl formFactor="0" name="MscrmControls.FieldControls.ToggleControl">
            <parameters>
              <value type="TwoOptions">pfc_doesindividualrequiresleepinsupport</value>
            </parameters>
          </customControl>
          <customControl formFactor="2" name="MscrmControls.FieldControls.ToggleControl">
            <parameters>
              <value type="TwoOptions">pfc_doesindividualrequiresleepinsupport</value>
            </parameters>
          </customControl>
          <customControl formFactor="1" name="MscrmControls.FieldControls.ToggleControl">
            <parameters>
              <value type="TwoOptions">pfc_doesindividualrequiresleepinsupport</value>
            </parameters>
          </customControl>
        </controlDescription>
        <controlDescription forControl="{21ffe52b-5eb3-4f2b-964e-715a3d73a33a}">
          <customControl id="{67FAC785-CD58-4F9F-ABB3-4B7DDC6ED5ED}">
            <parameters>
              <datafieldname>pfc_ifyescouldthissleepinbeshared</datafieldname>
            </parameters>
          </customControl>
          <customControl formFactor="0" name="MscrmControls.FieldControls.ToggleControl">
            <parameters>
              <value type="TwoOptions">pfc_ifyescouldthissleepinbeshared</value>
            </parameters>
          </customControl>
          <customControl formFactor="2" name="MscrmControls.FieldControls.ToggleControl">
            <parameters>
              <value type="TwoOptions">pfc_ifyescouldthissleepinbeshared</value>
            </parameters>
          </customControl>
          <customControl formFactor="1" name="MscrmControls.FieldControls.ToggleControl">
            <parameters>
              <value type="TwoOptions">pfc_ifyescouldthissleepinbeshared</value>
            </parameters>
          </customControl>
        </controlDescription>
        <controlDescription forControl="{4426b081-c0a5-4448-b85c-a7e3f800e631}">
          <customControl id="{67FAC785-CD58-4F9F-ABB3-4B7DDC6ED5ED}">
            <parameters>
              <datafieldname>pfc_wouldthissupportincludesleepinsupport</datafieldname>
            </parameters>
          </customControl>
          <customControl formFactor="0" name="MscrmControls.FieldControls.ToggleControl">
            <parameters>
              <value type="TwoOptions">pfc_wouldthissupportincludesleepinsupport</value>
            </parameters>
          </customControl>
          <customControl formFactor="2" name="MscrmControls.FieldControls.ToggleControl">
            <parameters>
              <value type="TwoOptions">pfc_wouldthissupportincludesleepinsupport</value>
            </parameters>
          </customControl>
          <customControl formFactor="1" name="MscrmControls.FieldControls.ToggleControl">
            <parameters>
              <value type="TwoOptions">pfc_wouldthissupportincludesleepinsupport</value>
            </parameters>
          </customControl>
        </controlDescription>
      </controlDescriptions>
      <formLibraries>
        <Library name="pfc_enquiryScripts" libraryUniqueId="{9298d7d4-d594-0ca7-720e-22d41cec6817}" />
      </formLibraries>
      <DisplayConditions Order="0" FallbackForm="true">
        <Everyone />
      </DisplayConditions>
      <events>
        <event name="onload" application="true" active="true">
          <Handlers>
            <Handler functionName="Enquiry.onLoad" libraryName="pfc_enquiryScripts" handlerUniqueId="{ab53aff5-6f3f-4576-a8fd-485a42f2845d}" enabled="true" parameters="" passExecutionContext="true" />
          </Handlers>
        </event>
        <event name="onchange" application="true" active="true" attribute="pfc_willcurrentsupporthourschange">
          <Handlers>
            <Handler functionName="Enquiry.supportChangeOnChange" libraryName="pfc_enquiryScripts" handlerUniqueId="{2061454e-15b2-4aee-9f4d-c581c6651e57}" enabled="true" parameters="" passExecutionContext="true" />
          </Handlers>
        </event>
        <event name="onchange" application="true" active="true" attribute="pfc_doesindividualrequiresleepinsupport">
          <Handlers>
            <Handler functionName="Enquiry.requireSleepInOnChange" libraryName="pfc_enquiryScripts" handlerUniqueId="{d3373369-20c3-47cd-8392-b7ae9b8f9705}" enabled="true" parameters="" passExecutionContext="true" />
          </Handlers>
        </event>
        <event name="onchange" application="true" active="true" attribute="pfc_role">
          <Handlers>
            <Handler functionName="Enquiry.roleOnChange" libraryName="pfc_enquiryScripts" handlerUniqueId="{1360d526-0f1e-461d-85a1-8c52ff5d2cb7}" enabled="true" parameters="" passExecutionContext="true" />
          </Handlers>
        </event>
        <event name="onchange" application="true" active="true" attribute="pfc_wheredidyouhearaboutus">
          <Handlers>
            <Handler functionName="Enquiry.whereOnChange" libraryName="pfc_enquiryScripts" handlerUniqueId="{fd524039-f46a-486d-a5e4-713b363a354b}" enabled="true" parameters="" passExecutionContext="true" />
          </Handlers>
        </event>
        <event name="onchange" application="true" active="true" attribute="pfc_reasonforserviceneed">
          <Handlers>
            <Handler functionName="Enquiry.reasonOnChange" libraryName="pfc_enquiryScripts" handlerUniqueId="{607dfd4e-3e42-48ae-9609-826c85a7fd3f}" enabled="true" parameters="" passExecutionContext="true" />
          </Handlers>
        </event>
        <event name="onchange" application="true" active="true" attribute="pfc_accommodationneeds">
          <Handlers>
            <Handler functionName="Enquiry.accommodationOnChange" libraryName="pfc_enquiryScripts" handlerUniqueId="{63d41228-8d40-4296-8a91-7a6c98aa5b1f}" enabled="true" parameters="" passExecutionContext="true" />
          </Handlers>
        </event>
        <event name="onchange" application="true" active="true" attribute="pfc_typeofserviceneeded">
          <Handlers>
            <Handler functionName="Enquiry.typeOnChange" libraryName="pfc_enquiryScripts" handlerUniqueId="{a05c44c9-87d8-45cc-a12b-e5afd6ddd4e2}" enabled="true" parameters="" passExecutionContext="true" />
          </Handlers>
        </event>
      </events>
    </form>
    <IsCustomizable>1</IsCustomizable>
    <CanBeDeleted>1</CanBeDeleted>
    <LocalizedNames>
      <LocalizedName description="Enquiry Information" languagecode="1033" />
    </LocalizedNames>
    <Descriptions>
      <Description description="A form for this entity." languagecode="1033" />
    </Descriptions>
  </systemform>
</forms>