﻿<?xml version="1.0" encoding="utf-8"?>
<forms xmlns:xsi="http://www.w3.org/2001/XMLSchema-instance">
  <systemform>
    <formid>{ce2c4997-fd8a-eb11-b1ac-0022481a9963}</formid>
    <IntroducedVersion>1.0.0.191</IntroducedVersion>
    <FormPresentation>1</FormPresentation>
    <FormActivationState>1</FormActivationState>
    <form headerdensity="HighWithControls">
      <tabs>
        <tab verticallayout="true" id="{a05fed9c-64fc-4bb1-92bb-f529901aefba}" IsUserDefined="1" labelid="{064621ac-a427-4627-9507-3a7913367ce1}" name="referee_tab">
          <labels>
            <label description="Referee" languagecode="1033" />
          </labels>
          <columns>
            <column width="100%">
              <sections>
                <section showlabel="true" showbar="false" IsUserDefined="0" id="{842ef66d-2b95-4f55-af6a-2551763733d3}" name="referree_section" labelid="{c2c705d8-13b2-4e0b-8bbf-7bc4329b1ae9}" columns="111">
                  <labels>
                    <label description="Referee" languagecode="1033" />
                  </labels>
                  <rows>
                    <row>
                      <cell id="{56f3c577-33b1-4e8c-81bf-ba82b0fd46de}" visible="false" labelid="{cdcf1d7a-dc37-4f56-b548-2e3c92e2142d}">
                        <labels>
                          <label description="Enquiry No." languagecode="1033" />
                        </labels>
                        <control id="pfc_name" classid="{4273EDBD-AC1D-40d3-9FB2-095C621B552D}" datafieldname="pfc_name" />
                      </cell>
                      <cell showlabel="false" locklevel="0" id="{64b89ee2-2237-4b04-af24-8d8e5063c091}">
                        <labels>
                          <label description="" languagecode="1033" />
                        </labels>
                      </cell>
                      <cell showlabel="false" locklevel="0" id="{6a602f60-974a-45d7-bfb3-b9bff19c4416}">
                        <labels>
                          <label description="" languagecode="1033" />
                        </labels>
                      </cell>
                    </row>
                    <row>
                      <cell id="{44573d1b-74c1-4d55-ab54-6b369b29cb0f}" locklevel="0" labelid="{1e67dfd4-755e-42ff-a235-f971c83991a8}">
                        <labels>
                          <label description="First Name" languagecode="1033" />
                        </labels>
                        <control id="pfc_referrerfirstname" classid="{4273EDBD-AC1D-40D3-9FB2-095C621B552D}" datafieldname="pfc_referrerfirstname" disabled="false" />
                      </cell>
                      <cell showlabel="false" locklevel="0" id="{679e4a7e-d826-4d1b-ae3b-9ab63b9aee26}">
                        <labels>
                          <label description="" languagecode="1033" />
                        </labels>
                      </cell>
                      <cell showlabel="false" locklevel="0" id="{8c78ac97-71b8-4950-9a94-17000995fe4a}">
                        <labels>
                          <label description="" languagecode="1033" />
                        </labels>
                      </cell>
                    </row>
                    <row>
                      <cell id="{2a15c2b5-8b11-4ed9-8422-ac199bc3f404}" locklevel="0" labelid="{a92b3e52-82a3-400a-b0d8-37366f879479}">
                        <labels>
                          <label description="Last Name" languagecode="1033" />
                        </labels>
                        <control id="pfc_referrerlastname" classid="{4273EDBD-AC1D-40D3-9FB2-095C621B552D}" datafieldname="pfc_referrerlastname" disabled="false" />
                      </cell>
                      <cell showlabel="false" locklevel="0" id="{ce7cabe8-f0fa-4125-b6ce-d2a08e2c70d2}">
                        <labels>
                          <label description="" languagecode="1033" />
                        </labels>
                      </cell>
                      <cell showlabel="false" locklevel="0" id="{809ccea4-e654-4cdf-81d2-321ebeca3e7d}">
                        <labels>
                          <label description="" languagecode="1033" />
                        </labels>
                      </cell>
                    </row>
                    <row>
                      <cell id="{3c3c4d8f-d43e-4c16-96b4-09d483e3f727}" locklevel="0">
                        <labels>
                          <label description="Role" languagecode="1033" />
                        </labels>
                        <control id="pfc_role" classid="{3EF39988-22BB-4F0B-BBBE-64B5A3748AEE}" datafieldname="pfc_role" disabled="false" />
                      </cell>
                      <cell showlabel="false" locklevel="0" id="{fe1a807d-f511-4322-929f-f0961da9f9c6}">
                        <labels>
                          <label description="" languagecode="1033" />
                        </labels>
                      </cell>
                      <cell showlabel="false" locklevel="0" id="{244cc828-2dee-4485-806a-e1e0f273219c}">
                        <labels>
                          <label description="" languagecode="1033" />
                        </labels>
                      </cell>
                    </row>
                    <row>
                      <cell id="{aa409045-dbd9-4da4-91b6-233028c82c67}" locklevel="0">
                        <labels>
                          <label description="Role Other" languagecode="1033" />
                        </labels>
                        <control id="pfc_roleother" classid="{4273EDBD-AC1D-40D3-9FB2-095C621B552D}" datafieldname="pfc_roleother" disabled="false" />
                      </cell>
                      <cell showlabel="false" locklevel="0" id="{132d954b-ae8a-4f0f-8198-df991462bc78}">
                        <labels>
                          <label description="" languagecode="1033" />
                        </labels>
                      </cell>
                      <cell showlabel="false" locklevel="0" id="{c630dcab-134b-4243-b287-71fa923e2185}">
                        <labels>
                          <label description="" languagecode="1033" />
                        </labels>
                      </cell>
                    </row>
                    <row>
                      <cell id="{a24c2eca-4f26-4b98-aa7b-c7c541e8633c}" locklevel="0" labelid="{23e14ffb-af31-4f14-a9b4-497dd7671bea}">
                        <labels>
                          <label description="Organisation" languagecode="1033" />
                        </labels>
                        <control id="pfc_enquirerorganisation" classid="{4273EDBD-AC1D-40D3-9FB2-095C621B552D}" datafieldname="pfc_enquirerorganisation" disabled="false" />
                      </cell>
                      <cell locklevel="0" id="{debb0472-9a3c-4d5a-820f-fabb1dc068e3}" showlabel="false">
                        <labels>
                          <label description="" languagecode="1033" />
                        </labels>
                      </cell>
                      <cell showlabel="false" locklevel="0" id="{905e4a31-ef78-4a5b-b283-152f02cbb28d}">
                        <labels>
                          <label description="" languagecode="1033" />
                        </labels>
                      </cell>
                    </row>
                    <row>
                      <cell id="{3b8bbca8-aa57-467f-af41-250df0db6eba}" locklevel="0" labelid="{784c4d5e-d0e9-4c14-a4dc-1b530babf75d}">
                        <labels>
                          <label description="Main Phone" languagecode="1033" />
                        </labels>
                        <control id="pfc_mainphone" classid="{4273EDBD-AC1D-40D3-9FB2-095C621B552D}" datafieldname="pfc_mainphone" disabled="false" />
                      </cell>
                      <cell locklevel="0" id="{8c2fafa3-a207-46fe-b209-17e2756e8d96}" showlabel="false">
                        <labels>
                          <label description="" languagecode="1033" />
                        </labels>
                      </cell>
                      <cell showlabel="false" locklevel="0" id="{95ecd829-9f95-4f20-b381-e7bdeb21d43c}">
                        <labels>
                          <label description="" languagecode="1033" />
                        </labels>
                      </cell>
                    </row>
                    <row>
                      <cell id="{434f1db1-af6a-401a-bfd4-18e51cd00159}" locklevel="0" labelid="{82b01509-2777-4b7e-9cc2-67932e2b4959}">
                        <labels>
                          <label description="Email" languagecode="1033" />
                        </labels>
                        <control id="pfc_referreremail" classid="{ADA2203E-B4CD-49BE-9DDF-234642B43B52}" datafieldname="pfc_referreremail" disabled="false" />
                      </cell>
                      <cell locklevel="0" id="{9e310767-7afe-497e-96e9-6c249b4219e9}" showlabel="false">
                        <labels>
                          <label description="" languagecode="1033" />
                        </labels>
                      </cell>
                      <cell locklevel="0" id="{7c4c89a9-2b43-4998-85cb-8a1edde1b642}" showlabel="false">
                        <labels>
                          <label description="" languagecode="1033" />
                        </labels>
                      </cell>
                    </row>
                    <row>
                      <cell id="{71a6f60f-69a3-4ecc-be22-2cc2564a2f04}" locklevel="0">
                        <labels>
                          <label description="Where Did You Hear About Us?" languagecode="1033" />
                        </labels>
                        <control id="pfc_wheredidyouhearaboutus" classid="{3EF39988-22BB-4F0B-BBBE-64B5A3748AEE}" datafieldname="pfc_wheredidyouhearaboutus" disabled="false" />
                      </cell>
                      <cell locklevel="0" id="{e2f51288-eaec-4bfd-a115-ea8ca591c393}" showlabel="false">
                        <labels>
                          <label description="" languagecode="1033" />
                        </labels>
                      </cell>
                      <cell locklevel="0" id="{8eebc644-61b6-4b77-a92f-32d29a4b5a42}" showlabel="false">
                        <labels>
                          <label description="" languagecode="1033" />
                        </labels>
                      </cell>
                    </row>
                    <row>
                      <cell id="{24929421-a044-4b1a-bbae-509020982af9}" locklevel="0">
                        <labels>
                          <label description="Where Other" languagecode="1033" />
                        </labels>
                        <control id="pfc_wheredidyouhearaboutusother" classid="{4273EDBD-AC1D-40D3-9FB2-095C621B552D}" datafieldname="pfc_wheredidyouhearaboutusother" disabled="false" />
                      </cell>
                      <cell locklevel="0" id="{0197144b-85a8-4e7e-880a-236fbe0ea268}">
                        <labels>
                          <label description="" languagecode="1033" />
                        </labels>
                      </cell>
                      <cell locklevel="0" id="{1b531334-968f-47c9-a2ca-df8057d85e07}">
                        <labels>
                          <label description="" languagecode="1033" />
                        </labels>
                      </cell>
                    </row>
                  </rows>
                </section>
              </sections>
            </column>
          </columns>
        </tab>
        <tab name="individual_tab" id="aca352d4-e15b-4ec3-baac-98f630526967" IsUserDefined="0" locklevel="0" showlabel="true">
          <labels>
            <label description="Individual" languagecode="1033" />
          </labels>
          <columns>
            <column width="100%">
              <sections>
                <section name="individual_section" id="a9d98d92-ee1c-4f4d-80fe-ab0f068ea474" IsUserDefined="0" locklevel="0" showlabel="true" showbar="false" layout="varwidth" celllabelalignment="Left" celllabelposition="Left" columns="111" labelwidth="115" labelid="{863b9523-4cec-4bb2-8394-408202ff9d02}">
                  <labels>
                    <label description="Individual with Need" languagecode="1033" />
                  </labels>
                  <rows>
                    <row>
                      <cell id="{9284e07d-0ab1-4c71-a954-fb3a63c0605b}" locklevel="0">
                        <labels>
                          <label description="Initials or Reference Number" languagecode="1033" />
                        </labels>
                        <control id="pfc_initialsorreferencenumber" classid="{4273EDBD-AC1D-40D3-9FB2-095C621B552D}" datafieldname="pfc_initialsorreferencenumber" disabled="false" />
                      </cell>
                      <cell showlabel="false" locklevel="0" id="{68059e19-55a6-4218-bd58-562a046a5e03}">
                        <labels>
                          <label description="" languagecode="1033" />
                        </labels>
                      </cell>
                      <cell showlabel="false" locklevel="0" id="{7189ed63-09a1-46e1-a9a2-a501dce216f9}">
                        <labels>
                          <label description="" languagecode="1033" />
                        </labels>
                      </cell>
                    </row>
                    <row>
                      <cell id="{d3dfbdf7-998c-42d5-857e-4000c8793445}" locklevel="0" labelid="{8473574b-b9a0-4fcc-8a42-e5f5324ddec7}">
                        <labels>
                          <label description="Date of Birth" languagecode="1033" />
                        </labels>
                        <control id="pfc_serviceuserdob" classid="{5B773807-9FB2-42DB-97C3-7A91EFF8ADFF}" datafieldname="pfc_serviceuserdob" disabled="false" />
                      </cell>
                      <cell showlabel="false" locklevel="0" id="{35771d9c-5e6c-4650-b236-bdbeb5f874e3}">
                        <labels>
                          <label description="" languagecode="1033" />
                        </labels>
                      </cell>
                      <cell showlabel="false" locklevel="0" id="{54a335d4-a05d-4f0d-be47-c6f3285bf460}">
                        <labels>
                          <label description="" languagecode="1033" />
                        </labels>
                      </cell>
                    </row>
                    <row>
                      <cell id="{484c1bc3-c1a1-4a68-a01a-a5fca3860da1}" locklevel="0">
                        <labels>
                          <label description="What Does The Individual Love To Do?" languagecode="1033" />
                        </labels>
                        <control id="pfc_abouttheindividual" classid="{E0DECE4B-6FC8-4A8F-A065-082708572369}" datafieldname="pfc_abouttheindividual" disabled="false" />
                      </cell>
                      <cell showlabel="false" locklevel="0" id="{27579590-e970-4092-b20a-fb4e75444331}">
                        <labels>
                          <label description="" languagecode="1033" />
                        </labels>
                      </cell>
                      <cell showlabel="false" locklevel="0" id="{d5adf35a-d25e-461b-ab2e-c5bdc8442b1f}">
                        <labels>
                          <label description="" languagecode="1033" />
                        </labels>
                      </cell>
                    </row>
                    <row>
                      <cell id="{5dd5ca19-b1b2-4d99-81f6-f607dee2ff42}" locklevel="0">
                        <labels>
                          <label description="Primary Diagnosis" languagecode="1033" />
                        </labels>
                        <control id="pfc_primaryneed" classid="{3EF39988-22BB-4F0B-BBBE-64B5A3748AEE}" datafieldname="pfc_primaryneed" disabled="false" />
                      </cell>
                      <cell showlabel="false" locklevel="0" id="{8d94531e-e06e-4cad-9d4d-9f8ce5fbf020}">
                        <labels>
                          <label description="" languagecode="1033" />
                        </labels>
                      </cell>
                      <cell showlabel="false" locklevel="0" id="{3b65205b-4d04-4f72-b4f1-86cfeb766100}">
                        <labels>
                          <label description="" languagecode="1033" />
                        </labels>
                      </cell>
                    </row>
                    <row>
                      <cell id="{974db71e-f54a-4c9d-bd33-c18a9e256ca5}" locklevel="0">
                        <labels>
                          <label description="Secondary Diagnosis" languagecode="1033" />
                        </labels>
                        <control id="pfc_secondaryneed" classid="{3EF39988-22BB-4F0B-BBBE-64B5A3748AEE}" datafieldname="pfc_secondaryneed" disabled="false" />
                      </cell>
                      <cell locklevel="0" id="{121a54c5-4fd0-4821-b960-9882fd41297a}" showlabel="false">
                        <labels>
                          <label description="" languagecode="1033" />
                        </labels>
                      </cell>
                      <cell showlabel="false" locklevel="0" id="{10401bd6-31fc-4c6a-b462-2900bb570a2a}">
                        <labels>
                          <label description="" languagecode="1033" />
                        </labels>
                      </cell>
                    </row>
                    <row>
                      <cell id="{d2295aaf-71d1-4927-a20d-9dd3faeef276}" locklevel="0">
                        <labels>
                          <label description="Current Weekly Support Hours" languagecode="1033" />
                        </labels>
                        <control id="pfc_currentweeklysupporthours" classid="{C6D124CA-7EDA-4A60-AEA9-7FB8D318B68F}" datafieldname="pfc_currentweeklysupporthours" disabled="false" />
                      </cell>
                      <cell locklevel="0" id="{39002148-7185-48b6-be27-e2e5189941a8}" showlabel="false">
                        <labels>
                          <label description="" languagecode="1033" />
                        </labels>
                      </cell>
                      <cell locklevel="0" id="{765dca0b-7d55-44b2-b4c8-7f3d85bc276b}" showlabel="false">
                        <labels>
                          <label description="" languagecode="1033" />
                        </labels>
                      </cell>
                    </row>
                    <row>
                      <cell id="{32e8c3eb-90f8-4b6b-b4c7-86aef268dc0a}" locklevel="0" showlabel="true">
                        <labels>
                          <label description="Does the Individual Require Sleep-In Support?" languagecode="1033" />
                        </labels>
                        <control id="pfc_doesindividualrequiresleepinsupport" classid="{B0C6723A-8503-4fd7-BB28-C8A06AC933C2}" datafieldname="pfc_doesindividualrequiresleepinsupport" disabled="false" uniqueid="{a1830d27-47b6-0298-4cb1-b11da0a6a97b}" />
                      </cell>
                      <cell locklevel="0" id="{9c686dee-d264-45d4-868b-edfa5eb1d122}" showlabel="false">
                        <labels>
                          <label description="" languagecode="1033" />
                        </labels>
                      </cell>
                      <cell locklevel="0" id="{27ae40e5-031e-4bb3-89a9-6345c49edd89}" showlabel="false">
                        <labels>
                          <label description="" languagecode="1033" />
                        </labels>
                      </cell>
                    </row>
                    <row>
                      <cell id="{695edb45-b8d6-4763-92a8-f61c8e4a3fdf}" locklevel="0" showlabel="true" visible="true">
                        <labels>
                          <label description="Could this Sleep-In Support Be Shared?" languagecode="1033" />
                        </labels>
                        <control id="pfc_ifyescouldthissleepinbeshared" classid="{B0C6723A-8503-4fd7-BB28-C8A06AC933C2}" datafieldname="pfc_ifyescouldthissleepinbeshared" disabled="false" uniqueid="{71e13260-bcbc-8337-3043-5c0ab7bdd033}" />
                      </cell>
                      <cell locklevel="0" id="{ef271103-80b1-4475-a237-0e26795a4ba3}" showlabel="false">
                        <labels>
                          <label description="" languagecode="1033" />
                        </labels>
                      </cell>
                      <cell locklevel="0" id="{be986f36-57a3-444f-a6b6-3935fa78f0cb}" showlabel="false">
                        <labels>
                          <label description="" languagecode="1033" />
                        </labels>
                      </cell>
                    </row>
                  </rows>
                </section>
              </sections>
            </column>
          </columns>
        </tab>
        <tab name="referral_info_tab" id="3476282f-e912-4e0e-884c-6697fc98b75a" IsUserDefined="0" locklevel="0" showlabel="true">
          <labels>
            <label description="Referral Info" languagecode="1033" />
          </labels>
          <columns>
            <column width="100%">
              <sections>
                <section name="referral_info_section" id="e7519a83-e46a-4589-90a2-845d9f28897d" IsUserDefined="0" locklevel="0" showlabel="true" showbar="false" layout="varwidth" celllabelalignment="Left" celllabelposition="Left" columns="111" labelwidth="115">
                  <labels>
                    <label description="Referral Information" languagecode="1033" />
                  </labels>
                  <rows>
                    <row>
                      <cell id="{e61db1fe-3d29-4abb-a10a-d03548388376}" locklevel="0">
                        <labels>
                          <label description="Reason for Referral" languagecode="1033" />
                        </labels>
                        <control id="pfc_reasonforserviceneed" classid="{3EF39988-22BB-4F0B-BBBE-64B5A3748AEE}" datafieldname="pfc_reasonforserviceneed" disabled="false" />
                      </cell>
                      <cell showlabel="false" locklevel="0" id="{f1ff4b52-1de6-4528-a59c-9259a966cb64}">
                        <labels>
                          <label description="" languagecode="1033" />
                        </labels>
                      </cell>
                      <cell showlabel="false" locklevel="0" id="{7e13a980-7921-4f74-a69a-318c9d0e139b}">
                        <labels>
                          <label description="" languagecode="1033" />
                        </labels>
                      </cell>
                    </row>
                    <row>
                      <cell id="{0d41ef03-eb96-4c97-bb37-c4fe80fc5041}" locklevel="0">
                        <labels>
                          <label description="Reason For Referral Other" languagecode="1033" />
                        </labels>
                        <control id="pfc_reasonforserviceneedother" classid="{4273EDBD-AC1D-40D3-9FB2-095C621B552D}" datafieldname="pfc_reasonforserviceneedother" disabled="false" />
                      </cell>
                      <cell showlabel="false" locklevel="0" id="{5e1c19aa-d4e2-4eb1-955d-81e63960ff6f}">
                        <labels>
                          <label description="" languagecode="1033" />
                        </labels>
                      </cell>
                      <cell showlabel="false" locklevel="0" id="{432c4b15-c0e1-4632-bec0-abb485b6f66b}">
                        <labels>
                          <label description="" languagecode="1033" />
                        </labels>
                      </cell>
                    </row>
                    <row>
                      <cell id="{974fa4bb-67af-4d66-b6d6-18df9343445d}" locklevel="0">
                        <labels>
                          <label description="Funding Body" languagecode="1033" />
                        </labels>
                        <control id="pfc_fundingbody" classid="{4273EDBD-AC1D-40D3-9FB2-095C621B552D}" datafieldname="pfc_fundingbody" disabled="false" />
                      </cell>
                      <cell showlabel="false" locklevel="0" id="{362f331f-02d0-43ba-8a69-6c8584e58520}">
                        <labels>
                          <label description="" languagecode="1033" />
                        </labels>
                      </cell>
                      <cell showlabel="false" locklevel="0" id="{6eb32461-c31a-43c1-8d97-414f0ad63e7c}">
                        <labels>
                          <label description="" languagecode="1033" />
                        </labels>
                      </cell>
                    </row>
                    <row>
                      <cell id="{e970b315-e89f-4410-a129-516a12b440e1}" locklevel="0" visible="false">
                        <labels>
                          <label description="Current Weekly Support Hours" languagecode="1033" />
                        </labels>
                        <control id="pfc_currentweeklysupporthours" classid="{C6D124CA-7EDA-4A60-AEA9-7FB8D318B68F}" datafieldname="pfc_currentweeklysupporthours" disabled="false" />
                      </cell>
                      <cell showlabel="false" locklevel="0" id="{c4a3a083-eab8-4b88-9b21-2ac468c3a1a5}">
                        <labels>
                          <label description="" languagecode="1033" />
                        </labels>
                      </cell>
                      <cell showlabel="false" locklevel="0" id="{ffdc6658-7b46-4e20-86e0-cc1760dff8cb}">
                        <labels>
                          <label description="" languagecode="1033" />
                        </labels>
                      </cell>
                    </row>
                    <row>
                      <cell id="{f837077b-6b88-45f7-b080-6defbaeff88a}" locklevel="0" showlabel="true">
                        <labels>
                          <label description="Will Current Support Hours Change?" languagecode="1033" />
                        </labels>
                        <control id="pfc_willcurrentsupporthourschange" classid="{B0C6723A-8503-4fd7-BB28-C8A06AC933C2}" datafieldname="pfc_willcurrentsupporthourschange" disabled="false" uniqueid="{d6ca36da-e2bd-ea45-72d5-cd5465a27d23}" />
                      </cell>
                      <cell showlabel="false" locklevel="0" id="{cb112f05-f83c-4f4f-94ad-eb8e7a092de6}">
                        <labels>
                          <label description="" languagecode="1033" />
                        </labels>
                      </cell>
                      <cell showlabel="false" locklevel="0" id="{e6cee8eb-a74f-46f1-977f-82f4dbf85e28}">
                        <labels>
                          <label description="" languagecode="1033" />
                        </labels>
                      </cell>
                    </row>
                    <row>
                      <cell id="{75e71ba0-7fe6-461a-904a-3c1c8492965a}" locklevel="0" visible="true">
                        <labels>
                          <label description="Anticipated Number of Hours Needed" languagecode="1033" />
                        </labels>
                        <control id="pfc_numberofhoursneeded" classid="{C6D124CA-7EDA-4A60-AEA9-7FB8D318B68F}" datafieldname="pfc_numberofhoursneeded" disabled="false" />
                      </cell>
                      <cell locklevel="0" id="{fe5e3fa1-7463-4a7b-9477-74d3a18842af}" showlabel="false">
                        <labels>
                          <label description="" languagecode="1033" />
                        </labels>
                      </cell>
                      <cell locklevel="0" id="{934365e4-82ee-4d59-a992-8b0ec2ce2cde}" showlabel="false">
                        <labels>
                          <label description="" languagecode="1033" />
                        </labels>
                      </cell>
                    </row>
                    <row>
                      <cell id="{a780c423-3b90-4fa9-b01f-7cab563fc9f3}" locklevel="0" showlabel="true" visible="true">
                        <labels>
                          <label description="Would This Support Include Sleep-In Support?" languagecode="1033" />
                        </labels>
                        <control id="pfc_wouldthissupportincludesleepinsupport" classid="{B0C6723A-8503-4fd7-BB28-C8A06AC933C2}" datafieldname="pfc_wouldthissupportincludesleepinsupport" disabled="false" uniqueid="{e010895d-014b-92e6-1002-750e5719306c}" />
                      </cell>
                      <cell locklevel="0" id="{f00531bc-3aea-4355-882e-de4da384860b}">
                        <labels>
                          <label description="" languagecode="1033" />
                        </labels>
                      </cell>
                      <cell locklevel="0" id="{856121f5-1892-492b-9682-850ebbe34a4e}">
                        <labels>
                          <label description="" languagecode="1033" />
                        </labels>
                      </cell>
                    </row>
                    <row>
                      <cell id="{37d87a8b-cd2f-4b68-9587-3549d880466a}" locklevel="0" visible="false">
                        <labels>
                          <label description="Indicative Costing" languagecode="1033" />
                        </labels>
                        <control id="pfc_indicativecosting" classid="{533B9E00-756B-4312-95A0-DC888637AC78}" datafieldname="pfc_indicativecosting" disabled="false" />
                      </cell>
                      <cell locklevel="0" id="{4335f621-b7f2-4bc4-bedb-d46f89a1b5bb}">
                        <labels>
                          <label description="" languagecode="1033" />
                        </labels>
                      </cell>
                      <cell locklevel="0" id="{ac7f6c71-c011-4e90-a034-d354d6e9ac46}">
                        <labels>
                          <label description="" languagecode="1033" />
                        </labels>
                      </cell>
                    </row>
                    <row>
                      <cell id="{d33eb52a-0ca2-472e-9fef-df3e3dee6b29}" locklevel="0" showlabel="true" colspan="3">
                        <labels>
                          <label description="Tiered Rate" languagecode="1033" />
                        </labels>
                        <control id="pfc_tieredrate" classid="{3EF39988-22BB-4F0B-BBBE-64B5A3748AEE}" datafieldname="pfc_tieredrate" disabled="false" uniqueid="{2a78231b-554e-1ce6-7805-3e91697d22b6}" />
                      </cell>
                    </row>
                    <row>
                      <cell id="{42e93482-1a2a-4e97-859f-65c3671abff5}" locklevel="0">
                        <labels>
                          <label description="Preferred Service Locations" languagecode="1033" />
                        </labels>
                        <control id="pfc_preferredservicelocations" classid="{E0DECE4B-6FC8-4A8F-A065-082708572369}" datafieldname="pfc_preferredservicelocations" disabled="false" />
                      </cell>
                      <cell locklevel="0" id="{b2046284-8a0f-46ae-a687-092cea3b3403}">
                        <labels>
                          <label description="" languagecode="1033" />
                        </labels>
                      </cell>
                      <cell locklevel="0" id="{26ad3a9c-e819-4e2f-9f55-16d398ce27a5}">
                        <labels>
                          <label description="" languagecode="1033" />
                        </labels>
                      </cell>
                    </row>
                    <row>
                      <cell id="{f549b08d-e9bf-4f46-9ef4-0cf60bcf2e16}" locklevel="0">
                        <labels>
                          <label description="Accommodation Needs" languagecode="1033" />
                        </labels>
                        <control id="pfc_accommodationneeds" classid="{3EF39988-22BB-4F0B-BBBE-64B5A3748AEE}" datafieldname="pfc_accommodationneeds" disabled="false" />
                      </cell>
                      <cell locklevel="0" id="{2a654ead-7690-4f16-81c3-b7105bfe4312}">
                        <labels>
                          <label description="" languagecode="1033" />
                        </labels>
                      </cell>
                      <cell locklevel="0" id="{5da5bbe4-41a0-49d8-aaa0-e24dcd613e2a}">
                        <labels>
                          <label description="" languagecode="1033" />
                        </labels>
                      </cell>
                    </row>
                    <row>
                      <cell id="{0e5f315b-715f-4147-88e1-74540abe8cef}" locklevel="0">
                        <labels>
                          <label description="Accommodation Needs Other" languagecode="1033" />
                        </labels>
                        <control id="pfc_accommodationneedsother" classid="{4273EDBD-AC1D-40D3-9FB2-095C621B552D}" datafieldname="pfc_accommodationneedsother" disabled="false" />
                      </cell>
                      <cell locklevel="0" id="{d94d3524-72e9-4636-a899-120475948f2d}">
                        <labels>
                          <label description="" languagecode="1033" />
                        </labels>
                      </cell>
                      <cell locklevel="0" id="{9624be56-6720-41a2-a015-37805a965d64}">
                        <labels>
                          <label description="" languagecode="1033" />
                        </labels>
                      </cell>
                    </row>
                    <row>
                      <cell id="{9a18663a-de32-4811-8647-7c4e66b48929}" locklevel="0">
                        <labels>
                          <label description="Might Adaptations Be Required?" languagecode="1033" />
                        </labels>
                        <control id="pfc_mightadaptationsberequired" classid="{3EF39988-22BB-4F0B-BBBE-64B5A3748AEE}" datafieldname="pfc_mightadaptationsberequired" disabled="false" />
                      </cell>
                      <cell locklevel="0" id="{d081ae3d-9ebd-47b1-8084-3bc1b0e131ed}">
                        <labels>
                          <label description="" languagecode="1033" />
                        </labels>
                      </cell>
                      <cell locklevel="0" id="{0ca3f32f-2eac-4bd3-94e1-a82be7b1f50a}">
                        <labels>
                          <label description="" languagecode="1033" />
                        </labels>
                      </cell>
                    </row>
                    <row>
                      <cell id="{78171f51-ce05-40cb-87f1-68f8edc5985c}" locklevel="0">
                        <labels>
                          <label description="Type of Service Needed" languagecode="1033" />
                        </labels>
                        <control id="pfc_typeofserviceneeded" classid="{3EF39988-22BB-4F0B-BBBE-64B5A3748AEE}" datafieldname="pfc_typeofserviceneeded" disabled="false" />
                      </cell>
                      <cell locklevel="0" id="{27a7f5ac-367c-479b-af66-09e3d5aa902a}">
                        <labels>
                          <label description="" languagecode="1033" />
                        </labels>
                      </cell>
                      <cell locklevel="0" id="{3e163c97-af20-45ec-8272-430c34395841}">
                        <labels>
                          <label description="" languagecode="1033" />
                        </labels>
                      </cell>
                    </row>
                    <row>
                      <cell id="{76656688-e514-41b6-b03e-7a94faee42ac}" locklevel="0">
                        <labels>
                          <label description="Type of Service Needed Other" languagecode="1033" />
                        </labels>
                        <control id="pfc_typeofserviceneededother" classid="{4273EDBD-AC1D-40D3-9FB2-095C621B552D}" datafieldname="pfc_typeofserviceneededother" disabled="false" />
                      </cell>
                      <cell locklevel="0" id="{821023ac-e959-4d17-9c47-078ea8439b78}">
                        <labels>
                          <label description="" languagecode="1033" />
                        </labels>
                      </cell>
                      <cell locklevel="0" id="{8d0e25e4-d52f-4142-b523-4516de8171cd}">
                        <labels>
                          <label description="" languagecode="1033" />
                        </labels>
                      </cell>
                    </row>
                    <row>
                      <cell id="{5c3e1d75-27c2-4721-9ce2-283819609491}" locklevel="0">
                        <labels>
                          <label description="Preferred Service Start Date" languagecode="1033" />
                        </labels>
                        <control id="pfc_preferredservicestartdate" classid="{5B773807-9FB2-42DB-97C3-7A91EFF8ADFF}" datafieldname="pfc_preferredservicestartdate" disabled="false" />
                      </cell>
                      <cell locklevel="0" id="{52c4055f-75e9-4093-9c68-0c9e5923edf8}">
                        <labels>
                          <label description="" languagecode="1033" />
                        </labels>
                      </cell>
                      <cell locklevel="0" id="{92e87eef-fd9e-4b0d-af31-0ff4627fa262}">
                        <labels>
                          <label description="" languagecode="1033" />
                        </labels>
                      </cell>
                    </row>
                  </rows>
                </section>
              </sections>
            </column>
          </columns>
        </tab>
      </tabs>
      <header id="{1358919f-b095-49b0-8d23-fe5972cab13e}" celllabelposition="Top" columns="111" labelwidth="115" celllabelalignment="Left">
        <rows>
          <row>
            <cell id="{cdfbb7c5-9488-4ab8-829a-0643589e7263}" showlabel="false" labelid="{0380c7d6-b91d-4aab-b160-465f7fd48000}">
              <labels>
                <label description="" languagecode="1033" />
              </labels>
            </cell>
            <cell id="{a89825d6-a33a-4d8a-a2d0-8e9ccd24c374}" showlabel="false" labelid="{3b473d21-92a5-4f79-aac9-56709d003299}">
              <labels>
                <label description="" languagecode="1033" />
              </labels>
            </cell>
            <cell id="{f3324f06-b7b8-4c96-9429-7e724f28510d}" showlabel="false" labelid="{7794473e-8321-4e02-b8ac-ce3d8cb4631c}">
              <labels>
                <label description="" languagecode="1033" />
              </labels>
            </cell>
            <cell id="{e9dbfa7a-2e14-4a44-ab38-adde751a1b37}" labelid="{cc1cbaf8-8865-40ce-8d0d-ada4bf1ea0a2}">
              <labels>
                <label description="Owner" languagecode="1033" />
              </labels>
              <control id="header_ownerid" classid="{270BD3DB-D9AF-4782-9025-509E298DEC0A}" datafieldname="ownerid" />
            </cell>
          </row>
        </rows>
      </header>
      <footer id="{ffab0b72-ff7b-47c8-9191-25a1a8b7aa68}" celllabelposition="Top" columns="111" labelwidth="115" celllabelalignment="Left">
        <rows>
          <row>
            <cell id="{dc2a0fbf-1213-403c-80c5-4a077fa6f45a}" showlabel="false" labelid="{afb2c7e0-45df-4ea5-ac9a-32569fa9f732}">
              <labels>
                <label description="" languagecode="1033" />
              </labels>
            </cell>
            <cell id="{af733200-834b-4719-919a-c8d05ff1d129}" showlabel="false" labelid="{002682dd-0422-4d69-b95c-f1781354045c}">
              <labels>
                <label description="" languagecode="1033" />
              </labels>
            </cell>
            <cell id="{30af32eb-a7d7-475a-a1bf-b7eac33d2156}" showlabel="false" labelid="{663b8f9f-d384-47f2-8544-ccbcd7410845}">
              <labels>
                <label description="" languagecode="1033" />
              </labels>
            </cell>
          </row>
        </rows>
      </footer>
      <Navigation>
        <NavBar />
        <NavBarAreas>
          <NavBarArea Id="Info">
            <Titles>
              <Title LCID="1033" Text="Common" />
            </Titles>
          </NavBarArea>
          <NavBarArea Id="Sales">
            <Titles>
              <Title LCID="1033" Text="Sales" />
            </Titles>
          </NavBarArea>
          <NavBarArea Id="Service">
            <Titles>
              <Title LCID="1033" Text="Service" />
            </Titles>
          </NavBarArea>
          <NavBarArea Id="Marketing">
            <Titles>
              <Title LCID="1033" Text="Marketing" />
            </Titles>
          </NavBarArea>
          <NavBarArea Id="ProcessCenter">
            <Titles>
              <Title LCID="1033" Text="Process Sessions" />
            </Titles>
          </NavBarArea>
        </NavBarAreas>
      </Navigation>
      <controlDescriptions />
      <DisplayConditions Order="1" FallbackForm="true">
        <Role Id="{627090ff-40a3-4053-8790-584edc5be201}" />
        <Role Id="{119f245c-3cc8-4b62-b31c-d1a046ced15d}" />
        <Role Id="{9610cad1-c0a0-426d-b56a-0e815eda0126}" />
        <Role Id="{2b779093-0618-4a52-8996-180bf0e34e75}" />
        <Role Id="{0ad83390-1b48-45e1-b4cb-1a0257c1c58b}" />
        <Role Id="{e0c3c5e2-9cb6-456c-8c8e-2eca3010c410}" />
        <Role Id="{52c97507-9206-4df3-a9b3-3579ceb41a2c}" />
        <Role Id="{bcb4f2b1-9e9c-4885-8b7f-3beb7a01e7d3}" />
        <Role Id="{b4f6c3ef-b88c-4166-814a-45930f8b5682}" />
        <Role Id="{1d238bd4-1c79-4fe5-93af-71e2a1c86c31}" />
        <Role Id="{8cbbb192-09b1-4114-8614-aac829bbf7fb}" />
        <Role Id="{4bad0a38-fed7-466d-86dd-ccea55c9959d}" />
        <Role Id="{aac42a11-b907-478b-951a-ce6390976b3b}" />
        <Role Id="{a0f5d1cf-0dc9-4a09-897c-d5daaefa86ee}" />
        <Role Id="{5fec8fd0-5b40-4f41-a947-d6a185d4524e}" />
      </DisplayConditions>
    </form>
    <IsCustomizable>1</IsCustomizable>
    <CanBeDeleted>1</CanBeDeleted>
    <LocalizedNames>
      <LocalizedName description="Enquiry Web Form" languagecode="1033" />
    </LocalizedNames>
    <Descriptions>
      <Description description="A form for this entity." languagecode="1033" />
    </Descriptions>
  </systemform>
</forms>