﻿<?xml version="1.0" encoding="utf-8"?>
<forms xmlns:xsi="http://www.w3.org/2001/XMLSchema-instance">
  <systemform>
    <formid>{c0d7d7dd-afd0-4675-85fe-1cc5a48be6df}</formid>
    <IntroducedVersion>5.0.0.0</IntroducedVersion>
    <FormPresentation>0</FormPresentation>
    <FormActivationState>1</FormActivationState>
    <form>
      <tabs>
        <tab name="general" verticallayout="true" id="{ed7f865a-8800-40f6-8dcc-f01b2f04a734}" IsUserDefined="0" ordinalvalue="1" solutionaction="Modified">
          <columns>
            <column width="100%" id="0">
              <sections>
                <section name="onpremise account information" showlabel="true" showbar="true" id="{026B262D-3250-4d02-B491-31232EF64BB0}" IsUserDefined="0" locklevel="0" ordinalvalue="0">
                  <rows>
                    <row>
                      <cell auto="false" showlabel="true" locklevel="0" rowspan="1" colspan="1" id="{192a5772-6770-4c61-8f0f-8926e0d1c0a4}" ordinalvalue="10000">
                        <labels>
                          <label description="User Name" languagecode="1033" solutionaction="Added" />
                        </labels>
                      </cell>
                    </row>
                  </rows>
                </section>
                <section name="online account information" showlabel="true" showbar="true" id="{F610EBA2-2CEB-47ce-A8A9-96D0DCC3AAD5}" IsUserDefined="0" locklevel="0" ordinalvalue="1">
                  <rows>
                    <row>
                      <cell id="{3946169e-878d-4a7d-afea-820d52540466}" ordinalvalue="10000">
                        <labels>
                          <label description="Windows Live ID" languagecode="1033" solutionaction="Added" />
                        </labels>
                      </cell>
                      <cell auto="false" showlabel="true" locklevel="0" rowspan="1" colspan="1" id="{92d26a0b-06eb-4eb8-b19d-84c2845a0bb7}" ordinalvalue="20001">
                        <labels>
                          <label description="Invitation Status" languagecode="1033" solutionaction="Added" />
                        </labels>
                      </cell>
                    </row>
                  </rows>
                </section>
                <section name="user information" showlabel="true" showbar="true" id="{a7f586b7-8ad4-4fbf-8567-ec4239338766}" IsUserDefined="0" locklevel="0" ordinalvalue="2">
                  <rows>
                    <row>
                      <cell id="{eb448292-95c0-4774-86d1-a88a2064018e}" ordinalvalue="10000">
                        <labels>
                          <label description="First Name" languagecode="1033" solutionaction="Added" />
                        </labels>
                      </cell>
                      <cell id="{adec6722-caa8-4d97-a47f-13b0f6bf2a5f}" ordinalvalue="20001">
                        <labels>
                          <label description="Main Phone" languagecode="1033" solutionaction="Added" />
                        </labels>
                      </cell>
                    </row>
                    <row>
                      <cell id="{f0092777-6b75-45aa-a994-193dab730fc4}" ordinalvalue="10002">
                        <labels>
                          <label description="Last Name" languagecode="1033" solutionaction="Added" />
                        </labels>
                      </cell>
                      <cell id="{230815e2-e951-43e6-8970-88946484d82f}" ordinalvalue="20003">
                        <labels>
                          <label description="Other Phone" languagecode="1033" solutionaction="Added" />
                        </labels>
                      </cell>
                    </row>
                    <row>
                      <cell id="{7bded721-6511-47e3-a49a-5e0bd440dcae}" ordinalvalue="10004">
                        <labels>
                          <label description="Title" languagecode="1033" solutionaction="Added" />
                        </labels>
                      </cell>
                      <cell id="{513bfb0e-4e9c-404b-b3e5-4b31dac653d2}" ordinalvalue="20005">
                        <labels>
                          <label description="Home Phone" languagecode="1033" solutionaction="Added" />
                        </labels>
                      </cell>
                    </row>
                    <row>
                      <cell id="{8b1bbe79-b567-4a47-b09b-3dc5eb0f3c41}" ordinalvalue="10006">
                        <labels>
                          <label description="Primary Email" languagecode="1033" solutionaction="Added" />
                        </labels>
                      </cell>
                      <cell id="{23863fb6-b584-4b59-905d-8b403c2ee69f}" ordinalvalue="20007">
                        <labels>
                          <label description="Mobile Phone" languagecode="1033" solutionaction="Added" />
                        </labels>
                      </cell>
                    </row>
                    <row>
                      <cell id="{cd992a7b-96f3-44e9-b90a-a79839fc1bbd}" ordinalvalue="10008">
                        <labels>
                          <label description="Email 2" languagecode="1033" solutionaction="Added" />
                        </labels>
                      </cell>
                      <cell id="{162a4bb3-8b10-404b-ad36-cb0635b31553}" ordinalvalue="20009">
                        <labels>
                          <label description="Preferred Phone" languagecode="1033" solutionaction="Added" />
                        </labels>
                      </cell>
                    </row>
                    <row>
                      <cell id="{8088b709-235e-4d2e-8f13-995b071093c4}" ordinalvalue="10010">
                        <labels>
                          <label description="Mobile Alert Email" languagecode="1033" solutionaction="Added" />
                        </labels>
                      </cell>
                      <cell id="{bd790631-ed97-4b7c-a428-b6ddab35291d}" ordinalvalue="20011">
                        <labels>
                          <label description="Pager" languagecode="1033" solutionaction="Added" />
                        </labels>
                      </cell>
                    </row>
                  </rows>
                </section>
                <section name="organization information" showlabel="true" showbar="true" id="{8a54a5e3-e6da-4c16-bb6b-090c70ee0fa2}" IsUserDefined="0" locklevel="0" ordinalvalue="3">
                  <rows>
                    <row>
                      <cell id="{93844cbf-9b48-4c08-81ef-41830f854783}" ordinalvalue="10000">
                        <labels>
                          <label description="Position" languagecode="1033" solutionaction="Added" />
                        </labels>
                      </cell>
                    </row>
                    <row>
                      <cell id="{ec8e91ce-9bbf-4a29-b865-cd1c248691ca}" ordinalvalue="10001">
                        <labels>
                          <label description="Manager" languagecode="1033" solutionaction="Added" />
                        </labels>
                      </cell>
                    </row>
                    <row>
                      <cell id="{4a8fe9e1-7d8e-4250-a267-4f14474a1370}" ordinalvalue="10002">
                        <labels>
                          <label description="Business Unit" languagecode="1033" solutionaction="Added" />
                        </labels>
                      </cell>
                    </row>
                    <row>
                      <cell id="{db07805e-d5ee-4b94-afc3-ce833e34e5dd}" ordinalvalue="10003">
                        <labels>
                          <label description="Territory" languagecode="1033" solutionaction="Added" />
                        </labels>
                      </cell>
                    </row>
                    <row>
                      <cell auto="false" showlabel="true" locklevel="0" rowspan="1" colspan="1" id="{0c7745b4-2ee4-4e62-8b00-c91d41964645}" ordinalvalue="10004">
                        <labels>
                          <label description="Site" languagecode="1033" solutionaction="Added" />
                        </labels>
                      </cell>
                    </row>
                  </rows>
                </section>
                <section name="email configuration" showlabel="true" showbar="true" locklevel="0" id="{D26C85F2-14EC-47fa-8669-0F0F14F24628}" IsUserDefined="0" ordinalvalue="4">
                  <rows>
                    <row>
                      <cell id="{123e6312-e7ad-edb2-8c2b-1bae53c98c57}" showlabel="true" locklevel="0" ordinalvalue="10000">
                        <labels>
                          <label description="Mailbox" languagecode="1033" solutionaction="Added" />
                        </labels>
                      </cell>
                    </row>
                  </rows>
                </section>
                <section name="administration" showlabel="true" showbar="true" locklevel="0" id="{b169842a-afbc-4115-8f22-8e6fbdaf7213}" IsUserDefined="0" layout="varwidth" columns="11" ordinalvalue="5">
                  <rows>
                    <row>
                      <cell auto="false" showlabel="true" locklevel="0" rowspan="1" colspan="1" id="{15ef5f59-27e2-4c16-be5c-a6ac9350aacb}" ordinalvalue="10000">
                        <labels>
                          <label description="Access Mode" languagecode="1033" solutionaction="Added" />
                        </labels>
                      </cell>
                    </row>
                    <row>
                      <cell auto="false" showlabel="true" locklevel="0" rowspan="1" colspan="1" id="{b3390253-43ec-4032-917d-a7df251fd7d9}" ordinalvalue="10002">
                        <labels>
                          <label description="License Type" languagecode="1033" solutionaction="Added" />
                        </labels>
                      </cell>
                    </row>
                  </rows>
                </section>
                <section name="queue selection" showlabel="true" showbar="true" locklevel="0" id="{9AD0B7AA-91A2-4a03-BE07-86974EF7FFCD}" IsUserDefined="0" layout="varwidth" columns="11" ordinalvalue="6">
                  <rows>
                    <row>
                      <cell id="{0DA1C8D1-4773-4fbe-AD36-88E542BFD3BE}" colspan="1" ordinalvalue="10000">
                        <labels>
                          <label description="Default Queue" languagecode="1033" solutionaction="Added" />
                        </labels>
                      </cell>
                    </row>
                  </rows>
                </section>
              </sections>
            </column>
          </columns>
        </tab>
        <tab name="addresses" id="{2efb6f20-5b31-43e0-b932-805e2fd6bfbf}" IsUserDefined="0" ordinalvalue="2" solutionaction="Modified">
          <columns>
            <column width="100%" id="0">
              <sections>
                <section name="mailing address" showlabel="true" showbar="true" id="{0c55f597-e6da-4363-9b40-e383dba991c4}" IsUserDefined="0" ordinalvalue="0">
                  <rows>
                    <row>
                      <cell id="{ac8d6cc6-3b36-4729-a994-9a3deab9b184}" ordinalvalue="10000">
                        <labels>
                          <label description="Street 1" languagecode="1033" solutionaction="Added" />
                        </labels>
                      </cell>
                      <cell id="{87524490-16df-4ecd-947d-516cfa90d282}" ordinalvalue="20001">
                        <labels>
                          <label description="State/Province" languagecode="1033" solutionaction="Added" />
                        </labels>
                      </cell>
                    </row>
                    <row>
                      <cell id="{2ecd8b0d-647c-4d31-ac6c-0e423444ebcf}" ordinalvalue="10002">
                        <labels>
                          <label description="Street 2" languagecode="1033" solutionaction="Added" />
                        </labels>
                      </cell>
                      <cell id="{5d58295f-6c42-405f-9fcf-41a69edbde68}" ordinalvalue="20003">
                        <labels>
                          <label description="ZIP/Postal Code" languagecode="1033" solutionaction="Added" />
                        </labels>
                      </cell>
                    </row>
                    <row>
                      <cell id="{fe8b4694-081b-49d0-94e8-21775016779b}" ordinalvalue="10004">
                        <labels>
                          <label description="Street 3" languagecode="1033" solutionaction="Added" />
                        </labels>
                      </cell>
                      <cell id="{d37bde4b-3782-4762-a5d6-cb4ba1793f54}" ordinalvalue="20005">
                        <labels>
                          <label description="Country/Region" languagecode="1033" solutionaction="Added" />
                        </labels>
                      </cell>
                    </row>
                    <row>
                      <cell id="{b115c435-0640-450b-8373-1b3b14fd94de}" ordinalvalue="10006">
                        <labels>
                          <label description="City" languagecode="1033" solutionaction="Added" />
                        </labels>
                      </cell>
                    </row>
                  </rows>
                </section>
                <section name="address preference" showlabel="false" showbar="false" id="{7171a1ba-38ca-43ed-b699-f624131160e1}" IsUserDefined="0" ordinalvalue="2">
                  <rows>
                    <row>
                      <cell id="{0da6aab1-c3fc-4414-ab40-ff9b5ffe156c}" ordinalvalue="10000">
                        <labels>
                          <label description="Preferred Address" languagecode="1033" solutionaction="Added" />
                        </labels>
                      </cell>
                    </row>
                  </rows>
                </section>
              </sections>
            </column>
          </columns>
        </tab>
        <tab name="tab_recordwall" id="{e94e6ac4-12db-bc8c-ec81-8b20c5987655}" IsUserDefined="0" locklevel="0" showlabel="true" expanded="false" labelid="{119d96c8-1a0d-4288-bc50-27be8755c991}" ordinalvalue="0" solutionaction="Added">
          <labels>
            <label description="What's New" languagecode="1033" />
          </labels>
          <columns>
            <column width="100%" id="0">
              <sections>
                <section name="tab_recordwall_section_1" showlabel="false" showbar="false" locklevel="0" id="{ac0addcc-a626-6c98-40ee-b11edac36204}" IsUserDefined="0" layout="varwidth" columns="1" labelwidth="115" celllabelalignment="Left" celllabelposition="Left" labelid="{13746689-2f07-499e-936f-1a7e00bf4e04}" ordinalvalue="0">
                  <labels>
                    <label description="Section" languagecode="1033" />
                  </labels>
                  <rows>
                    <row>
                      <cell id="{be13b312-b6ac-83d7-34e1-e90dc1ecbec7}" showlabel="false" colspan="1" auto="false" rowspan="15" labelid="{fd788c64-f9b3-408b-85dd-e8132904063b}" ordinalvalue="10000">
                        <labels>
                          <label description="RecordWall" languagecode="1033" />
                        </labels>
                        <control id="WebResource_RecordWall" classid="{9FDF5F91-88B1-47f4-AD53-C11EFC01A01D}">
                          <parameters>
                            <Url>msdyn_/RecordWall.htm</Url>
                            <PassParameters>true</PassParameters>
                            <Security>false</Security>
                            <Scrolling>auto</Scrolling>
                            <Border>false</Border>
                          </parameters>
                        </control>
                        <events>
                          <event name="onload" application="0">
                            <dependencies />
                          </event>
                        </events>
                      </cell>
                    </row>
                    <row />
                    <row />
                    <row />
                    <row />
                    <row />
                    <row />
                    <row />
                    <row />
                    <row />
                    <row />
                    <row />
                    <row />
                    <row />
                    <row />
                  </rows>
                </section>
              </sections>
            </column>
          </columns>
          <events>
            <event name="tabstatechange" application="false" active="false">
              <Handlers>
                <Handler functionName="ActivityFeeds.Form.CustomizationUtils.updateRecordWallRenderingState" libraryName="msdyn_/ActivityFeeds.Form.js" handlerUniqueId="{9beb6ce6-2666-8033-a406-3d68d44b9592}" enabled="true" parameters="" passExecutionContext="true" ordinalvalue="0" />
              </Handlers>
            </event>
          </events>
        </tab>
      </tabs>
      <footer id="{EEC63805-B8B7-4AB3-8C32-F42BED9A7153}">
        <rows>
          <row>
            <cell id="{22CF131D-2919-469A-9FD8-6256C90C56F5}" ordinalvalue="10000">
              <labels>
                <label description="Status" languagecode="1033" solutionaction="Added" />
              </labels>
            </cell>
          </row>
        </rows>
      </footer>
      <formLibraries solutionaction="Added">
        <Library name="msdyn_/ActivityFeeds.Form.js" libraryUniqueId="{4181da4c-6d13-ba3c-c859-be404e4ee2e3}" />
      </formLibraries>
    </form>
    <LocalizedNames>
      <LocalizedName description="Information" languagecode="1033" />
    </LocalizedNames>
    <Descriptions>
      <Description description="A form for this entity." languagecode="1033" />
    </Descriptions>
  </systemform>
</forms>