﻿<?xml version="1.0" encoding="utf-8"?>
<Entity xmlns:xsi="http://www.w3.org/2001/XMLSchema-instance">
  <Name LocalizedName="Contact" OriginalName="">Contact</Name>
  <EntityInfo>
    <entity Name="Contact">
      <attributes>
        <attribute PhysicalName="AccountRoleCode">
          <Type>picklist</Type>
          <Name>accountrolecode</Name>
          <LogicalName>accountrolecode</LogicalName>
          <RequiredLevel>none</RequiredLevel>
          <DisplayMask>ValidForAdvancedFind|ValidForForm|ValidForGrid</DisplayMask>
          <ImeMode>auto</ImeMode>
          <ValidForUpdateApi>1</ValidForUpdateApi>
          <ValidForReadApi>1</ValidForReadApi>
          <ValidForCreateApi>1</ValidForCreateApi>
          <IsCustomField>0</IsCustomField>
          <IsAuditEnabled>1</IsAuditEnabled>
          <IsSecured>0</IsSecured>
          <IntroducedVersion>5.0.0.0</IntroducedVersion>
          <SourceType>0</SourceType>
          <IsGlobalFilterEnabled>1</IsGlobalFilterEnabled>
          <IsSortableEnabled>0</IsSortableEnabled>
          <IsDataSourceSecret>0</IsDataSourceSecret>
          <AutoNumberFormat></AutoNumberFormat>
          <IsSearchable>0</IsSearchable>
          <IsFilterable>0</IsFilterable>
          <IsRetrievable>0</IsRetrievable>
          <IsLocalizable>0</IsLocalizable>
          <AppDefaultValue>-1</AppDefaultValue>
          <optionset Name="contact_accountrolecode">
            <OptionSetType>picklist</OptionSetType>
            <IntroducedVersion>5.0.0.0</IntroducedVersion>
            <displaynames>
              <displayname description="Role" languagecode="1033" />
            </displaynames>
            <Descriptions>
              <Description description="Account role of the contact." languagecode="1033" />
            </Descriptions>
            <options>
              <option value="1">
                <labels>
                  <label description="Referee" languagecode="1033" />
                </labels>
              </option>
              <option value="2">
                <labels>
                  <label description="Applicant" languagecode="1033" />
                </labels>
              </option>
              <option value="229330001">
                <labels>
                  <label description="Probationer" languagecode="1033" />
                </labels>
              </option>
              <option value="229330002">
                <labels>
                  <label description="Employee" languagecode="1033" />
                </labels>
              </option>
              <option value="229330003">
                <labels>
                  <label description="Individual" languagecode="1033" />
                </labels>
              </option>
            </options>
          </optionset>
          <displaynames>
            <displayname description="Role" languagecode="1033" />
          </displaynames>
          <Descriptions>
            <Description description="Select the contact's role within the recruitment process, such as applicant or referee" languagecode="1033" />
          </Descriptions>
        </attribute>
        <attribute PhysicalName="BirthDate">
          <Type>datetime</Type>
          <Name>birthdate</Name>
          <LogicalName>birthdate</LogicalName>
          <RequiredLevel>none</RequiredLevel>
          <DisplayMask>ValidForAdvancedFind|ValidForForm|ValidForGrid</DisplayMask>
          <ImeMode>inactive</ImeMode>
          <ValidForUpdateApi>1</ValidForUpdateApi>
          <ValidForReadApi>1</ValidForReadApi>
          <ValidForCreateApi>1</ValidForCreateApi>
          <IsCustomField>0</IsCustomField>
          <IsAuditEnabled>1</IsAuditEnabled>
          <IsSecured>0</IsSecured>
          <IntroducedVersion>5.0.0.0</IntroducedVersion>
          <SourceType>0</SourceType>
          <IsGlobalFilterEnabled>0</IsGlobalFilterEnabled>
          <IsSortableEnabled>0</IsSortableEnabled>
          <IsDataSourceSecret>0</IsDataSourceSecret>
          <AutoNumberFormat></AutoNumberFormat>
          <IsSearchable>0</IsSearchable>
          <IsFilterable>0</IsFilterable>
          <IsRetrievable>0</IsRetrievable>
          <IsLocalizable>0</IsLocalizable>
          <Format>date</Format>
          <displaynames>
            <displayname description="Date of Birth" languagecode="1033" />
          </displaynames>
          <Descriptions>
            <Description description="Enter the contact's birthday." languagecode="1033" />
          </Descriptions>
        </attribute>
        <attribute PhysicalName="EMailAddress1">
          <Type>nvarchar</Type>
          <Name>emailaddress1</Name>
          <LogicalName>emailaddress1</LogicalName>
          <RequiredLevel>recommended</RequiredLevel>
          <DisplayMask>ValidForAdvancedFind|ValidForForm|ValidForGrid</DisplayMask>
          <ImeMode>inactive</ImeMode>
          <ValidForUpdateApi>1</ValidForUpdateApi>
          <ValidForReadApi>1</ValidForReadApi>
          <ValidForCreateApi>1</ValidForCreateApi>
          <IsCustomField>0</IsCustomField>
          <IsAuditEnabled>1</IsAuditEnabled>
          <IsSecured>0</IsSecured>
          <IntroducedVersion>5.0.0.0</IntroducedVersion>
          <SourceType>0</SourceType>
          <IsGlobalFilterEnabled>0</IsGlobalFilterEnabled>
          <IsSortableEnabled>1</IsSortableEnabled>
          <IsDataSourceSecret>0</IsDataSourceSecret>
          <AutoNumberFormat></AutoNumberFormat>
          <IsSearchable>1</IsSearchable>
          <IsFilterable>0</IsFilterable>
          <IsRetrievable>1</IsRetrievable>
          <IsLocalizable>0</IsLocalizable>
          <Format>email</Format>
          <MaxLength>100</MaxLength>
          <Length>200</Length>
          <displaynames>
            <displayname description="Email" languagecode="1033" />
          </displaynames>
          <Descriptions>
            <Description description="Type the primary email address for the contact." languagecode="1033" />
          </Descriptions>
        </attribute>
        <attribute PhysicalName="GenderCode">
          <Type>picklist</Type>
          <Name>gendercode</Name>
          <LogicalName>gendercode</LogicalName>
          <RequiredLevel>none</RequiredLevel>
          <DisplayMask>ValidForAdvancedFind|ValidForForm|ValidForGrid</DisplayMask>
          <ImeMode>auto</ImeMode>
          <ValidForUpdateApi>1</ValidForUpdateApi>
          <ValidForReadApi>1</ValidForReadApi>
          <ValidForCreateApi>1</ValidForCreateApi>
          <IsCustomField>0</IsCustomField>
          <IsAuditEnabled>1</IsAuditEnabled>
          <IsSecured>0</IsSecured>
          <IntroducedVersion>5.0.0.0</IntroducedVersion>
          <SourceType>0</SourceType>
          <IsGlobalFilterEnabled>0</IsGlobalFilterEnabled>
          <IsSortableEnabled>0</IsSortableEnabled>
          <IsDataSourceSecret>0</IsDataSourceSecret>
          <AutoNumberFormat></AutoNumberFormat>
          <IsSearchable>0</IsSearchable>
          <IsFilterable>0</IsFilterable>
          <IsRetrievable>0</IsRetrievable>
          <IsLocalizable>0</IsLocalizable>
          <AppDefaultValue>-1</AppDefaultValue>
          <optionset Name="contact_gendercode">
            <OptionSetType>picklist</OptionSetType>
            <IntroducedVersion>5.0.0.0</IntroducedVersion>
            <displaynames>
              <displayname description="Gender" languagecode="1033" />
            </displaynames>
            <Descriptions>
              <Description description="Gender of the contact." languagecode="1033" />
            </Descriptions>
            <options>
              <option value="1" ExternalValue="" Color="">
                <labels>
                  <label description="Male" languagecode="1033" />
                </labels>
              </option>
              <option value="2" ExternalValue="" Color="">
                <labels>
                  <label description="Female" languagecode="1033" />
                </labels>
              </option>
              <option value="229330000" ExternalValue="" Color="#0000ff">
                <labels>
                  <label description="Other" languagecode="1033" />
                </labels>
              </option>
            </options>
          </optionset>
          <displaynames>
            <displayname description="Gender" languagecode="1033" />
          </displaynames>
          <Descriptions>
            <Description description="Select the contact's gender to make sure the contact is addressed correctly in sales calls, email, and marketing campaigns." languagecode="1033" />
          </Descriptions>
        </attribute>
        <attribute PhysicalName="MobilePhone">
          <Type>nvarchar</Type>
          <Name>mobilephone</Name>
          <LogicalName>mobilephone</LogicalName>
          <RequiredLevel>recommended</RequiredLevel>
          <DisplayMask>ValidForAdvancedFind|ValidForForm|ValidForGrid</DisplayMask>
          <ImeMode>inactive</ImeMode>
          <ValidForUpdateApi>1</ValidForUpdateApi>
          <ValidForReadApi>1</ValidForReadApi>
          <ValidForCreateApi>1</ValidForCreateApi>
          <IsCustomField>0</IsCustomField>
          <IsAuditEnabled>1</IsAuditEnabled>
          <IsSecured>0</IsSecured>
          <IntroducedVersion>5.0.0.0</IntroducedVersion>
          <SourceType>0</SourceType>
          <IsGlobalFilterEnabled>0</IsGlobalFilterEnabled>
          <IsSortableEnabled>0</IsSortableEnabled>
          <IsDataSourceSecret>0</IsDataSourceSecret>
          <AutoNumberFormat></AutoNumberFormat>
          <IsSearchable>1</IsSearchable>
          <IsFilterable>0</IsFilterable>
          <IsRetrievable>0</IsRetrievable>
          <IsLocalizable>0</IsLocalizable>
          <Format>phone</Format>
          <MaxLength>50</MaxLength>
          <Length>100</Length>
          <displaynames>
            <displayname description="Mobile Phone" languagecode="1033" />
          </displaynames>
          <Descriptions>
            <Description description="Type the mobile phone number for the contact." languagecode="1033" />
          </Descriptions>
        </attribute>
        <attribute PhysicalName="ParentCustomerId">
          <Type>customer</Type>
          <Name>parentcustomerid</Name>
          <LogicalName>parentcustomerid</LogicalName>
          <RequiredLevel>none</RequiredLevel>
          <DisplayMask>ValidForAdvancedFind|ValidForForm|ValidForGrid</DisplayMask>
          <ImeMode>auto</ImeMode>
          <ValidForUpdateApi>1</ValidForUpdateApi>
          <ValidForReadApi>1</ValidForReadApi>
          <ValidForCreateApi>1</ValidForCreateApi>
          <IsCustomField>0</IsCustomField>
          <IsAuditEnabled>1</IsAuditEnabled>
          <IsSecured>0</IsSecured>
          <IntroducedVersion>5.0.0.0</IntroducedVersion>
          <SourceType>0</SourceType>
          <IsGlobalFilterEnabled>1</IsGlobalFilterEnabled>
          <IsSortableEnabled>0</IsSortableEnabled>
          <IsDataSourceSecret>0</IsDataSourceSecret>
          <AutoNumberFormat></AutoNumberFormat>
          <IsSearchable>1</IsSearchable>
          <IsFilterable>0</IsFilterable>
          <IsRetrievable>1</IsRetrievable>
          <IsLocalizable>0</IsLocalizable>
          <displaynames>
            <displayname description="Parent Contact" languagecode="1033" />
          </displaynames>
          <Descriptions>
            <Description description="Select the parent account or parent contact for the contact to provide a quick link to additional details, such as financial information, activities, and opportunities." languagecode="1033" />
          </Descriptions>
        </attribute>
        <attribute PhysicalName="pfc_DateHRFileCompletedandUploaded">
          <Type>datetime</Type>
          <Name>pfc_datehrfilecompletedanduploaded</Name>
          <LogicalName>pfc_datehrfilecompletedanduploaded</LogicalName>
          <RequiredLevel>none</RequiredLevel>
          <DisplayMask>ValidForAdvancedFind|ValidForForm|ValidForGrid</DisplayMask>
          <ImeMode>auto</ImeMode>
          <ValidForUpdateApi>1</ValidForUpdateApi>
          <ValidForReadApi>1</ValidForReadApi>
          <ValidForCreateApi>1</ValidForCreateApi>
          <IsCustomField>1</IsCustomField>
          <IsAuditEnabled>1</IsAuditEnabled>
          <IsSecured>0</IsSecured>
          <IntroducedVersion>1.0.0.0</IntroducedVersion>
          <IsCustomizable>1</IsCustomizable>
          <IsRenameable>1</IsRenameable>
          <CanModifySearchSettings>1</CanModifySearchSettings>
          <CanModifyRequirementLevelSettings>1</CanModifyRequirementLevelSettings>
          <CanModifyAdditionalSettings>1</CanModifyAdditionalSettings>
          <SourceType>0</SourceType>
          <IsGlobalFilterEnabled>0</IsGlobalFilterEnabled>
          <IsSortableEnabled>0</IsSortableEnabled>
          <CanModifyGlobalFilterSettings>1</CanModifyGlobalFilterSettings>
          <CanModifyIsSortableSettings>1</CanModifyIsSortableSettings>
          <IsDataSourceSecret>0</IsDataSourceSecret>
          <AutoNumberFormat></AutoNumberFormat>
          <IsSearchable>1</IsSearchable>
          <IsFilterable>0</IsFilterable>
          <IsRetrievable>0</IsRetrievable>
          <IsLocalizable>0</IsLocalizable>
          <Format>date</Format>
          <CanChangeDateTimeBehavior>1</CanChangeDateTimeBehavior>
          <Behavior>1</Behavior>
          <displaynames>
            <displayname description="Date HR File Completed and Uploaded" languagecode="1033" />
          </displaynames>
          <Descriptions>
            <Description description="Specifies the date on which the applicant's HR file was completed and uploaded" languagecode="1033" />
          </Descriptions>
        </attribute>
        <attribute PhysicalName="pfc_DateInductionStarted">
          <Type>datetime</Type>
          <Name>pfc_dateinductionstarted</Name>
          <LogicalName>pfc_dateinductionstarted</LogicalName>
          <RequiredLevel>none</RequiredLevel>
          <DisplayMask>ValidForAdvancedFind|ValidForForm|ValidForGrid</DisplayMask>
          <ImeMode>auto</ImeMode>
          <ValidForUpdateApi>1</ValidForUpdateApi>
          <ValidForReadApi>1</ValidForReadApi>
          <ValidForCreateApi>1</ValidForCreateApi>
          <IsCustomField>1</IsCustomField>
          <IsAuditEnabled>1</IsAuditEnabled>
          <IsSecured>0</IsSecured>
          <IntroducedVersion>1.0.0.0</IntroducedVersion>
          <IsCustomizable>1</IsCustomizable>
          <IsRenameable>1</IsRenameable>
          <CanModifySearchSettings>1</CanModifySearchSettings>
          <CanModifyRequirementLevelSettings>1</CanModifyRequirementLevelSettings>
          <CanModifyAdditionalSettings>1</CanModifyAdditionalSettings>
          <SourceType>0</SourceType>
          <IsGlobalFilterEnabled>0</IsGlobalFilterEnabled>
          <IsSortableEnabled>0</IsSortableEnabled>
          <CanModifyGlobalFilterSettings>1</CanModifyGlobalFilterSettings>
          <CanModifyIsSortableSettings>1</CanModifyIsSortableSettings>
          <IsDataSourceSecret>0</IsDataSourceSecret>
          <AutoNumberFormat></AutoNumberFormat>
          <IsSearchable>1</IsSearchable>
          <IsFilterable>0</IsFilterable>
          <IsRetrievable>0</IsRetrievable>
          <IsLocalizable>0</IsLocalizable>
          <Format>date</Format>
          <CanChangeDateTimeBehavior>1</CanChangeDateTimeBehavior>
          <Behavior>1</Behavior>
          <displaynames>
            <displayname description="Date Induction Started" languagecode="1033" />
          </displaynames>
          <Descriptions>
            <Description description="Specifies the date that the probationer's induction started" languagecode="1033" />
          </Descriptions>
        </attribute>
        <attribute PhysicalName="pfc_DateStaffAddedToTrainingPlatforms">
          <Type>datetime</Type>
          <Name>pfc_datestaffaddedtotrainingplatforms</Name>
          <LogicalName>pfc_datestaffaddedtotrainingplatforms</LogicalName>
          <RequiredLevel>none</RequiredLevel>
          <DisplayMask>ValidForAdvancedFind|ValidForForm|ValidForGrid</DisplayMask>
          <ImeMode>auto</ImeMode>
          <ValidForUpdateApi>1</ValidForUpdateApi>
          <ValidForReadApi>1</ValidForReadApi>
          <ValidForCreateApi>1</ValidForCreateApi>
          <IsCustomField>1</IsCustomField>
          <IsAuditEnabled>1</IsAuditEnabled>
          <IsSecured>0</IsSecured>
          <IntroducedVersion>1.0.0.0</IntroducedVersion>
          <IsCustomizable>1</IsCustomizable>
          <IsRenameable>1</IsRenameable>
          <CanModifySearchSettings>1</CanModifySearchSettings>
          <CanModifyRequirementLevelSettings>1</CanModifyRequirementLevelSettings>
          <CanModifyAdditionalSettings>1</CanModifyAdditionalSettings>
          <SourceType>0</SourceType>
          <IsGlobalFilterEnabled>0</IsGlobalFilterEnabled>
          <IsSortableEnabled>0</IsSortableEnabled>
          <CanModifyGlobalFilterSettings>1</CanModifyGlobalFilterSettings>
          <CanModifyIsSortableSettings>1</CanModifyIsSortableSettings>
          <IsDataSourceSecret>0</IsDataSourceSecret>
          <AutoNumberFormat></AutoNumberFormat>
          <IsSearchable>1</IsSearchable>
          <IsFilterable>0</IsFilterable>
          <IsRetrievable>0</IsRetrievable>
          <IsLocalizable>0</IsLocalizable>
          <Format>date</Format>
          <CanChangeDateTimeBehavior>1</CanChangeDateTimeBehavior>
          <Behavior>1</Behavior>
          <displaynames>
            <displayname description="Date Staff Added To Training Platforms" languagecode="1033" />
          </displaynames>
          <Descriptions>
            <Description description="Specifies the date that the member of staff was added to the training platform" languagecode="1033" />
          </Descriptions>
        </attribute>
        <attribute PhysicalName="pfc_DateStaffissuedwithUICinStaffOverseasReg">
          <Type>datetime</Type>
          <Name>pfc_datestaffissuedwithuicinstaffoverseasreg</Name>
          <LogicalName>pfc_datestaffissuedwithuicinstaffoverseasreg</LogicalName>
          <RequiredLevel>none</RequiredLevel>
          <DisplayMask>ValidForAdvancedFind|ValidForForm|ValidForGrid</DisplayMask>
          <ImeMode>auto</ImeMode>
          <ValidForUpdateApi>1</ValidForUpdateApi>
          <ValidForReadApi>1</ValidForReadApi>
          <ValidForCreateApi>1</ValidForCreateApi>
          <IsCustomField>1</IsCustomField>
          <IsAuditEnabled>1</IsAuditEnabled>
          <IsSecured>0</IsSecured>
          <IntroducedVersion>1.0.0.0</IntroducedVersion>
          <IsCustomizable>1</IsCustomizable>
          <IsRenameable>1</IsRenameable>
          <CanModifySearchSettings>1</CanModifySearchSettings>
          <CanModifyRequirementLevelSettings>1</CanModifyRequirementLevelSettings>
          <CanModifyAdditionalSettings>1</CanModifyAdditionalSettings>
          <SourceType>0</SourceType>
          <IsGlobalFilterEnabled>0</IsGlobalFilterEnabled>
          <IsSortableEnabled>0</IsSortableEnabled>
          <CanModifyGlobalFilterSettings>1</CanModifyGlobalFilterSettings>
          <CanModifyIsSortableSettings>1</CanModifyIsSortableSettings>
          <IsDataSourceSecret>0</IsDataSourceSecret>
          <AutoNumberFormat></AutoNumberFormat>
          <IsSearchable>1</IsSearchable>
          <IsFilterable>0</IsFilterable>
          <IsRetrievable>0</IsRetrievable>
          <IsLocalizable>0</IsLocalizable>
          <Format>date</Format>
          <CanChangeDateTimeBehavior>1</CanChangeDateTimeBehavior>
          <Behavior>1</Behavior>
          <displaynames>
            <displayname description="Date Staff issued with UIC in Staff &amp; Overseas Reg" languagecode="1033" />
          </displaynames>
          <Descriptions>
            <Description description="Specifies the date when staff were issued with UIC" languagecode="1033" />
          </Descriptions>
        </attribute>
        <attribute PhysicalName="pfc_DisabilityHealthConditions">
          <Type>picklist</Type>
          <Name>pfc_disabilityhealthconditions</Name>
          <LogicalName>pfc_disabilityhealthconditions</LogicalName>
          <RequiredLevel>none</RequiredLevel>
          <DisplayMask>ValidForAdvancedFind|ValidForForm|ValidForGrid</DisplayMask>
          <ImeMode>auto</ImeMode>
          <ValidForUpdateApi>1</ValidForUpdateApi>
          <ValidForReadApi>1</ValidForReadApi>
          <ValidForCreateApi>1</ValidForCreateApi>
          <IsCustomField>1</IsCustomField>
          <IsAuditEnabled>1</IsAuditEnabled>
          <IsSecured>1</IsSecured>
          <IntroducedVersion>1.0.0.0</IntroducedVersion>
          <IsCustomizable>1</IsCustomizable>
          <IsRenameable>1</IsRenameable>
          <CanModifySearchSettings>1</CanModifySearchSettings>
          <CanModifyRequirementLevelSettings>1</CanModifyRequirementLevelSettings>
          <CanModifyAdditionalSettings>1</CanModifyAdditionalSettings>
          <SourceType>0</SourceType>
          <IsGlobalFilterEnabled>0</IsGlobalFilterEnabled>
          <IsSortableEnabled>0</IsSortableEnabled>
          <CanModifyGlobalFilterSettings>1</CanModifyGlobalFilterSettings>
          <CanModifyIsSortableSettings>1</CanModifyIsSortableSettings>
          <IsDataSourceSecret>0</IsDataSourceSecret>
          <AutoNumberFormat></AutoNumberFormat>
          <IsSearchable>0</IsSearchable>
          <IsFilterable>0</IsFilterable>
          <IsRetrievable>0</IsRetrievable>
          <IsLocalizable>0</IsLocalizable>
          <AppDefaultValue>-1</AppDefaultValue>
          <OptionSetName>pfc_applicantnotified</OptionSetName>
          <displaynames>
            <displayname description="Disability/Health Conditions" languagecode="1033" />
          </displaynames>
          <Descriptions>
            <Description description="Specifies whether the applicant considers themselves as disabled or has underlying health conditions" languagecode="1033" />
          </Descriptions>
        </attribute>
        <attribute PhysicalName="pfc_DoNotContactBeforeInterview">
          <Type>bit</Type>
          <Name>pfc_donotcontactbeforeinterview</Name>
          <LogicalName>pfc_donotcontactbeforeinterview</LogicalName>
          <RequiredLevel>recommended</RequiredLevel>
          <DisplayMask>ValidForAdvancedFind|ValidForForm|ValidForGrid</DisplayMask>
          <ImeMode>auto</ImeMode>
          <ValidForUpdateApi>1</ValidForUpdateApi>
          <ValidForReadApi>1</ValidForReadApi>
          <ValidForCreateApi>1</ValidForCreateApi>
          <IsCustomField>1</IsCustomField>
          <IsAuditEnabled>1</IsAuditEnabled>
          <IsSecured>0</IsSecured>
          <IntroducedVersion>1.0.0.0</IntroducedVersion>
          <IsCustomizable>1</IsCustomizable>
          <IsRenameable>1</IsRenameable>
          <CanModifySearchSettings>1</CanModifySearchSettings>
          <CanModifyRequirementLevelSettings>1</CanModifyRequirementLevelSettings>
          <CanModifyAdditionalSettings>1</CanModifyAdditionalSettings>
          <SourceType>0</SourceType>
          <IsGlobalFilterEnabled>0</IsGlobalFilterEnabled>
          <IsSortableEnabled>0</IsSortableEnabled>
          <CanModifyGlobalFilterSettings>1</CanModifyGlobalFilterSettings>
          <CanModifyIsSortableSettings>1</CanModifyIsSortableSettings>
          <IsDataSourceSecret>0</IsDataSourceSecret>
          <AutoNumberFormat></AutoNumberFormat>
          <IsSearchable>0</IsSearchable>
          <IsFilterable>0</IsFilterable>
          <IsRetrievable>0</IsRetrievable>
          <IsLocalizable>0</IsLocalizable>
          <AppDefaultValue>0</AppDefaultValue>
          <optionset Name="pfc_contact_donotcontactbeforeinterview">
            <OptionSetType>bit</OptionSetType>
            <IntroducedVersion>1.0.0.0</IntroducedVersion>
            <IsCustomizable>1</IsCustomizable>
            <displaynames>
              <displayname description="Local Enumeration" languagecode="1033" />
            </displaynames>
            <Descriptions>
              <Description description="Specifies whether the referee can be contacted prior to an interview" languagecode="1033" />
            </Descriptions>
            <options>
              <option value="1">
                <labels>
                  <label description="Yes" languagecode="1033" />
                </labels>
              </option>
              <option value="0">
                <labels>
                  <label description="No" languagecode="1033" />
                </labels>
              </option>
            </options>
          </optionset>
          <displaynames>
            <displayname description="Contact Before Interview " languagecode="1033" />
          </displaynames>
          <Descriptions>
            <Description description="Specifies whether the referee can be contacted prior to an interview" languagecode="1033" />
          </Descriptions>
        </attribute>
        <attribute PhysicalName="pfc_EffectImpactDisability">
          <Type>ntext</Type>
          <Name>pfc_effectimpactdisability</Name>
          <LogicalName>pfc_effectimpactdisability</LogicalName>
          <RequiredLevel>none</RequiredLevel>
          <DisplayMask>ValidForAdvancedFind|ValidForForm|ValidForGrid</DisplayMask>
          <ImeMode>auto</ImeMode>
          <ValidForUpdateApi>1</ValidForUpdateApi>
          <ValidForReadApi>1</ValidForReadApi>
          <ValidForCreateApi>1</ValidForCreateApi>
          <IsCustomField>1</IsCustomField>
          <IsAuditEnabled>1</IsAuditEnabled>
          <IsSecured>1</IsSecured>
          <IntroducedVersion>1.0.0.0</IntroducedVersion>
          <IsCustomizable>1</IsCustomizable>
          <IsRenameable>1</IsRenameable>
          <CanModifySearchSettings>1</CanModifySearchSettings>
          <CanModifyRequirementLevelSettings>1</CanModifyRequirementLevelSettings>
          <CanModifyAdditionalSettings>1</CanModifyAdditionalSettings>
          <SourceType>0</SourceType>
          <IsGlobalFilterEnabled>0</IsGlobalFilterEnabled>
          <IsSortableEnabled>0</IsSortableEnabled>
          <CanModifyGlobalFilterSettings>1</CanModifyGlobalFilterSettings>
          <CanModifyIsSortableSettings>1</CanModifyIsSortableSettings>
          <IsDataSourceSecret>0</IsDataSourceSecret>
          <AutoNumberFormat></AutoNumberFormat>
          <IsSearchable>0</IsSearchable>
          <IsFilterable>0</IsFilterable>
          <IsRetrievable>0</IsRetrievable>
          <IsLocalizable>0</IsLocalizable>
          <Format></Format>
          <MaxLength>2000</MaxLength>
          <displaynames>
            <displayname description="Effect/Impact Disability" languagecode="1033" />
          </displaynames>
          <Descriptions>
            <Description description="Specifies the the effect or impact of the applicant's disability or health condition on their capacity to give their best at work" languagecode="1033" />
          </Descriptions>
        </attribute>
        <attribute PhysicalName="pfc_EthnicBackground">
          <Type>picklist</Type>
          <Name>pfc_ethnicbackground</Name>
          <LogicalName>pfc_ethnicbackground</LogicalName>
          <RequiredLevel>none</RequiredLevel>
          <DisplayMask>ValidForAdvancedFind|ValidForForm|ValidForGrid</DisplayMask>
          <ImeMode>auto</ImeMode>
          <ValidForUpdateApi>1</ValidForUpdateApi>
          <ValidForReadApi>1</ValidForReadApi>
          <ValidForCreateApi>1</ValidForCreateApi>
          <IsCustomField>1</IsCustomField>
          <IsAuditEnabled>1</IsAuditEnabled>
          <IsSecured>1</IsSecured>
          <IntroducedVersion>1.0.0.0</IntroducedVersion>
          <IsCustomizable>1</IsCustomizable>
          <IsRenameable>1</IsRenameable>
          <CanModifySearchSettings>1</CanModifySearchSettings>
          <CanModifyRequirementLevelSettings>1</CanModifyRequirementLevelSettings>
          <CanModifyAdditionalSettings>1</CanModifyAdditionalSettings>
          <SourceType>0</SourceType>
          <IsGlobalFilterEnabled>0</IsGlobalFilterEnabled>
          <IsSortableEnabled>0</IsSortableEnabled>
          <CanModifyGlobalFilterSettings>1</CanModifyGlobalFilterSettings>
          <CanModifyIsSortableSettings>1</CanModifyIsSortableSettings>
          <IsDataSourceSecret>0</IsDataSourceSecret>
          <AutoNumberFormat></AutoNumberFormat>
          <IsSearchable>0</IsSearchable>
          <IsFilterable>0</IsFilterable>
          <IsRetrievable>0</IsRetrievable>
          <IsLocalizable>0</IsLocalizable>
          <AppDefaultValue>-1</AppDefaultValue>
          <OptionSetName>pfc_ethnicbackground</OptionSetName>
          <displaynames>
            <displayname description="Ethnic Background" languagecode="1033" />
          </displaynames>
          <Descriptions>
            <Description description="Specifies the contact's ethnic background" languagecode="1033" />
          </Descriptions>
        </attribute>
        <attribute PhysicalName="pfc_EthnicBackgroundOther">
          <Type>nvarchar</Type>
          <Name>pfc_ethnicbackgroundother</Name>
          <LogicalName>pfc_ethnicbackgroundother</LogicalName>
          <RequiredLevel>none</RequiredLevel>
          <DisplayMask>ValidForAdvancedFind|ValidForForm|ValidForGrid</DisplayMask>
          <ImeMode>auto</ImeMode>
          <ValidForUpdateApi>1</ValidForUpdateApi>
          <ValidForReadApi>1</ValidForReadApi>
          <ValidForCreateApi>1</ValidForCreateApi>
          <IsCustomField>1</IsCustomField>
          <IsAuditEnabled>1</IsAuditEnabled>
          <IsSecured>1</IsSecured>
          <IntroducedVersion>1.0.0.0</IntroducedVersion>
          <IsCustomizable>1</IsCustomizable>
          <IsRenameable>1</IsRenameable>
          <CanModifySearchSettings>1</CanModifySearchSettings>
          <CanModifyRequirementLevelSettings>1</CanModifyRequirementLevelSettings>
          <CanModifyAdditionalSettings>1</CanModifyAdditionalSettings>
          <SourceType>0</SourceType>
          <IsGlobalFilterEnabled>0</IsGlobalFilterEnabled>
          <IsSortableEnabled>0</IsSortableEnabled>
          <CanModifyGlobalFilterSettings>1</CanModifyGlobalFilterSettings>
          <CanModifyIsSortableSettings>1</CanModifyIsSortableSettings>
          <IsDataSourceSecret>0</IsDataSourceSecret>
          <AutoNumberFormat></AutoNumberFormat>
          <IsSearchable>0</IsSearchable>
          <IsFilterable>0</IsFilterable>
          <IsRetrievable>0</IsRetrievable>
          <IsLocalizable>0</IsLocalizable>
          <Format>text</Format>
          <MaxLength>100</MaxLength>
          <Length>200</Length>
          <displaynames>
            <displayname description="Ethnic Background Other" languagecode="1033" />
          </displaynames>
          <Descriptions>
            <Description description="Specifies the contact's ethnicity if other was selected from ethnic background picklist" languagecode="1033" />
          </Descriptions>
        </attribute>
        <attribute PhysicalName="pfc_ExtendProbationaryPeriod">
          <Type>bit</Type>
          <Name>pfc_extendprobationaryperiod</Name>
          <LogicalName>pfc_extendprobationaryperiod</LogicalName>
          <RequiredLevel>none</RequiredLevel>
          <DisplayMask>ValidForAdvancedFind|ValidForForm|ValidForGrid</DisplayMask>
          <ImeMode>auto</ImeMode>
          <ValidForUpdateApi>1</ValidForUpdateApi>
          <ValidForReadApi>1</ValidForReadApi>
          <ValidForCreateApi>1</ValidForCreateApi>
          <IsCustomField>1</IsCustomField>
          <IsAuditEnabled>1</IsAuditEnabled>
          <IsSecured>0</IsSecured>
          <IntroducedVersion>1.0.0.0</IntroducedVersion>
          <IsCustomizable>1</IsCustomizable>
          <IsRenameable>1</IsRenameable>
          <CanModifySearchSettings>1</CanModifySearchSettings>
          <CanModifyRequirementLevelSettings>1</CanModifyRequirementLevelSettings>
          <CanModifyAdditionalSettings>1</CanModifyAdditionalSettings>
          <SourceType>0</SourceType>
          <IsGlobalFilterEnabled>0</IsGlobalFilterEnabled>
          <IsSortableEnabled>0</IsSortableEnabled>
          <CanModifyGlobalFilterSettings>1</CanModifyGlobalFilterSettings>
          <CanModifyIsSortableSettings>1</CanModifyIsSortableSettings>
          <IsDataSourceSecret>0</IsDataSourceSecret>
          <AutoNumberFormat></AutoNumberFormat>
          <IsSearchable>0</IsSearchable>
          <IsFilterable>0</IsFilterable>
          <IsRetrievable>0</IsRetrievable>
          <IsLocalizable>0</IsLocalizable>
          <AppDefaultValue>0</AppDefaultValue>
          <optionset Name="pfc_contact_extendprobationaryperiod">
            <OptionSetType>bit</OptionSetType>
            <IntroducedVersion>1.0.0.0</IntroducedVersion>
            <IsCustomizable>1</IsCustomizable>
            <displaynames>
              <displayname description="Local Enumeration" languagecode="1033" />
            </displaynames>
            <Descriptions>
              <Description description="Specifies whether the probationary period will be extended" languagecode="1033" />
            </Descriptions>
            <options>
              <option value="1">
                <labels>
                  <label description="Yes" languagecode="1033" />
                </labels>
              </option>
              <option value="0">
                <labels>
                  <label description="No" languagecode="1033" />
                </labels>
              </option>
            </options>
          </optionset>
          <displaynames>
            <displayname description="Extend Probationary Period" languagecode="1033" />
          </displaynames>
          <Descriptions>
            <Description description="Specifies whether the probationary period will be extended" languagecode="1033" />
          </Descriptions>
        </attribute>
        <attribute PhysicalName="pfc_FacebookApplicant">
          <Type>bit</Type>
          <Name>pfc_facebookapplicant</Name>
          <LogicalName>pfc_facebookapplicant</LogicalName>
          <RequiredLevel>none</RequiredLevel>
          <DisplayMask>ValidForAdvancedFind|ValidForForm|ValidForGrid</DisplayMask>
          <ImeMode>auto</ImeMode>
          <ValidForUpdateApi>1</ValidForUpdateApi>
          <ValidForReadApi>1</ValidForReadApi>
          <ValidForCreateApi>1</ValidForCreateApi>
          <IsCustomField>1</IsCustomField>
          <IsAuditEnabled>1</IsAuditEnabled>
          <IsSecured>0</IsSecured>
          <IntroducedVersion>1.0.0.109</IntroducedVersion>
          <IsCustomizable>1</IsCustomizable>
          <IsRenameable>1</IsRenameable>
          <CanModifySearchSettings>1</CanModifySearchSettings>
          <CanModifyRequirementLevelSettings>1</CanModifyRequirementLevelSettings>
          <CanModifyAdditionalSettings>1</CanModifyAdditionalSettings>
          <SourceType>0</SourceType>
          <IsGlobalFilterEnabled>0</IsGlobalFilterEnabled>
          <IsSortableEnabled>0</IsSortableEnabled>
          <CanModifyGlobalFilterSettings>1</CanModifyGlobalFilterSettings>
          <CanModifyIsSortableSettings>1</CanModifyIsSortableSettings>
          <IsDataSourceSecret>0</IsDataSourceSecret>
          <AutoNumberFormat></AutoNumberFormat>
          <IsSearchable>0</IsSearchable>
          <IsFilterable>0</IsFilterable>
          <IsRetrievable>0</IsRetrievable>
          <IsLocalizable>0</IsLocalizable>
          <AppDefaultValue>0</AppDefaultValue>
          <optionset Name="pfc_contact_facebookapplicant">
            <OptionSetType>bit</OptionSetType>
            <IntroducedVersion>1.0.0.109</IntroducedVersion>
            <IsCustomizable>1</IsCustomizable>
            <displaynames>
              <displayname description="Local Enumeration" languagecode="1033" />
            </displaynames>
            <Descriptions>
              <Description description="Specifies whether applicant has been manually imported from Facebook" languagecode="1033" />
            </Descriptions>
            <options>
              <option value="1">
                <labels>
                  <label description="Yes" languagecode="1033" />
                </labels>
              </option>
              <option value="0">
                <labels>
                  <label description="No" languagecode="1033" />
                </labels>
              </option>
            </options>
          </optionset>
          <displaynames>
            <displayname description="Facebook Applicant" languagecode="1033" />
          </displaynames>
          <Descriptions>
            <Description description="Specifies whether applicant has been manually imported from Facebook" languagecode="1033" />
          </Descriptions>
        </attribute>
        <attribute PhysicalName="pfc_FullTimeEducationEndDate">
          <Type>datetime</Type>
          <Name>pfc_fulltimeeducationenddate</Name>
          <LogicalName>pfc_fulltimeeducationenddate</LogicalName>
          <RequiredLevel>none</RequiredLevel>
          <DisplayMask>ValidForAdvancedFind|ValidForForm|ValidForGrid</DisplayMask>
          <ImeMode>auto</ImeMode>
          <ValidForUpdateApi>1</ValidForUpdateApi>
          <ValidForReadApi>1</ValidForReadApi>
          <ValidForCreateApi>1</ValidForCreateApi>
          <IsCustomField>1</IsCustomField>
          <IsAuditEnabled>1</IsAuditEnabled>
          <IsSecured>0</IsSecured>
          <IntroducedVersion>1.0.0.191</IntroducedVersion>
          <IsCustomizable>1</IsCustomizable>
          <IsRenameable>1</IsRenameable>
          <CanModifySearchSettings>1</CanModifySearchSettings>
          <CanModifyRequirementLevelSettings>1</CanModifyRequirementLevelSettings>
          <CanModifyAdditionalSettings>1</CanModifyAdditionalSettings>
          <SourceType>0</SourceType>
          <IsGlobalFilterEnabled>0</IsGlobalFilterEnabled>
          <IsSortableEnabled>0</IsSortableEnabled>
          <CanModifyGlobalFilterSettings>1</CanModifyGlobalFilterSettings>
          <CanModifyIsSortableSettings>1</CanModifyIsSortableSettings>
          <IsDataSourceSecret>0</IsDataSourceSecret>
          <AutoNumberFormat></AutoNumberFormat>
          <IsSearchable>1</IsSearchable>
          <IsFilterable>0</IsFilterable>
          <IsRetrievable>0</IsRetrievable>
          <IsLocalizable>0</IsLocalizable>
          <Format>date</Format>
          <CanChangeDateTimeBehavior>1</CanChangeDateTimeBehavior>
          <Behavior>1</Behavior>
          <displaynames>
            <displayname description="Full-Time Education End Date" languagecode="1033" />
          </displaynames>
          <Descriptions>
            <Description description="Enter the date that you left full-time education for the first time" languagecode="1033" />
          </Descriptions>
        </attribute>
        <attribute PhysicalName="pfc_GenderOther">
          <Type>nvarchar</Type>
          <Name>pfc_genderother</Name>
          <LogicalName>pfc_genderother</LogicalName>
          <RequiredLevel>none</RequiredLevel>
          <DisplayMask>ValidForAdvancedFind|ValidForForm|ValidForGrid</DisplayMask>
          <ImeMode>auto</ImeMode>
          <ValidForUpdateApi>1</ValidForUpdateApi>
          <ValidForReadApi>1</ValidForReadApi>
          <ValidForCreateApi>1</ValidForCreateApi>
          <IsCustomField>1</IsCustomField>
          <IsAuditEnabled>1</IsAuditEnabled>
          <IsSecured>1</IsSecured>
          <IntroducedVersion>1.0.0.0</IntroducedVersion>
          <IsCustomizable>1</IsCustomizable>
          <IsRenameable>1</IsRenameable>
          <CanModifySearchSettings>1</CanModifySearchSettings>
          <CanModifyRequirementLevelSettings>1</CanModifyRequirementLevelSettings>
          <CanModifyAdditionalSettings>1</CanModifyAdditionalSettings>
          <SourceType>0</SourceType>
          <IsGlobalFilterEnabled>0</IsGlobalFilterEnabled>
          <IsSortableEnabled>0</IsSortableEnabled>
          <CanModifyGlobalFilterSettings>1</CanModifyGlobalFilterSettings>
          <CanModifyIsSortableSettings>1</CanModifyIsSortableSettings>
          <IsDataSourceSecret>0</IsDataSourceSecret>
          <AutoNumberFormat></AutoNumberFormat>
          <IsSearchable>0</IsSearchable>
          <IsFilterable>0</IsFilterable>
          <IsRetrievable>0</IsRetrievable>
          <IsLocalizable>0</IsLocalizable>
          <Format>text</Format>
          <MaxLength>100</MaxLength>
          <Length>200</Length>
          <displaynames>
            <displayname description="Gender Other" languagecode="1033" />
          </displaynames>
          <Descriptions>
            <Description description="Specifies the contact's gender if other was selected from gender picklist" languagecode="1033" />
          </Descriptions>
        </attribute>
        <attribute PhysicalName="pfc_ImportanceofTolerance">
          <Type>ntext</Type>
          <Name>pfc_importanceoftolerance</Name>
          <LogicalName>pfc_importanceoftolerance</LogicalName>
          <RequiredLevel>recommended</RequiredLevel>
          <DisplayMask>ValidForAdvancedFind|ValidForForm|ValidForGrid</DisplayMask>
          <ImeMode>auto</ImeMode>
          <ValidForUpdateApi>1</ValidForUpdateApi>
          <ValidForReadApi>1</ValidForReadApi>
          <ValidForCreateApi>1</ValidForCreateApi>
          <IsCustomField>1</IsCustomField>
          <IsAuditEnabled>1</IsAuditEnabled>
          <IsSecured>0</IsSecured>
          <IntroducedVersion>1.0.0.65</IntroducedVersion>
          <IsCustomizable>1</IsCustomizable>
          <IsRenameable>1</IsRenameable>
          <CanModifySearchSettings>1</CanModifySearchSettings>
          <CanModifyRequirementLevelSettings>1</CanModifyRequirementLevelSettings>
          <CanModifyAdditionalSettings>1</CanModifyAdditionalSettings>
          <SourceType>0</SourceType>
          <IsGlobalFilterEnabled>0</IsGlobalFilterEnabled>
          <IsSortableEnabled>0</IsSortableEnabled>
          <CanModifyGlobalFilterSettings>1</CanModifyGlobalFilterSettings>
          <CanModifyIsSortableSettings>1</CanModifyIsSortableSettings>
          <IsDataSourceSecret>0</IsDataSourceSecret>
          <AutoNumberFormat></AutoNumberFormat>
          <IsSearchable>0</IsSearchable>
          <IsFilterable>0</IsFilterable>
          <IsRetrievable>0</IsRetrievable>
          <IsLocalizable>0</IsLocalizable>
          <Format></Format>
          <MaxLength>4000</MaxLength>
          <displaynames>
            <displayname description="Importance of Tolerance" languagecode="1033" />
          </displaynames>
          <Descriptions>
            <Description description="Tell us why it is important to be tolerant in a diverse workplace?" languagecode="1033" />
          </Descriptions>
        </attribute>
        <attribute PhysicalName="pfc_individual_relationshiptype">
          <Type>picklist</Type>
          <Name>pfc_individual_relationshiptype</Name>
          <LogicalName>pfc_individual_relationshiptype</LogicalName>
          <RequiredLevel>none</RequiredLevel>
          <DisplayMask>ValidForAdvancedFind|ValidForForm|ValidForGrid</DisplayMask>
          <ImeMode>auto</ImeMode>
          <ValidForUpdateApi>1</ValidForUpdateApi>
          <ValidForReadApi>1</ValidForReadApi>
          <ValidForCreateApi>1</ValidForCreateApi>
          <IsCustomField>1</IsCustomField>
          <IsAuditEnabled>1</IsAuditEnabled>
          <IsSecured>0</IsSecured>
          <IntroducedVersion>1.0.0.187</IntroducedVersion>
          <IsCustomizable>1</IsCustomizable>
          <IsRenameable>1</IsRenameable>
          <CanModifySearchSettings>1</CanModifySearchSettings>
          <CanModifyRequirementLevelSettings>1</CanModifyRequirementLevelSettings>
          <CanModifyAdditionalSettings>1</CanModifyAdditionalSettings>
          <SourceType>0</SourceType>
          <IsGlobalFilterEnabled>0</IsGlobalFilterEnabled>
          <IsSortableEnabled>0</IsSortableEnabled>
          <CanModifyGlobalFilterSettings>1</CanModifyGlobalFilterSettings>
          <CanModifyIsSortableSettings>1</CanModifyIsSortableSettings>
          <IsDataSourceSecret>0</IsDataSourceSecret>
          <AutoNumberFormat></AutoNumberFormat>
          <IsSearchable>0</IsSearchable>
          <IsFilterable>0</IsFilterable>
          <IsRetrievable>0</IsRetrievable>
          <IsLocalizable>0</IsLocalizable>
          <AppDefaultValue>-1</AppDefaultValue>
          <OptionSetName>pfc_individual_relationshiptype</OptionSetName>
          <displaynames>
            <displayname description="Relationship Type" languagecode="1033" />
          </displaynames>
          <Descriptions>
            <Description description="Select the category that best describes the relationship between the contact and the service-user/individual." languagecode="1033" />
          </Descriptions>
        </attribute>
        <attribute PhysicalName="pfc_JobReference">
          <Type>nvarchar</Type>
          <Name>pfc_jobreference</Name>
          <LogicalName>pfc_jobreference</LogicalName>
          <RequiredLevel>none</RequiredLevel>
          <DisplayMask>ValidForAdvancedFind|ValidForForm|ValidForGrid</DisplayMask>
          <ImeMode>auto</ImeMode>
          <ValidForUpdateApi>1</ValidForUpdateApi>
          <ValidForReadApi>1</ValidForReadApi>
          <ValidForCreateApi>1</ValidForCreateApi>
          <IsCustomField>1</IsCustomField>
          <IsAuditEnabled>1</IsAuditEnabled>
          <IsSecured>0</IsSecured>
          <IntroducedVersion>1.0.0.0</IntroducedVersion>
          <IsCustomizable>1</IsCustomizable>
          <IsRenameable>1</IsRenameable>
          <CanModifySearchSettings>1</CanModifySearchSettings>
          <CanModifyRequirementLevelSettings>1</CanModifyRequirementLevelSettings>
          <CanModifyAdditionalSettings>1</CanModifyAdditionalSettings>
          <SourceType>0</SourceType>
          <IsGlobalFilterEnabled>0</IsGlobalFilterEnabled>
          <IsSortableEnabled>0</IsSortableEnabled>
          <CanModifyGlobalFilterSettings>1</CanModifyGlobalFilterSettings>
          <CanModifyIsSortableSettings>1</CanModifyIsSortableSettings>
          <IsDataSourceSecret>0</IsDataSourceSecret>
          <AutoNumberFormat></AutoNumberFormat>
          <IsSearchable>0</IsSearchable>
          <IsFilterable>0</IsFilterable>
          <IsRetrievable>0</IsRetrievable>
          <IsLocalizable>0</IsLocalizable>
          <Format>text</Format>
          <MaxLength>100</MaxLength>
          <Length>200</Length>
          <displaynames>
            <displayname description="Job Reference" languagecode="1033" />
          </displaynames>
          <Descriptions>
            <Description description="Field for Job Portal form that will be auto-populated" languagecode="1033" />
          </Descriptions>
        </attribute>
        <attribute PhysicalName="pfc_NationalInsuranceNumber">
          <Type>nvarchar</Type>
          <Name>pfc_nationalinsurancenumber</Name>
          <LogicalName>pfc_nationalinsurancenumber</LogicalName>
          <RequiredLevel>none</RequiredLevel>
          <DisplayMask>ValidForAdvancedFind|ValidForForm|ValidForGrid</DisplayMask>
          <ImeMode>auto</ImeMode>
          <ValidForUpdateApi>1</ValidForUpdateApi>
          <ValidForReadApi>1</ValidForReadApi>
          <ValidForCreateApi>1</ValidForCreateApi>
          <IsCustomField>1</IsCustomField>
          <IsAuditEnabled>1</IsAuditEnabled>
          <IsSecured>0</IsSecured>
          <IntroducedVersion>1.0.0.187</IntroducedVersion>
          <IsCustomizable>1</IsCustomizable>
          <IsRenameable>1</IsRenameable>
          <CanModifySearchSettings>1</CanModifySearchSettings>
          <CanModifyRequirementLevelSettings>1</CanModifyRequirementLevelSettings>
          <CanModifyAdditionalSettings>1</CanModifyAdditionalSettings>
          <SourceType>0</SourceType>
          <IsGlobalFilterEnabled>0</IsGlobalFilterEnabled>
          <IsSortableEnabled>0</IsSortableEnabled>
          <CanModifyGlobalFilterSettings>1</CanModifyGlobalFilterSettings>
          <CanModifyIsSortableSettings>1</CanModifyIsSortableSettings>
          <IsDataSourceSecret>0</IsDataSourceSecret>
          <AutoNumberFormat></AutoNumberFormat>
          <IsSearchable>0</IsSearchable>
          <IsFilterable>0</IsFilterable>
          <IsRetrievable>0</IsRetrievable>
          <IsLocalizable>0</IsLocalizable>
          <Format>text</Format>
          <MaxLength>9</MaxLength>
          <Length>18</Length>
          <displaynames>
            <displayname description="National Insurance Number" languagecode="1033" />
          </displaynames>
          <Descriptions>
            <Description description="Enter the contact's NINO" languagecode="1033" />
          </Descriptions>
        </attribute>
        <attribute PhysicalName="pfc_NHSNumber">
          <Type>nvarchar</Type>
          <Name>pfc_nhsnumber</Name>
          <LogicalName>pfc_nhsnumber</LogicalName>
          <RequiredLevel>none</RequiredLevel>
          <DisplayMask>ValidForAdvancedFind|ValidForForm|ValidForGrid</DisplayMask>
          <ImeMode>auto</ImeMode>
          <ValidForUpdateApi>1</ValidForUpdateApi>
          <ValidForReadApi>1</ValidForReadApi>
          <ValidForCreateApi>1</ValidForCreateApi>
          <IsCustomField>1</IsCustomField>
          <IsAuditEnabled>1</IsAuditEnabled>
          <IsSecured>0</IsSecured>
          <IntroducedVersion>1.0.0.187</IntroducedVersion>
          <IsCustomizable>1</IsCustomizable>
          <IsRenameable>1</IsRenameable>
          <CanModifySearchSettings>1</CanModifySearchSettings>
          <CanModifyRequirementLevelSettings>1</CanModifyRequirementLevelSettings>
          <CanModifyAdditionalSettings>1</CanModifyAdditionalSettings>
          <SourceType>0</SourceType>
          <IsGlobalFilterEnabled>0</IsGlobalFilterEnabled>
          <IsSortableEnabled>0</IsSortableEnabled>
          <CanModifyGlobalFilterSettings>1</CanModifyGlobalFilterSettings>
          <CanModifyIsSortableSettings>1</CanModifyIsSortableSettings>
          <IsDataSourceSecret>0</IsDataSourceSecret>
          <AutoNumberFormat></AutoNumberFormat>
          <IsSearchable>0</IsSearchable>
          <IsFilterable>0</IsFilterable>
          <IsRetrievable>0</IsRetrievable>
          <IsLocalizable>0</IsLocalizable>
          <Format>text</Format>
          <MaxLength>10</MaxLength>
          <Length>20</Length>
          <displaynames>
            <displayname description="NHS Number" languagecode="1033" />
          </displaynames>
          <Descriptions>
            <Description description="Enter the contact's unique 10-digit NHS number" languagecode="1033" />
          </Descriptions>
        </attribute>
        <attribute PhysicalName="pfc_NumberofShadowDaysAllocated">
          <Type>int</Type>
          <Name>pfc_numberofshadowdaysallocated</Name>
          <LogicalName>pfc_numberofshadowdaysallocated</LogicalName>
          <RequiredLevel>none</RequiredLevel>
          <DisplayMask>ValidForAdvancedFind|ValidForForm|ValidForGrid</DisplayMask>
          <ImeMode>disabled</ImeMode>
          <ValidForUpdateApi>1</ValidForUpdateApi>
          <ValidForReadApi>1</ValidForReadApi>
          <ValidForCreateApi>1</ValidForCreateApi>
          <IsCustomField>1</IsCustomField>
          <IsAuditEnabled>1</IsAuditEnabled>
          <IsSecured>0</IsSecured>
          <IntroducedVersion>1.0.0.0</IntroducedVersion>
          <IsCustomizable>1</IsCustomizable>
          <IsRenameable>1</IsRenameable>
          <CanModifySearchSettings>1</CanModifySearchSettings>
          <CanModifyRequirementLevelSettings>1</CanModifyRequirementLevelSettings>
          <CanModifyAdditionalSettings>1</CanModifyAdditionalSettings>
          <SourceType>0</SourceType>
          <IsGlobalFilterEnabled>0</IsGlobalFilterEnabled>
          <IsSortableEnabled>0</IsSortableEnabled>
          <CanModifyGlobalFilterSettings>1</CanModifyGlobalFilterSettings>
          <CanModifyIsSortableSettings>1</CanModifyIsSortableSettings>
          <IsDataSourceSecret>0</IsDataSourceSecret>
          <AutoNumberFormat></AutoNumberFormat>
          <IsSearchable>1</IsSearchable>
          <IsFilterable>0</IsFilterable>
          <IsRetrievable>0</IsRetrievable>
          <IsLocalizable>0</IsLocalizable>
          <Format>none</Format>
          <MinValue>-2147483648</MinValue>
          <MaxValue>2147483647</MaxValue>
          <displaynames>
            <displayname description="Number of Shadow Days Allocated" languagecode="1033" />
          </displaynames>
          <Descriptions>
            <Description description="Specifies the number of shadow days allocated to the probationer" languagecode="1033" />
          </Descriptions>
        </attribute>
        <attribute PhysicalName="pfc_ParentAccountId">
          <Type>lookup</Type>
          <Name>pfc_parentaccountid</Name>
          <LogicalName>pfc_parentaccountid</LogicalName>
          <RequiredLevel>none</RequiredLevel>
          <DisplayMask>ValidForAdvancedFind|ValidForForm|ValidForGrid</DisplayMask>
          <ValidForUpdateApi>1</ValidForUpdateApi>
          <ValidForReadApi>1</ValidForReadApi>
          <ValidForCreateApi>1</ValidForCreateApi>
          <IsCustomField>1</IsCustomField>
          <IsAuditEnabled>0</IsAuditEnabled>
          <IsSecured>0</IsSecured>
          <IntroducedVersion>1.0.0.191</IntroducedVersion>
          <IsCustomizable>1</IsCustomizable>
          <IsRenameable>1</IsRenameable>
          <CanModifySearchSettings>1</CanModifySearchSettings>
          <CanModifyRequirementLevelSettings>1</CanModifyRequirementLevelSettings>
          <CanModifyAdditionalSettings>1</CanModifyAdditionalSettings>
          <SourceType>0</SourceType>
          <IsGlobalFilterEnabled>0</IsGlobalFilterEnabled>
          <IsSortableEnabled>0</IsSortableEnabled>
          <CanModifyGlobalFilterSettings>1</CanModifyGlobalFilterSettings>
          <CanModifyIsSortableSettings>1</CanModifyIsSortableSettings>
          <IsDataSourceSecret>0</IsDataSourceSecret>
          <AutoNumberFormat></AutoNumberFormat>
          <IsSearchable>0</IsSearchable>
          <IsFilterable>0</IsFilterable>
          <IsRetrievable>0</IsRetrievable>
          <IsLocalizable>0</IsLocalizable>
          <LookupStyle>single</LookupStyle>
          <LookupTypes />
          <displaynames>
            <displayname description="Parent Account" languagecode="1033" />
          </displaynames>
          <Descriptions>
            <Description description="" languagecode="1033" />
          </Descriptions>
        </attribute>
        <attribute PhysicalName="pfc_PINNo">
          <Type>nvarchar</Type>
          <Name>pfc_pinno</Name>
          <LogicalName>pfc_pinno</LogicalName>
          <RequiredLevel>none</RequiredLevel>
          <DisplayMask>ValidForAdvancedFind|ValidForForm|ValidForGrid</DisplayMask>
          <ImeMode>auto</ImeMode>
          <ValidForUpdateApi>1</ValidForUpdateApi>
          <ValidForReadApi>1</ValidForReadApi>
          <ValidForCreateApi>1</ValidForCreateApi>
          <IsCustomField>1</IsCustomField>
          <IsAuditEnabled>1</IsAuditEnabled>
          <IsSecured>0</IsSecured>
          <IntroducedVersion>1.0.0.0</IntroducedVersion>
          <IsCustomizable>1</IsCustomizable>
          <IsRenameable>1</IsRenameable>
          <CanModifySearchSettings>1</CanModifySearchSettings>
          <CanModifyRequirementLevelSettings>1</CanModifyRequirementLevelSettings>
          <CanModifyAdditionalSettings>1</CanModifyAdditionalSettings>
          <SourceType>0</SourceType>
          <IsGlobalFilterEnabled>0</IsGlobalFilterEnabled>
          <IsSortableEnabled>0</IsSortableEnabled>
          <CanModifyGlobalFilterSettings>1</CanModifyGlobalFilterSettings>
          <CanModifyIsSortableSettings>1</CanModifyIsSortableSettings>
          <IsDataSourceSecret>0</IsDataSourceSecret>
          <AutoNumberFormat></AutoNumberFormat>
          <IsSearchable>0</IsSearchable>
          <IsFilterable>0</IsFilterable>
          <IsRetrievable>0</IsRetrievable>
          <IsLocalizable>0</IsLocalizable>
          <Format>text</Format>
          <MaxLength>100</MaxLength>
          <Length>200</Length>
          <displaynames>
            <displayname description="PIN No" languagecode="1033" />
          </displaynames>
          <Descriptions>
            <Description description="" languagecode="1033" />
          </Descriptions>
        </attribute>
        <attribute PhysicalName="pfc_PositionHeld">
          <Type>nvarchar</Type>
          <Name>pfc_positionheld</Name>
          <LogicalName>pfc_positionheld</LogicalName>
          <RequiredLevel>recommended</RequiredLevel>
          <DisplayMask>ValidForAdvancedFind|ValidForForm|ValidForGrid</DisplayMask>
          <ImeMode>auto</ImeMode>
          <ValidForUpdateApi>1</ValidForUpdateApi>
          <ValidForReadApi>1</ValidForReadApi>
          <ValidForCreateApi>1</ValidForCreateApi>
          <IsCustomField>1</IsCustomField>
          <IsAuditEnabled>1</IsAuditEnabled>
          <IsSecured>0</IsSecured>
          <IntroducedVersion>1.0.0.0</IntroducedVersion>
          <IsCustomizable>1</IsCustomizable>
          <IsRenameable>1</IsRenameable>
          <CanModifySearchSettings>1</CanModifySearchSettings>
          <CanModifyRequirementLevelSettings>1</CanModifyRequirementLevelSettings>
          <CanModifyAdditionalSettings>1</CanModifyAdditionalSettings>
          <SourceType>0</SourceType>
          <IsGlobalFilterEnabled>0</IsGlobalFilterEnabled>
          <IsSortableEnabled>0</IsSortableEnabled>
          <CanModifyGlobalFilterSettings>1</CanModifyGlobalFilterSettings>
          <CanModifyIsSortableSettings>1</CanModifyIsSortableSettings>
          <IsDataSourceSecret>0</IsDataSourceSecret>
          <AutoNumberFormat></AutoNumberFormat>
          <IsSearchable>0</IsSearchable>
          <IsFilterable>0</IsFilterable>
          <IsRetrievable>0</IsRetrievable>
          <IsLocalizable>0</IsLocalizable>
          <Format>text</Format>
          <MaxLength>100</MaxLength>
          <Length>200</Length>
          <displaynames>
            <displayname description="Position Held" languagecode="1033" />
          </displaynames>
          <Descriptions>
            <Description description="Specifies the position that the referee holds/held in relation to the applicant" languagecode="1033" />
          </Descriptions>
        </attribute>
        <attribute PhysicalName="pfc_ProbationaryPeriodEndDate">
          <Type>datetime</Type>
          <Name>pfc_probationaryperiodenddate</Name>
          <LogicalName>pfc_probationaryperiodenddate</LogicalName>
          <RequiredLevel>none</RequiredLevel>
          <DisplayMask>ValidForAdvancedFind|ValidForForm|ValidForGrid</DisplayMask>
          <ImeMode>auto</ImeMode>
          <ValidForUpdateApi>1</ValidForUpdateApi>
          <ValidForReadApi>1</ValidForReadApi>
          <ValidForCreateApi>1</ValidForCreateApi>
          <IsCustomField>1</IsCustomField>
          <IsAuditEnabled>1</IsAuditEnabled>
          <IsSecured>0</IsSecured>
          <IntroducedVersion>1.0.0.0</IntroducedVersion>
          <IsCustomizable>1</IsCustomizable>
          <IsRenameable>1</IsRenameable>
          <CanModifySearchSettings>1</CanModifySearchSettings>
          <CanModifyRequirementLevelSettings>1</CanModifyRequirementLevelSettings>
          <CanModifyAdditionalSettings>1</CanModifyAdditionalSettings>
          <SourceType>0</SourceType>
          <IsGlobalFilterEnabled>0</IsGlobalFilterEnabled>
          <IsSortableEnabled>0</IsSortableEnabled>
          <CanModifyGlobalFilterSettings>1</CanModifyGlobalFilterSettings>
          <CanModifyIsSortableSettings>1</CanModifyIsSortableSettings>
          <IsDataSourceSecret>0</IsDataSourceSecret>
          <AutoNumberFormat></AutoNumberFormat>
          <IsSearchable>1</IsSearchable>
          <IsFilterable>0</IsFilterable>
          <IsRetrievable>0</IsRetrievable>
          <IsLocalizable>0</IsLocalizable>
          <Format>date</Format>
          <CanChangeDateTimeBehavior>1</CanChangeDateTimeBehavior>
          <Behavior>1</Behavior>
          <displaynames>
            <displayname description="Probationary Period End Date" languagecode="1033" />
          </displaynames>
          <Descriptions>
            <Description description="Specifies the end date of the probationary period" languagecode="1033" />
          </Descriptions>
        </attribute>
        <attribute PhysicalName="pfc_ProbationExtensionEndDate">
          <Type>datetime</Type>
          <Name>pfc_probationextensionenddate</Name>
          <LogicalName>pfc_probationextensionenddate</LogicalName>
          <RequiredLevel>none</RequiredLevel>
          <DisplayMask>ValidForAdvancedFind|ValidForForm|ValidForGrid</DisplayMask>
          <ImeMode>auto</ImeMode>
          <ValidForUpdateApi>1</ValidForUpdateApi>
          <ValidForReadApi>1</ValidForReadApi>
          <ValidForCreateApi>1</ValidForCreateApi>
          <IsCustomField>1</IsCustomField>
          <IsAuditEnabled>1</IsAuditEnabled>
          <IsSecured>0</IsSecured>
          <IntroducedVersion>1.0.0.0</IntroducedVersion>
          <IsCustomizable>1</IsCustomizable>
          <IsRenameable>1</IsRenameable>
          <CanModifySearchSettings>1</CanModifySearchSettings>
          <CanModifyRequirementLevelSettings>1</CanModifyRequirementLevelSettings>
          <CanModifyAdditionalSettings>1</CanModifyAdditionalSettings>
          <SourceType>0</SourceType>
          <IsGlobalFilterEnabled>0</IsGlobalFilterEnabled>
          <IsSortableEnabled>0</IsSortableEnabled>
          <CanModifyGlobalFilterSettings>1</CanModifyGlobalFilterSettings>
          <CanModifyIsSortableSettings>1</CanModifyIsSortableSettings>
          <IsDataSourceSecret>0</IsDataSourceSecret>
          <AutoNumberFormat></AutoNumberFormat>
          <IsSearchable>1</IsSearchable>
          <IsFilterable>0</IsFilterable>
          <IsRetrievable>0</IsRetrievable>
          <IsLocalizable>0</IsLocalizable>
          <Format>date</Format>
          <CanChangeDateTimeBehavior>1</CanChangeDateTimeBehavior>
          <Behavior>1</Behavior>
          <displaynames>
            <displayname description="Probation Extension End Date" languagecode="1033" />
          </displaynames>
          <Descriptions>
            <Description description="Specifies the end date of the extended probationary period (if applicable)" languagecode="1033" />
          </Descriptions>
        </attribute>
        <attribute PhysicalName="pfc_ProbationPeriodOutcome">
          <Type>picklist</Type>
          <Name>pfc_probationperiodoutcome</Name>
          <LogicalName>pfc_probationperiodoutcome</LogicalName>
          <RequiredLevel>none</RequiredLevel>
          <DisplayMask>ValidForAdvancedFind|ValidForForm|ValidForGrid</DisplayMask>
          <ImeMode>auto</ImeMode>
          <ValidForUpdateApi>1</ValidForUpdateApi>
          <ValidForReadApi>1</ValidForReadApi>
          <ValidForCreateApi>1</ValidForCreateApi>
          <IsCustomField>1</IsCustomField>
          <IsAuditEnabled>1</IsAuditEnabled>
          <IsSecured>0</IsSecured>
          <IntroducedVersion>1.0.0.0</IntroducedVersion>
          <IsCustomizable>1</IsCustomizable>
          <IsRenameable>1</IsRenameable>
          <CanModifySearchSettings>1</CanModifySearchSettings>
          <CanModifyRequirementLevelSettings>1</CanModifyRequirementLevelSettings>
          <CanModifyAdditionalSettings>1</CanModifyAdditionalSettings>
          <SourceType>0</SourceType>
          <IsGlobalFilterEnabled>0</IsGlobalFilterEnabled>
          <IsSortableEnabled>0</IsSortableEnabled>
          <CanModifyGlobalFilterSettings>1</CanModifyGlobalFilterSettings>
          <CanModifyIsSortableSettings>1</CanModifyIsSortableSettings>
          <IsDataSourceSecret>0</IsDataSourceSecret>
          <AutoNumberFormat></AutoNumberFormat>
          <IsSearchable>0</IsSearchable>
          <IsFilterable>0</IsFilterable>
          <IsRetrievable>0</IsRetrievable>
          <IsLocalizable>0</IsLocalizable>
          <AppDefaultValue>-1</AppDefaultValue>
          <OptionSetName>pfc_probationperiodoutcome</OptionSetName>
          <displaynames>
            <displayname description="Probation Period Outcome" languagecode="1033" />
          </displaynames>
          <Descriptions>
            <Description description="Specifies the outcome of the probationary period" languagecode="1033" />
          </Descriptions>
        </attribute>
        <attribute PhysicalName="pfc_QualifiedRegisteredNurse">
          <Type>bit</Type>
          <Name>pfc_qualifiedregisterednurse</Name>
          <LogicalName>pfc_qualifiedregisterednurse</LogicalName>
          <RequiredLevel>none</RequiredLevel>
          <DisplayMask>ValidForAdvancedFind|ValidForForm|ValidForGrid</DisplayMask>
          <ImeMode>auto</ImeMode>
          <ValidForUpdateApi>1</ValidForUpdateApi>
          <ValidForReadApi>1</ValidForReadApi>
          <ValidForCreateApi>1</ValidForCreateApi>
          <IsCustomField>1</IsCustomField>
          <IsAuditEnabled>1</IsAuditEnabled>
          <IsSecured>0</IsSecured>
          <IntroducedVersion>1.0.0.0</IntroducedVersion>
          <IsCustomizable>1</IsCustomizable>
          <IsRenameable>1</IsRenameable>
          <CanModifySearchSettings>1</CanModifySearchSettings>
          <CanModifyRequirementLevelSettings>1</CanModifyRequirementLevelSettings>
          <CanModifyAdditionalSettings>1</CanModifyAdditionalSettings>
          <SourceType>0</SourceType>
          <IsGlobalFilterEnabled>0</IsGlobalFilterEnabled>
          <IsSortableEnabled>0</IsSortableEnabled>
          <CanModifyGlobalFilterSettings>1</CanModifyGlobalFilterSettings>
          <CanModifyIsSortableSettings>1</CanModifyIsSortableSettings>
          <IsDataSourceSecret>0</IsDataSourceSecret>
          <AutoNumberFormat></AutoNumberFormat>
          <IsSearchable>0</IsSearchable>
          <IsFilterable>0</IsFilterable>
          <IsRetrievable>0</IsRetrievable>
          <IsLocalizable>0</IsLocalizable>
          <AppDefaultValue>0</AppDefaultValue>
          <optionset Name="pfc_contact_qualifiedregisterednurse">
            <OptionSetType>bit</OptionSetType>
            <IntroducedVersion>1.0.0.0</IntroducedVersion>
            <IsCustomizable>1</IsCustomizable>
            <displaynames>
              <displayname description="Local Enumeration" languagecode="1033" />
            </displaynames>
            <Descriptions>
              <Description description="Are you a qualified, currently registered nurse? " languagecode="1033" />
            </Descriptions>
            <options>
              <option value="1">
                <labels>
                  <label description="Yes" languagecode="1033" />
                </labels>
              </option>
              <option value="0">
                <labels>
                  <label description="No" languagecode="1033" />
                </labels>
              </option>
            </options>
          </optionset>
          <displaynames>
            <displayname description="Qualified &amp; Registered Nurse" languagecode="1033" />
          </displaynames>
          <Descriptions>
            <Description description="Are you a qualified, currently registered nurse? " languagecode="1033" />
          </Descriptions>
        </attribute>
        <attribute PhysicalName="pfc_ReasonableAdjustments">
          <Type>picklist</Type>
          <Name>pfc_reasonableadjustments</Name>
          <LogicalName>pfc_reasonableadjustments</LogicalName>
          <RequiredLevel>none</RequiredLevel>
          <DisplayMask>ValidForAdvancedFind|ValidForForm|ValidForGrid</DisplayMask>
          <ImeMode>auto</ImeMode>
          <ValidForUpdateApi>1</ValidForUpdateApi>
          <ValidForReadApi>1</ValidForReadApi>
          <ValidForCreateApi>1</ValidForCreateApi>
          <IsCustomField>1</IsCustomField>
          <IsAuditEnabled>1</IsAuditEnabled>
          <IsSecured>1</IsSecured>
          <IntroducedVersion>1.0.0.109</IntroducedVersion>
          <IsCustomizable>1</IsCustomizable>
          <IsRenameable>1</IsRenameable>
          <CanModifySearchSettings>1</CanModifySearchSettings>
          <CanModifyRequirementLevelSettings>1</CanModifyRequirementLevelSettings>
          <CanModifyAdditionalSettings>1</CanModifyAdditionalSettings>
          <SourceType>0</SourceType>
          <IsGlobalFilterEnabled>0</IsGlobalFilterEnabled>
          <IsSortableEnabled>0</IsSortableEnabled>
          <CanModifyGlobalFilterSettings>1</CanModifyGlobalFilterSettings>
          <CanModifyIsSortableSettings>1</CanModifyIsSortableSettings>
          <IsDataSourceSecret>0</IsDataSourceSecret>
          <AutoNumberFormat></AutoNumberFormat>
          <IsSearchable>0</IsSearchable>
          <IsFilterable>0</IsFilterable>
          <IsRetrievable>0</IsRetrievable>
          <IsLocalizable>0</IsLocalizable>
          <AppDefaultValue>-1</AppDefaultValue>
          <OptionSetName>pfc_progresstofacetofaceinterview</OptionSetName>
          <displaynames>
            <displayname description="Reasonable Adjustments" languagecode="1033" />
          </displaynames>
          <Descriptions>
            <Description description="" languagecode="1033" />
          </Descriptions>
        </attribute>
        <attribute PhysicalName="pfc_ReasonableAdjustmentsInfo">
          <Type>ntext</Type>
          <Name>pfc_reasonableadjustmentsinfo</Name>
          <LogicalName>pfc_reasonableadjustmentsinfo</LogicalName>
          <RequiredLevel>none</RequiredLevel>
          <DisplayMask>ValidForAdvancedFind|ValidForForm|ValidForGrid</DisplayMask>
          <ImeMode>auto</ImeMode>
          <ValidForUpdateApi>1</ValidForUpdateApi>
          <ValidForReadApi>1</ValidForReadApi>
          <ValidForCreateApi>1</ValidForCreateApi>
          <IsCustomField>1</IsCustomField>
          <IsAuditEnabled>1</IsAuditEnabled>
          <IsSecured>1</IsSecured>
          <IntroducedVersion>1.0.0.109</IntroducedVersion>
          <IsCustomizable>1</IsCustomizable>
          <IsRenameable>1</IsRenameable>
          <CanModifySearchSettings>1</CanModifySearchSettings>
          <CanModifyRequirementLevelSettings>1</CanModifyRequirementLevelSettings>
          <CanModifyAdditionalSettings>1</CanModifyAdditionalSettings>
          <SourceType>0</SourceType>
          <IsGlobalFilterEnabled>0</IsGlobalFilterEnabled>
          <IsSortableEnabled>0</IsSortableEnabled>
          <CanModifyGlobalFilterSettings>1</CanModifyGlobalFilterSettings>
          <CanModifyIsSortableSettings>1</CanModifyIsSortableSettings>
          <IsDataSourceSecret>0</IsDataSourceSecret>
          <AutoNumberFormat></AutoNumberFormat>
          <IsSearchable>0</IsSearchable>
          <IsFilterable>0</IsFilterable>
          <IsRetrievable>0</IsRetrievable>
          <IsLocalizable>0</IsLocalizable>
          <Format></Format>
          <MaxLength>2000</MaxLength>
          <displaynames>
            <displayname description="Reasonable Adjustments Info" languagecode="1033" />
          </displaynames>
          <Descriptions>
            <Description description="Specifies what would be needed in terms of reasonable adjustments" languagecode="1033" />
          </Descriptions>
        </attribute>
        <attribute PhysicalName="pfc_RefereeType">
          <Type>picklist</Type>
          <Name>pfc_refereetype</Name>
          <LogicalName>pfc_refereetype</LogicalName>
          <RequiredLevel>required</RequiredLevel>
          <DisplayMask>ValidForAdvancedFind|ValidForForm|ValidForGrid</DisplayMask>
          <ImeMode>auto</ImeMode>
          <ValidForUpdateApi>1</ValidForUpdateApi>
          <ValidForReadApi>1</ValidForReadApi>
          <ValidForCreateApi>1</ValidForCreateApi>
          <IsCustomField>1</IsCustomField>
          <IsAuditEnabled>1</IsAuditEnabled>
          <IsSecured>0</IsSecured>
          <IntroducedVersion>1.0.0.191</IntroducedVersion>
          <IsCustomizable>1</IsCustomizable>
          <IsRenameable>1</IsRenameable>
          <CanModifySearchSettings>1</CanModifySearchSettings>
          <CanModifyRequirementLevelSettings>1</CanModifyRequirementLevelSettings>
          <CanModifyAdditionalSettings>1</CanModifyAdditionalSettings>
          <SourceType>0</SourceType>
          <IsGlobalFilterEnabled>0</IsGlobalFilterEnabled>
          <IsSortableEnabled>0</IsSortableEnabled>
          <CanModifyGlobalFilterSettings>1</CanModifyGlobalFilterSettings>
          <CanModifyIsSortableSettings>1</CanModifyIsSortableSettings>
          <IsDataSourceSecret>0</IsDataSourceSecret>
          <AutoNumberFormat></AutoNumberFormat>
          <IsSearchable>0</IsSearchable>
          <IsFilterable>0</IsFilterable>
          <IsRetrievable>0</IsRetrievable>
          <IsLocalizable>0</IsLocalizable>
          <AppDefaultValue>-1</AppDefaultValue>
          <OptionSetName>pfc_refereetype</OptionSetName>
          <displaynames>
            <displayname description="Referee Type" languagecode="1033" />
          </displaynames>
          <Descriptions>
            <Description description="Specifies the type of referee in relation to the applicant" languagecode="1033" />
          </Descriptions>
        </attribute>
        <attribute PhysicalName="pfc_RegistrationExpiryDate">
          <Type>datetime</Type>
          <Name>pfc_registrationexpirydate</Name>
          <LogicalName>pfc_registrationexpirydate</LogicalName>
          <RequiredLevel>none</RequiredLevel>
          <DisplayMask>ValidForAdvancedFind|ValidForForm|ValidForGrid</DisplayMask>
          <ImeMode>auto</ImeMode>
          <ValidForUpdateApi>1</ValidForUpdateApi>
          <ValidForReadApi>1</ValidForReadApi>
          <ValidForCreateApi>1</ValidForCreateApi>
          <IsCustomField>1</IsCustomField>
          <IsAuditEnabled>1</IsAuditEnabled>
          <IsSecured>0</IsSecured>
          <IntroducedVersion>1.0.0.0</IntroducedVersion>
          <IsCustomizable>1</IsCustomizable>
          <IsRenameable>1</IsRenameable>
          <CanModifySearchSettings>1</CanModifySearchSettings>
          <CanModifyRequirementLevelSettings>1</CanModifyRequirementLevelSettings>
          <CanModifyAdditionalSettings>1</CanModifyAdditionalSettings>
          <SourceType>0</SourceType>
          <IsGlobalFilterEnabled>0</IsGlobalFilterEnabled>
          <IsSortableEnabled>0</IsSortableEnabled>
          <CanModifyGlobalFilterSettings>1</CanModifyGlobalFilterSettings>
          <CanModifyIsSortableSettings>1</CanModifyIsSortableSettings>
          <IsDataSourceSecret>0</IsDataSourceSecret>
          <AutoNumberFormat></AutoNumberFormat>
          <IsSearchable>1</IsSearchable>
          <IsFilterable>0</IsFilterable>
          <IsRetrievable>0</IsRetrievable>
          <IsLocalizable>0</IsLocalizable>
          <Format>date</Format>
          <CanChangeDateTimeBehavior>1</CanChangeDateTimeBehavior>
          <Behavior>1</Behavior>
          <displaynames>
            <displayname description="Registration Expiry Date" languagecode="1033" />
          </displaynames>
          <Descriptions>
            <Description description="Specifies the expiry date of the applicants registered nurse status" languagecode="1033" />
          </Descriptions>
        </attribute>
        <attribute PhysicalName="pfc_relatedtoanybodyworkingforthecompany">
          <Type>bit</Type>
          <Name>pfc_relatedtoanybodyworkingforthecompany</Name>
          <LogicalName>pfc_relatedtoanybodyworkingforthecompany</LogicalName>
          <RequiredLevel>none</RequiredLevel>
          <DisplayMask>ValidForAdvancedFind|ValidForForm|ValidForGrid</DisplayMask>
          <ImeMode>auto</ImeMode>
          <ValidForUpdateApi>1</ValidForUpdateApi>
          <ValidForReadApi>1</ValidForReadApi>
          <ValidForCreateApi>1</ValidForCreateApi>
          <IsCustomField>1</IsCustomField>
          <IsAuditEnabled>1</IsAuditEnabled>
          <IsSecured>0</IsSecured>
          <IntroducedVersion>1.0.0.67</IntroducedVersion>
          <IsCustomizable>1</IsCustomizable>
          <IsRenameable>1</IsRenameable>
          <CanModifySearchSettings>1</CanModifySearchSettings>
          <CanModifyRequirementLevelSettings>1</CanModifyRequirementLevelSettings>
          <CanModifyAdditionalSettings>1</CanModifyAdditionalSettings>
          <SourceType>0</SourceType>
          <IsGlobalFilterEnabled>0</IsGlobalFilterEnabled>
          <IsSortableEnabled>0</IsSortableEnabled>
          <CanModifyGlobalFilterSettings>1</CanModifyGlobalFilterSettings>
          <CanModifyIsSortableSettings>1</CanModifyIsSortableSettings>
          <IsDataSourceSecret>0</IsDataSourceSecret>
          <AutoNumberFormat></AutoNumberFormat>
          <IsSearchable>0</IsSearchable>
          <IsFilterable>0</IsFilterable>
          <IsRetrievable>0</IsRetrievable>
          <IsLocalizable>0</IsLocalizable>
          <AppDefaultValue>0</AppDefaultValue>
          <optionset Name="pfc_contact_relatedtoanybodyworkingforthecompany">
            <OptionSetType>bit</OptionSetType>
            <IntroducedVersion>1.0.0.67</IntroducedVersion>
            <IsCustomizable>1</IsCustomizable>
            <displaynames>
              <displayname description="Local Enumeration" languagecode="1033" />
            </displaynames>
            <Descriptions>
              <Description description="Specifies whether the applicant has any relatives that already work for PFC" languagecode="1033" />
            </Descriptions>
            <options>
              <option value="1">
                <labels>
                  <label description="Yes" languagecode="1033" />
                </labels>
              </option>
              <option value="0">
                <labels>
                  <label description="No" languagecode="1033" />
                </labels>
              </option>
            </options>
          </optionset>
          <displaynames>
            <displayname description="Are you related to anybody working for the company" languagecode="1033" />
          </displaynames>
          <Descriptions>
            <Description description="Specifies whether the applicant has any relatives that already work for PFC" languagecode="1033" />
          </Descriptions>
        </attribute>
        <attribute PhysicalName="pfc_ReligiousBelief">
          <Type>picklist</Type>
          <Name>pfc_religiousbelief</Name>
          <LogicalName>pfc_religiousbelief</LogicalName>
          <RequiredLevel>none</RequiredLevel>
          <DisplayMask>ValidForAdvancedFind|ValidForForm|ValidForGrid</DisplayMask>
          <ImeMode>auto</ImeMode>
          <ValidForUpdateApi>1</ValidForUpdateApi>
          <ValidForReadApi>1</ValidForReadApi>
          <ValidForCreateApi>1</ValidForCreateApi>
          <IsCustomField>1</IsCustomField>
          <IsAuditEnabled>1</IsAuditEnabled>
          <IsSecured>1</IsSecured>
          <IntroducedVersion>1.0.0.0</IntroducedVersion>
          <IsCustomizable>1</IsCustomizable>
          <IsRenameable>1</IsRenameable>
          <CanModifySearchSettings>1</CanModifySearchSettings>
          <CanModifyRequirementLevelSettings>1</CanModifyRequirementLevelSettings>
          <CanModifyAdditionalSettings>1</CanModifyAdditionalSettings>
          <SourceType>0</SourceType>
          <IsGlobalFilterEnabled>0</IsGlobalFilterEnabled>
          <IsSortableEnabled>0</IsSortableEnabled>
          <CanModifyGlobalFilterSettings>1</CanModifyGlobalFilterSettings>
          <CanModifyIsSortableSettings>1</CanModifyIsSortableSettings>
          <IsDataSourceSecret>0</IsDataSourceSecret>
          <AutoNumberFormat></AutoNumberFormat>
          <IsSearchable>0</IsSearchable>
          <IsFilterable>0</IsFilterable>
          <IsRetrievable>0</IsRetrievable>
          <IsLocalizable>0</IsLocalizable>
          <AppDefaultValue>-1</AppDefaultValue>
          <OptionSetName>pfc_religion</OptionSetName>
          <displaynames>
            <displayname description="Religious Belief" languagecode="1033" />
          </displaynames>
          <Descriptions>
            <Description description="Specifies the contact's religious belief" languagecode="1033" />
          </Descriptions>
        </attribute>
        <attribute PhysicalName="pfc_ReligiousBeliefOther">
          <Type>nvarchar</Type>
          <Name>pfc_religiousbeliefother</Name>
          <LogicalName>pfc_religiousbeliefother</LogicalName>
          <RequiredLevel>none</RequiredLevel>
          <DisplayMask>ValidForAdvancedFind|ValidForForm|ValidForGrid</DisplayMask>
          <ImeMode>auto</ImeMode>
          <ValidForUpdateApi>1</ValidForUpdateApi>
          <ValidForReadApi>1</ValidForReadApi>
          <ValidForCreateApi>1</ValidForCreateApi>
          <IsCustomField>1</IsCustomField>
          <IsAuditEnabled>1</IsAuditEnabled>
          <IsSecured>1</IsSecured>
          <IntroducedVersion>1.0.0.0</IntroducedVersion>
          <IsCustomizable>1</IsCustomizable>
          <IsRenameable>1</IsRenameable>
          <CanModifySearchSettings>1</CanModifySearchSettings>
          <CanModifyRequirementLevelSettings>1</CanModifyRequirementLevelSettings>
          <CanModifyAdditionalSettings>1</CanModifyAdditionalSettings>
          <SourceType>0</SourceType>
          <IsGlobalFilterEnabled>0</IsGlobalFilterEnabled>
          <IsSortableEnabled>0</IsSortableEnabled>
          <CanModifyGlobalFilterSettings>1</CanModifyGlobalFilterSettings>
          <CanModifyIsSortableSettings>1</CanModifyIsSortableSettings>
          <IsDataSourceSecret>0</IsDataSourceSecret>
          <AutoNumberFormat></AutoNumberFormat>
          <IsSearchable>0</IsSearchable>
          <IsFilterable>0</IsFilterable>
          <IsRetrievable>0</IsRetrievable>
          <IsLocalizable>0</IsLocalizable>
          <Format>text</Format>
          <MaxLength>100</MaxLength>
          <Length>200</Length>
          <displaynames>
            <displayname description="Religious Belief Other" languagecode="1033" />
          </displaynames>
          <Descriptions>
            <Description description="" languagecode="1033" />
          </Descriptions>
        </attribute>
        <attribute PhysicalName="pfc_SexualOrientation">
          <Type>picklist</Type>
          <Name>pfc_sexualorientation</Name>
          <LogicalName>pfc_sexualorientation</LogicalName>
          <RequiredLevel>none</RequiredLevel>
          <DisplayMask>ValidForAdvancedFind|ValidForForm|ValidForGrid</DisplayMask>
          <ImeMode>auto</ImeMode>
          <ValidForUpdateApi>1</ValidForUpdateApi>
          <ValidForReadApi>1</ValidForReadApi>
          <ValidForCreateApi>1</ValidForCreateApi>
          <IsCustomField>1</IsCustomField>
          <IsAuditEnabled>1</IsAuditEnabled>
          <IsSecured>1</IsSecured>
          <IntroducedVersion>1.0.0.0</IntroducedVersion>
          <IsCustomizable>1</IsCustomizable>
          <IsRenameable>1</IsRenameable>
          <CanModifySearchSettings>1</CanModifySearchSettings>
          <CanModifyRequirementLevelSettings>1</CanModifyRequirementLevelSettings>
          <CanModifyAdditionalSettings>1</CanModifyAdditionalSettings>
          <SourceType>0</SourceType>
          <IsGlobalFilterEnabled>0</IsGlobalFilterEnabled>
          <IsSortableEnabled>0</IsSortableEnabled>
          <CanModifyGlobalFilterSettings>1</CanModifyGlobalFilterSettings>
          <CanModifyIsSortableSettings>1</CanModifyIsSortableSettings>
          <IsDataSourceSecret>0</IsDataSourceSecret>
          <AutoNumberFormat></AutoNumberFormat>
          <IsSearchable>0</IsSearchable>
          <IsFilterable>0</IsFilterable>
          <IsRetrievable>0</IsRetrievable>
          <IsLocalizable>0</IsLocalizable>
          <AppDefaultValue>-1</AppDefaultValue>
          <OptionSetName>pfc_sexualorientation</OptionSetName>
          <displaynames>
            <displayname description="Sexual Orientation" languagecode="1033" />
          </displaynames>
          <Descriptions>
            <Description description="Specifies the sexual orientation of the contact" languagecode="1033" />
          </Descriptions>
        </attribute>
        <attribute PhysicalName="pfc_SexualOrientationOther">
          <Type>nvarchar</Type>
          <Name>pfc_sexualorientationother</Name>
          <LogicalName>pfc_sexualorientationother</LogicalName>
          <RequiredLevel>none</RequiredLevel>
          <DisplayMask>ValidForAdvancedFind|ValidForForm|ValidForGrid</DisplayMask>
          <ImeMode>auto</ImeMode>
          <ValidForUpdateApi>1</ValidForUpdateApi>
          <ValidForReadApi>1</ValidForReadApi>
          <ValidForCreateApi>1</ValidForCreateApi>
          <IsCustomField>1</IsCustomField>
          <IsAuditEnabled>1</IsAuditEnabled>
          <IsSecured>1</IsSecured>
          <IntroducedVersion>1.0.0.0</IntroducedVersion>
          <IsCustomizable>1</IsCustomizable>
          <IsRenameable>1</IsRenameable>
          <CanModifySearchSettings>1</CanModifySearchSettings>
          <CanModifyRequirementLevelSettings>1</CanModifyRequirementLevelSettings>
          <CanModifyAdditionalSettings>1</CanModifyAdditionalSettings>
          <SourceType>0</SourceType>
          <IsGlobalFilterEnabled>0</IsGlobalFilterEnabled>
          <IsSortableEnabled>0</IsSortableEnabled>
          <CanModifyGlobalFilterSettings>1</CanModifyGlobalFilterSettings>
          <CanModifyIsSortableSettings>1</CanModifyIsSortableSettings>
          <IsDataSourceSecret>0</IsDataSourceSecret>
          <AutoNumberFormat></AutoNumberFormat>
          <IsSearchable>0</IsSearchable>
          <IsFilterable>0</IsFilterable>
          <IsRetrievable>0</IsRetrievable>
          <IsLocalizable>0</IsLocalizable>
          <Format>text</Format>
          <MaxLength>100</MaxLength>
          <Length>200</Length>
          <displaynames>
            <displayname description="Sexual Orientation Other" languagecode="1033" />
          </displaynames>
          <Descriptions>
            <Description description="" languagecode="1033" />
          </Descriptions>
        </attribute>
        <attribute PhysicalName="pfc_Site">
          <Type>lookup</Type>
          <Name>pfc_site</Name>
          <LogicalName>pfc_site</LogicalName>
          <RequiredLevel>none</RequiredLevel>
          <DisplayMask>ValidForAdvancedFind|ValidForForm|ValidForGrid</DisplayMask>
          <ValidForUpdateApi>1</ValidForUpdateApi>
          <ValidForReadApi>1</ValidForReadApi>
          <ValidForCreateApi>1</ValidForCreateApi>
          <IsCustomField>1</IsCustomField>
          <IsAuditEnabled>0</IsAuditEnabled>
          <IsSecured>0</IsSecured>
          <IntroducedVersion>1.0.0.187</IntroducedVersion>
          <IsCustomizable>1</IsCustomizable>
          <IsRenameable>1</IsRenameable>
          <CanModifySearchSettings>1</CanModifySearchSettings>
          <CanModifyRequirementLevelSettings>1</CanModifyRequirementLevelSettings>
          <CanModifyAdditionalSettings>1</CanModifyAdditionalSettings>
          <SourceType>0</SourceType>
          <IsGlobalFilterEnabled>0</IsGlobalFilterEnabled>
          <IsSortableEnabled>0</IsSortableEnabled>
          <CanModifyGlobalFilterSettings>1</CanModifyGlobalFilterSettings>
          <CanModifyIsSortableSettings>1</CanModifyIsSortableSettings>
          <IsDataSourceSecret>0</IsDataSourceSecret>
          <AutoNumberFormat></AutoNumberFormat>
          <IsSearchable>0</IsSearchable>
          <IsFilterable>0</IsFilterable>
          <IsRetrievable>0</IsRetrievable>
          <IsLocalizable>0</IsLocalizable>
          <LookupStyle>single</LookupStyle>
          <LookupTypes />
          <displaynames>
            <displayname description="Site" languagecode="1033" />
          </displaynames>
          <Descriptions>
            <Description description="Defines the site where the contact is based" languagecode="1033" />
          </Descriptions>
        </attribute>
        <attribute PhysicalName="PreferredContactMethodCode">
          <Type>picklist</Type>
          <Name>preferredcontactmethodcode</Name>
          <LogicalName>preferredcontactmethodcode</LogicalName>
          <RequiredLevel>recommended</RequiredLevel>
          <DisplayMask>ValidForAdvancedFind|ValidForForm|ValidForGrid</DisplayMask>
          <ImeMode>auto</ImeMode>
          <ValidForUpdateApi>1</ValidForUpdateApi>
          <ValidForReadApi>1</ValidForReadApi>
          <ValidForCreateApi>1</ValidForCreateApi>
          <IsCustomField>0</IsCustomField>
          <IsAuditEnabled>1</IsAuditEnabled>
          <IsSecured>0</IsSecured>
          <IntroducedVersion>5.0.0.0</IntroducedVersion>
          <SourceType>0</SourceType>
          <IsGlobalFilterEnabled>1</IsGlobalFilterEnabled>
          <IsSortableEnabled>0</IsSortableEnabled>
          <IsDataSourceSecret>0</IsDataSourceSecret>
          <AutoNumberFormat></AutoNumberFormat>
          <IsSearchable>0</IsSearchable>
          <IsFilterable>0</IsFilterable>
          <IsRetrievable>0</IsRetrievable>
          <IsLocalizable>0</IsLocalizable>
          <AppDefaultValue>1</AppDefaultValue>
          <optionset Name="contact_preferredcontactmethodcode">
            <OptionSetType>picklist</OptionSetType>
            <IntroducedVersion>5.0.0.0</IntroducedVersion>
            <displaynames>
              <displayname description="Preferred Method of Contact" languagecode="1033" />
            </displaynames>
            <Descriptions>
              <Description description="Preferred contact method for the contact." languagecode="1033" />
            </Descriptions>
            <options>
              <option value="1">
                <labels>
                  <label description="Any" languagecode="1033" />
                </labels>
              </option>
              <option value="2">
                <labels>
                  <label description="Email" languagecode="1033" />
                </labels>
              </option>
              <option value="3">
                <labels>
                  <label description="Phone" languagecode="1033" />
                </labels>
              </option>
            </options>
          </optionset>
          <displaynames>
            <displayname description="Preferred Method of Contact" languagecode="1033" />
          </displaynames>
          <Descriptions>
            <Description description="Select the preferred method of contact." languagecode="1033" />
          </Descriptions>
        </attribute>
        <attribute PhysicalName="StateCode">
          <Type>state</Type>
          <Name>statecode</Name>
          <LogicalName>statecode</LogicalName>
          <RequiredLevel>systemrequired</RequiredLevel>
          <DisplayMask>ValidForAdvancedFind|ValidForForm|ValidForGrid</DisplayMask>
          <ImeMode>auto</ImeMode>
          <ValidForUpdateApi>1</ValidForUpdateApi>
          <ValidForReadApi>1</ValidForReadApi>
          <ValidForCreateApi>1</ValidForCreateApi>
          <IsCustomField>0</IsCustomField>
          <IsAuditEnabled>1</IsAuditEnabled>
          <IsSecured>0</IsSecured>
          <IntroducedVersion>5.0.0.0</IntroducedVersion>
          <SourceType>0</SourceType>
          <IsGlobalFilterEnabled>0</IsGlobalFilterEnabled>
          <IsSortableEnabled>0</IsSortableEnabled>
          <IsDataSourceSecret>0</IsDataSourceSecret>
          <AutoNumberFormat></AutoNumberFormat>
          <IsSearchable>0</IsSearchable>
          <IsFilterable>1</IsFilterable>
          <IsRetrievable>0</IsRetrievable>
          <IsLocalizable>0</IsLocalizable>
          <optionset Name="contact_statecode">
            <OptionSetType>state</OptionSetType>
            <IntroducedVersion>5.0.0.0</IntroducedVersion>
            <displaynames>
              <displayname description="Status" languagecode="1033" />
            </displaynames>
            <Descriptions>
              <Description description="Status of the contact." languagecode="1033" />
            </Descriptions>
            <states>
              <state value="0" defaultstatus="229330000" invariantname="Active">
                <labels>
                  <label description="Active" languagecode="1033" />
                </labels>
              </state>
              <state value="1" defaultstatus="2" invariantname="Inactive">
                <labels>
                  <label description="Inactive" languagecode="1033" />
                </labels>
              </state>
            </states>
          </optionset>
          <displaynames>
            <displayname description="Status" languagecode="1033" />
          </displaynames>
          <Descriptions>
            <Description description="Shows whether the contact is active or inactive. Inactive contacts are read-only and can't be edited unless they are reactivated." languagecode="1033" />
          </Descriptions>
        </attribute>
        <attribute PhysicalName="StatusCode">
          <Type>status</Type>
          <Name>statuscode</Name>
          <LogicalName>statuscode</LogicalName>
          <RequiredLevel>none</RequiredLevel>
          <DisplayMask>ValidForAdvancedFind|ValidForForm|ValidForGrid</DisplayMask>
          <ImeMode>auto</ImeMode>
          <ValidForUpdateApi>1</ValidForUpdateApi>
          <ValidForReadApi>1</ValidForReadApi>
          <ValidForCreateApi>1</ValidForCreateApi>
          <IsCustomField>0</IsCustomField>
          <IsAuditEnabled>1</IsAuditEnabled>
          <IsSecured>0</IsSecured>
          <IntroducedVersion>5.0.0.0</IntroducedVersion>
          <SourceType>0</SourceType>
          <IsGlobalFilterEnabled>0</IsGlobalFilterEnabled>
          <IsSortableEnabled>0</IsSortableEnabled>
          <IsDataSourceSecret>0</IsDataSourceSecret>
          <AutoNumberFormat></AutoNumberFormat>
          <IsSearchable>0</IsSearchable>
          <IsFilterable>0</IsFilterable>
          <IsRetrievable>0</IsRetrievable>
          <IsLocalizable>0</IsLocalizable>
          <optionset Name="contact_statuscode">
            <OptionSetType>status</OptionSetType>
            <IntroducedVersion>5.0.0.0</IntroducedVersion>
            <displaynames>
              <displayname description="Status Reason" languagecode="1033" />
            </displaynames>
            <Descriptions>
              <Description description="Reason for the status of the contact." languagecode="1033" />
            </Descriptions>
            <statuses>
              <status value="1" state="0" TransitionData="" Color="#0000ff">
                <labels>
                  <label description="Active" languagecode="1033" />
                </labels>
              </status>
              <status value="229330000" state="0" TransitionData="" Color="#0000ff">
                <labels>
                  <label description="Education" languagecode="1033" />
                </labels>
              </status>
              <status value="2" state="1" TransitionData="" Color="#0000ff">
                <labels>
                  <label description="Inactive" languagecode="1033" />
                </labels>
              </status>
            </statuses>
          </optionset>
          <displaynames>
            <displayname description="Status Reason" languagecode="1033" />
          </displaynames>
          <Descriptions>
            <Description description="Select the contact's status." languagecode="1033" />
          </Descriptions>
        </attribute>
        <attribute PhysicalName="Telephone1">
          <Type>nvarchar</Type>
          <Name>telephone1</Name>
          <LogicalName>telephone1</LogicalName>
          <RequiredLevel>none</RequiredLevel>
          <DisplayMask>ValidForAdvancedFind|ValidForForm|ValidForGrid</DisplayMask>
          <ImeMode>inactive</ImeMode>
          <ValidForUpdateApi>1</ValidForUpdateApi>
          <ValidForReadApi>1</ValidForReadApi>
          <ValidForCreateApi>1</ValidForCreateApi>
          <IsCustomField>0</IsCustomField>
          <IsAuditEnabled>1</IsAuditEnabled>
          <IsSecured>0</IsSecured>
          <IntroducedVersion>5.0.0.0</IntroducedVersion>
          <SourceType>0</SourceType>
          <IsGlobalFilterEnabled>0</IsGlobalFilterEnabled>
          <IsSortableEnabled>0</IsSortableEnabled>
          <IsDataSourceSecret>0</IsDataSourceSecret>
          <AutoNumberFormat></AutoNumberFormat>
          <IsSearchable>1</IsSearchable>
          <IsFilterable>0</IsFilterable>
          <IsRetrievable>1</IsRetrievable>
          <IsLocalizable>0</IsLocalizable>
          <Format>phone</Format>
          <MaxLength>50</MaxLength>
          <Length>100</Length>
          <displaynames>
            <displayname description="Main Phone" languagecode="1033" />
          </displaynames>
          <Descriptions>
            <Description description="Type the main phone number for this contact." languagecode="1033" />
          </Descriptions>
        </attribute>
      </attributes>
      <EntitySetName>contacts</EntitySetName>
      <IsDuplicateCheckSupported>1</IsDuplicateCheckSupported>
      <IsBusinessProcessEnabled>1</IsBusinessProcessEnabled>
      <IsRequiredOffline>0</IsRequiredOffline>
      <IsInteractionCentricEnabled>1</IsInteractionCentricEnabled>
      <IsCollaboration>0</IsCollaboration>
      <AutoRouteToOwnerQueue>0</AutoRouteToOwnerQueue>
      <IsConnectionsEnabled>1</IsConnectionsEnabled>
      <EntityColor>#005088</EntityColor>
      <IsDocumentManagementEnabled>1</IsDocumentManagementEnabled>
      <AutoCreateAccessTeams>0</AutoCreateAccessTeams>
      <IsOneNoteIntegrationEnabled>1</IsOneNoteIntegrationEnabled>
      <IsKnowledgeManagementEnabled>0</IsKnowledgeManagementEnabled>
      <IsSLAEnabled>0</IsSLAEnabled>
      <IsDocumentRecommendationsEnabled>0</IsDocumentRecommendationsEnabled>
      <IsBPFEntity>0</IsBPFEntity>
      <OwnershipTypeMask>UserOwned</OwnershipTypeMask>
      <EntityMask>ActivityPointer</EntityMask>
      <IsAuditEnabled>0</IsAuditEnabled>
      <IsRetrieveAuditEnabled>0</IsRetrieveAuditEnabled>
      <IsRetrieveMultipleAuditEnabled>0</IsRetrieveMultipleAuditEnabled>
      <IsActivity>0</IsActivity>
      <ActivityTypeMask></ActivityTypeMask>
      <IsActivityParty>1</IsActivityParty>
      <IsReplicated>1</IsReplicated>
      <IsReplicationUserFiltered>1</IsReplicationUserFiltered>
      <IsMailMergeEnabled>1</IsMailMergeEnabled>
      <IsVisibleInMobile>1</IsVisibleInMobile>
      <IsVisibleInMobileClient>1</IsVisibleInMobileClient>
      <IsReadOnlyInMobileClient>0</IsReadOnlyInMobileClient>
      <IsOfflineInMobileClient>1</IsOfflineInMobileClient>
      <DaysSinceRecordLastModified>10</DaysSinceRecordLastModified>
      <MobileOfflineFilters>
		&lt;fetch version="1.0" output-format="xml-platform" mapping="logical" distinct="false"&gt;
			&lt;entity name="contact"&gt;
				&lt;filter type="and"&gt;
					&lt;condition attribute="modifiedon" operator="last-x-days" value="10"/&gt;
				&lt;/filter&gt;
			&lt;/entity&gt;
		&lt;/fetch&gt;
		</MobileOfflineFilters>
      <IsMapiGridEnabled>1</IsMapiGridEnabled>
      <IsReadingPaneEnabled>1</IsReadingPaneEnabled>
      <IsQuickCreateEnabled>1</IsQuickCreateEnabled>
      <SyncToExternalSearchIndex>1</SyncToExternalSearchIndex>
      <IntroducedVersion>5.0.0.0</IntroducedVersion>
      <EnforceStateTransitions>0</EnforceStateTransitions>
      <EntityHelpUrlEnabled>0</EntityHelpUrlEnabled>
      <ChangeTrackingEnabled>1</ChangeTrackingEnabled>
      <IsEnabledForExternalChannels>1</IsEnabledForExternalChannels>
      <IsSolutionAware>0</IsSolutionAware>
      <HasRelatedNotes>True</HasRelatedNotes>
      <HasRelatedFeedback>True</HasRelatedFeedback>
      <HasRelatedActivities>True</HasRelatedActivities>
    </entity>
  </EntityInfo>
  <FormXml />
  <SavedQueries />
  <RibbonDiffXml />
</Entity>