﻿<?xml version="1.0" encoding="utf-8"?>
<RibbonDiffXml xmlns:xsi="http://www.w3.org/2001/XMLSchema-instance">
  <CustomActions>
    <CustomAction Id="pfc.contact.Button2.Button.Mscrm.HomepageGrid.contact.NewRecord.CustomAction" Location="Mscrm.HomepageGrid.contact.MainTab.Management.Controls._children" Sequence="0">
      <CommandUIDefinition>
        <Button Alt="$Resources:Ribbon.HomepageGrid.MainTab.New" Command="pfc.contact.OpenRoleSpecificContactForm.Command" Id="pfc.contact.Button2.Button.Mscrm.HomepageGrid.contact.NewRecord" Image32by32="/_imgs/ribbon/newrecord32.png" Image16by16="/_imgs/ribbon/New_16.png" LabelText="$Resources:Ribbon.HomepageGrid.MainTab.New" Sequence="0" TemplateAlias="o5" ToolTipTitle="$Resources:Ribbon.HomepageGrid.MainTab.New" ToolTipDescription="$Resources(EntityDisplayName):Ribbon.Tooltip.New" ModernImage="New" />
      </CommandUIDefinition>
    </CustomAction>
    <HideCustomAction HideActionId="pfc.Mscrm.HomepageGrid.contact.NewRecord.Hide" Location="Mscrm.HomepageGrid.contact.NewRecord" />
    <HideCustomAction HideActionId="pfc.Mscrm.HomepageGrid.contact.NewRecordForBPFEntity.Hide" Location="Mscrm.HomepageGrid.contact.NewRecordForBPFEntity" />
  </CustomActions>
  <Templates>
    <RibbonTemplates Id="Mscrm.Templates"></RibbonTemplates>
  </Templates>
  <CommandDefinitions>
    <CommandDefinition Id="pfc.contact.OpenRoleSpecificContactForm.Command">
      <EnableRules>
        <EnableRule Id="Mscrm.IsValidForHierarchyView" />
        <EnableRule Id="Mscrm.IsValidForHierarchyPageInUC" />
        <EnableRule Id="Mscrm.IsEntityAvailableForUserInMocaOffline" />
        <EnableRule Id="Mscrm.PrimaryIsNotActivityHomePageGrid" />
      </EnableRules>
      <DisplayRules>
        <DisplayRule Id="Mscrm.CreateSelectedEntityPermission" />
        <DisplayRule Id="Mscrm.ShowForNonRelationshipBoundGrids" />
        <DisplayRule Id="Mscrm.HideNewForChildEntities" />
        <DisplayRule Id="Mscrm.HideAddressEntities" />
        <DisplayRule Id="Mscrm.NotOnMarketingList" />
      </DisplayRules>
      <Actions>
        <JavaScriptFunction FunctionName="Xrm.Navigation.openForm" Library="$webresource:pfc_openRoleSpecificContactForm">
          <CrmParameter Value="SelectedEntityTypeName" />
          <CrmParameter Value="SelectedControl" />
        </JavaScriptFunction>
      </Actions>
    </CommandDefinition>
  </CommandDefinitions>
  <RuleDefinitions>
    <TabDisplayRules />
    <DisplayRules />
    <EnableRules />
  </RuleDefinitions>
  <LocLabels />
</RibbonDiffXml>