﻿<?xml version="1.0" encoding="utf-8"?>
<savedqueries xmlns:xsi="http://www.w3.org/2001/XMLSchema-instance">
  <savedquery>
    <IsCustomizable>1</IsCustomizable>
    <CanBeDeleted>0</CanBeDeleted>
    <isquickfindquery>1</isquickfindquery>
    <isprivate>0</isprivate>
    <isdefault>1</isdefault>
    <savedqueryid>{2c6540e5-8b24-4028-b0f8-12e411dee0e1}</savedqueryid>
    <layoutxml>
      <grid name="resultset" jump="pfc_name" select="1" icon="1" preview="1">
        <row name="result" id="pfc_jobid">
          <cell name="pfc_name" width="300" />
          <cell name="createdon" width="125" />
        </row>
      </grid>
    </layoutxml>
    <querytype>4</querytype>
    <fetchxml>
      <fetch version="1.0" mapping="logical">
        <entity name="pfc_job">
          <attribute name="pfc_jobid" />
          <attribute name="pfc_name" />
          <attribute name="createdon" />
          <order attribute="pfc_name" descending="false" />
          <filter type="and">
            <condition attribute="statecode" operator="eq" value="0" />
          </filter>
          <filter type="or" isquickfindfields="1">
            <condition attribute="pfc_name" operator="like" value="{0}" />
          </filter>
        </entity>
      </fetch>
    </fetchxml>
    <IntroducedVersion>1.0.0.191</IntroducedVersion>
    <LocalizedNames>
      <LocalizedName description="Quick Find Active Jobs" languagecode="1033" />
    </LocalizedNames>
  </savedquery>
</savedqueries>