﻿<?xml version="1.0" encoding="utf-8"?>
<EntityRelationships xmlns:xsi="http://www.w3.org/2001/XMLSchema-instance">
  <EntityRelationship Name="adx_webrole_account" />
  <EntityRelationship Name="adx_webrole_systemuser" />
  <EntityRelationship Name="adx_website_sponsor" />
  <EntityRelationship Name="bpf_pfc_enquiry_new_enquirytoreferralprocess" />
  <EntityRelationship Name="bpf_pfc_referral_new_enquirytoreferralprocess" />
  <EntityRelationship Name="bpf_pfc_vacancyapplication_new_joboffertoemployee" />
  <EntityRelationship Name="bpf_pfc_vacancyapplication_new_recruitmenttracker" />
  <EntityRelationship Name="business_unit_pfc_educationandtraining" />
  <EntityRelationship Name="business_unit_pfc_employmenthistory" />
  <EntityRelationship Name="business_unit_pfc_enquiry" />
  <EntityRelationship Name="business_unit_pfc_referee" />
  <EntityRelationship Name="business_unit_pfc_referral" />
  <EntityRelationship Name="business_unit_pfc_relatives" />
  <EntityRelationship Name="business_unit_pfc_vacancy" />
  <EntityRelationship Name="business_unit_pfc_vacancyapplication" />
  <EntityRelationship Name="lk_new_enquirytoreferralprocess_activestageid" />
  <EntityRelationship Name="lk_new_enquirytoreferralprocess_createdby" />
  <EntityRelationship Name="lk_new_enquirytoreferralprocess_modifiedby" />
  <EntityRelationship Name="lk_new_enquirytoreferralprocess_processid" />
  <EntityRelationship Name="lk_new_joboffertoemployee_activestageid" />
  <EntityRelationship Name="lk_new_joboffertoemployee_createdby" />
  <EntityRelationship Name="lk_new_joboffertoemployee_modifiedby" />
  <EntityRelationship Name="lk_new_joboffertoemployee_processid" />
  <EntityRelationship Name="lk_new_recruitmenttracker_activestageid" />
  <EntityRelationship Name="lk_new_recruitmenttracker_createdby" />
  <EntityRelationship Name="lk_new_recruitmenttracker_modifiedby" />
  <EntityRelationship Name="lk_new_recruitmenttracker_processid" />
  <EntityRelationship Name="lk_pfc_educationandtraining_createdby" />
  <EntityRelationship Name="lk_pfc_educationandtraining_modifiedby" />
  <EntityRelationship Name="lk_pfc_employmenthistory_createdby" />
  <EntityRelationship Name="lk_pfc_employmenthistory_modifiedby" />
  <EntityRelationship Name="lk_pfc_enquiry_createdby" />
  <EntityRelationship Name="lk_pfc_enquiry_modifiedby" />
  <EntityRelationship Name="lk_pfc_job_createdby" />
  <EntityRelationship Name="lk_pfc_job_modifiedby" />
  <EntityRelationship Name="lk_pfc_referee_createdby" />
  <EntityRelationship Name="lk_pfc_referee_modifiedby" />
  <EntityRelationship Name="lk_pfc_referral_createdby" />
  <EntityRelationship Name="lk_pfc_referral_modifiedby" />
  <EntityRelationship Name="lk_pfc_relatives_createdby" />
  <EntityRelationship Name="lk_pfc_relatives_modifiedby" />
  <EntityRelationship Name="lk_pfc_vacancy_createdby" />
  <EntityRelationship Name="lk_pfc_vacancy_modifiedby" />
  <EntityRelationship Name="lk_pfc_vacancyapplication_createdby" />
  <EntityRelationship Name="lk_pfc_vacancyapplication_modifiedby" />
  <EntityRelationship Name="msa_account_managingpartner" />
  <EntityRelationship Name="msdyn_appconfiguration_systemuser" />
  <EntityRelationship Name="msdyn_flow_actionapprovalmodelrelationship_systemuser" />
  <EntityRelationship Name="msdyn_flow_awaitallactionmodelrelationship_user" />
  <EntityRelationship Name="msdyn_flow_awaitallmodelrelationship_systemuser" />
  <EntityRelationship Name="msdyn_flow_basicapprovalmodelrelationship_systemuser" />
  <EntityRelationship Name="msdyn_msdyn_functionallocation_account" />
  <EntityRelationship Name="organization_new_enquirytoreferralprocess" />
  <EntityRelationship Name="organization_new_joboffertoemployee" />
  <EntityRelationship Name="organization_new_recruitmenttracker" />
  <EntityRelationship Name="organization_pfc_job" />
  <EntityRelationship Name="owner_pfc_educationandtraining" />
  <EntityRelationship Name="owner_pfc_employmenthistory" />
  <EntityRelationship Name="owner_pfc_enquiry" />
  <EntityRelationship Name="owner_pfc_referee" />
  <EntityRelationship Name="owner_pfc_referral" />
  <EntityRelationship Name="owner_pfc_relatives" />
  <EntityRelationship Name="owner_pfc_vacancy" />
  <EntityRelationship Name="owner_pfc_vacancyapplication" />
  <EntityRelationship Name="pfc_applicant_pfc_aeferee" />
  <EntityRelationship Name="pfc_contact_parent_acounts" />
  <EntityRelationship Name="pfc_contact_site" />
  <EntityRelationship Name="pfc_education_applicant" />
  <EntityRelationship Name="pfc_employmenthistory_applicant" />
  <EntityRelationship Name="pfc_enquiry_parent_account" />
  <EntityRelationship Name="pfc_enquiry_parent_contact" />
  <EntityRelationship Name="pfc_job_vacancy" />
  <EntityRelationship Name="pfc_referral_assignedtouser" />
  <EntityRelationship Name="pfc_referral_individual_contacts" />
  <EntityRelationship Name="pfc_referral_originating_enquiry" />
  <EntityRelationship Name="pfc_referral_parent_account" />
  <EntityRelationship Name="pfc_referral_parent_contact" />
  <EntityRelationship Name="pfc_referral_servicelocation" />
  <EntityRelationship Name="pfc_referral_systemuser" />
  <EntityRelationship Name="pfc_referral_systemuserid" />
  <EntityRelationship Name="pfc_relatives_applicant" />
  <EntityRelationship Name="pfc_vacancy_Appointments" />
  <EntityRelationship Name="pfc_vacancy_PhoneCalls" />
  <EntityRelationship Name="pfc_vacancy_reportsto_user" />
  <EntityRelationship Name="pfc_vacancy_site" />
  <EntityRelationship Name="pfc_vacancyapplication_applicant" />
  <EntityRelationship Name="pfc_vacancyapplication_Appointments" />
  <EntityRelationship Name="pfc_vacancyapplication_pfc_vacancy" />
  <EntityRelationship Name="pfc_vacancyapplication_PhoneCalls" />
  <EntityRelationship Name="site_Appointments" unmodified="1" />
  <EntityRelationship Name="site_PhoneCalls" unmodified="1" />
  <EntityRelationship Name="team_pfc_educationandtraining" />
  <EntityRelationship Name="team_pfc_employmenthistory" />
  <EntityRelationship Name="team_pfc_enquiry" />
  <EntityRelationship Name="team_pfc_referee" />
  <EntityRelationship Name="team_pfc_referral" />
  <EntityRelationship Name="team_pfc_relatives" />
  <EntityRelationship Name="team_pfc_vacancy" />
  <EntityRelationship Name="team_pfc_vacancyapplication" />
  <EntityRelationship Name="TransactionCurrency_pfc_EmploymentHistory" />
  <EntityRelationship Name="TransactionCurrency_pfc_Enquiry" />
  <EntityRelationship Name="TransactionCurrency_pfc_Referral" />
  <EntityRelationship Name="TransactionCurrency_pfc_Vacancy" />
  <EntityRelationship Name="TransactionCurrency_pfc_VacancyApplication" />
  <EntityRelationship Name="user_pfc_educationandtraining" />
  <EntityRelationship Name="user_pfc_employmenthistory" />
  <EntityRelationship Name="user_pfc_enquiry" />
  <EntityRelationship Name="user_pfc_referee" />
  <EntityRelationship Name="user_pfc_referral" />
  <EntityRelationship Name="user_pfc_relatives" />
  <EntityRelationship Name="user_pfc_vacancy" />
  <EntityRelationship Name="user_pfc_vacancyapplication" />
</EntityRelationships>