<manifest><control namespace="pfc" constructor="htmlTemplateEditor" version="0.0.1" display-name-key="HTML Editor" description-key="Use this to edit job adverts in a safe way" control-type="standard" api-version="1.2.3"><property name="htmlData" display-name-key="HTML Data" description-key="Select the Job Advert HTML for Indeed" of-type="Multiple" usage="bound" required="true" /><property name="tokenTemplate" display-name-key="Token Template" description-key="Enter the raw token html" of-type="Multiple" usage="bound" required="true" /><property name="token1" display-name-key="Token 1 Field" description-key="Field to be swapped with token 1 in the template" of-type-group="strings" usage="bound" required="false" /><property name="token2" display-name-key="Token 2 Field" description-key="Field to be swapped with token 2 in the template" of-type-group="strings" usage="bound" required="false" /><property name="token3" display-name-key="Token 3 Field" description-key="Field to be swapped with token 3 in the template" of-type-group="strings" usage="bound" required="false" /><property name="token4" display-name-key="Token 4 Field" description-key="Field to be swapped with token 4 in the template" of-type-group="strings" usage="bound" required="false" /><property name="token5" display-name-key="Token 5 Field" description-key="Field to be swapped with token 5 in the template" of-type-group="strings" usage="bound" required="false" /><property name="token6" display-name-key="Token 6 Field" description-key="Field to be swapped with token 6 in the template" of-type-group="strings" usage="bound" required="false" /><property name="token7" display-name-key="Token 7 Field" description-key="Field to be swapped with token 7 in the template" of-type-group="strings" usage="bound" required="false" /><property name="token8" display-name-key="Token 8 Field" description-key="Field to be swapped with token 8 in the template" of-type-group="strings" usage="bound" required="false" /><property name="token9" display-name-key="Token 9 Field" description-key="Field to be swapped with token 9 in the template" of-type-group="strings" usage="bound" required="false" /><property name="token10" display-name-key="Token 10 Field" description-key="Field to be swapped with token 10 in the template" of-type-group="strings" usage="bound" required="false" /><type-group name="strings"><type>Multiple</type><type>SingleLine.Text</type><type>SingleLine.TextArea</type></type-group><resources><code path="bundle.js" order="1" /></resources><built-by name="pac" version="1.5.5" /></control></manifest>