﻿<?xml version="1.0" encoding="utf-8"?>
<WebResource xmlns:xsi="http://www.w3.org/2001/XMLSchema-instance">
  <WebResourceId>{e061aeb4-bf33-eb11-a813-000d3a86ad30}</WebResourceId>
  <Name>pfc_hidePamTab</Name>
  <DisplayName>Hide PAM Tab</DisplayName>
  <Description>Conditionally shows Phone Assessment Matrix Tab on Appointment Form dependent on whether appointment type contains 'Telephone Interview'</Description>
  <LanguageCode>1033</LanguageCode>
  <WebResourceType>3</WebResourceType>
  <IntroducedVersion>1.0.0.67</IntroducedVersion>
  <IsEnabledForMobileClient>0</IsEnabledForMobileClient>
  <IsAvailableForMobileOffline>0</IsAvailableForMobileOffline>
  <DependencyXml>&lt;Dependencies&gt;&lt;Dependency componentType="WebResource"/&gt;&lt;/Dependencies&gt;</DependencyXml>
  <IsCustomizable>1</IsCustomizable>
  <CanBeDeleted>1</CanBeDeleted>
  <IsHidden>0</IsHidden>
  <FileName>/WebResources/pfc_hidePamTabE061AEB4-BF33-EB11-A813-000D3A86AD30</FileName>
</WebResource>