﻿<?xml version="1.0" encoding="utf-8"?>
<WebResource xmlns:xsi="http://www.w3.org/2001/XMLSchema-instance">
  <WebResourceId>{f35340a5-d36a-eb11-a812-000d3a870ebd}</WebResourceId>
  <Name>pfc_autosaveform</Name>
  <DisplayName>pfc_autosaveform</DisplayName>
  <Description>Application to Job Offer Courtesy Call BPF Scripts</Description>
  <WebResourceType>3</WebResourceType>
  <IntroducedVersion>1.0.0.167</IntroducedVersion>
  <IsEnabledForMobileClient>0</IsEnabledForMobileClient>
  <IsAvailableForMobileOffline>0</IsAvailableForMobileOffline>
  <DependencyXml>&lt;Dependencies&gt;&lt;Dependency componentType="WebResource"/&gt;&lt;/Dependencies&gt;</DependencyXml>
  <IsCustomizable>1</IsCustomizable>
  <CanBeDeleted>1</CanBeDeleted>
  <IsHidden>0</IsHidden>
  <FileName>/WebResources/pfc_autosaveformF35340A5-D36A-EB11-A812-000D3A870EBD</FileName>
</WebResource>