﻿<?xml version="1.0" encoding="utf-8"?>
<WebResource xmlns:xsi="http://www.w3.org/2001/XMLSchema-instance">
  <WebResourceId>{61b7558c-86a6-eb11-9442-0022480018c6}</WebResourceId>
  <Name>pfc_enquiryicon</Name>
  <DisplayName>Enquiry Icon</DisplayName>
  <LanguageCode>1033</LanguageCode>
  <WebResourceType>11</WebResourceType>
  <IntroducedVersion>1.0.0.191</IntroducedVersion>
  <IsEnabledForMobileClient>1</IsEnabledForMobileClient>
  <IsAvailableForMobileOffline>1</IsAvailableForMobileOffline>
  <DependencyXml>&lt;Dependencies&gt;&lt;Dependency componentType="WebResource"/&gt;&lt;/Dependencies&gt;</DependencyXml>
  <IsCustomizable>1</IsCustomizable>
  <CanBeDeleted>1</CanBeDeleted>
  <IsHidden>0</IsHidden>
  <FileName>/WebResources/pfc_enquiryicon61B7558C-86A6-EB11-9442-0022480018C6</FileName>
</WebResource>