﻿<?xml version="1.0" encoding="utf-8"?>
<WebResource xmlns:xsi="http://www.w3.org/2001/XMLSchema-instance">
  <WebResourceId>{f013c6c8-79f7-ea11-a815-000d3a86a8cf}</WebResourceId>
  <Name>pfc_applicationicon</Name>
  <DisplayName>Vacancy Application Icon</DisplayName>
  <LanguageCode>1033</LanguageCode>
  <WebResourceType>11</WebResourceType>
  <IntroducedVersion>1.0.0.0</IntroducedVersion>
  <IsEnabledForMobileClient>1</IsEnabledForMobileClient>
  <IsAvailableForMobileOffline>0</IsAvailableForMobileOffline>
  <DependencyXml>&lt;Dependencies&gt;&lt;Dependency componentType="WebResource"/&gt;&lt;/Dependencies&gt;</DependencyXml>
  <IsCustomizable>1</IsCustomizable>
  <CanBeDeleted>1</CanBeDeleted>
  <IsHidden>0</IsHidden>
  <FileName>/WebResources/pfc_applicationiconF013C6C8-79F7-EA11-A815-000D3A86A8CF</FileName>
</WebResource>