﻿<?xml version="1.0" encoding="utf-8"?>
<forms xmlns:xsi="http://www.w3.org/2001/XMLSchema-instance">
  <systemform>
    <formid>{f39bb2cc-a495-4712-af79-ea73ebf39ac5}</formid>
    <IntroducedVersion>1.0.0.0</IntroducedVersion>
    <FormPresentation>1</FormPresentation>
    <FormActivationState>1</FormActivationState>
    <form>
      <tabs>
        <tab name="general" verticallayout="true" id="{c16e072c-012b-49d4-804d-cec10cd26ceb}" IsUserDefined="0">
          <labels>
            <label description="" languagecode="1033" />
          </labels>
          <columns>
            <column width="25%">
              <sections>
                <section name="ColorStrip" showlabel="false" showbar="false" columns="1" IsUserDefined="0" id="{70922db2-69f9-4624-abf5-5fe7379bc843}">
                  <labels>
                    <label description="ColorStrip" languagecode="1033" />
                  </labels>
                  <rows>
                    <row>
                      <cell id="{0c107b4a-0303-4bf5-9695-d4596933ffaa}">
                        <labels>
                          <label description="" languagecode="1033" />
                        </labels>
                      </cell>
                    </row>
                  </rows>
                </section>
              </sections>
            </column>
            <column width="75%">
              <sections>
                <section name="CardHeader" showlabel="false" showbar="false" columns="111" id="{8ace828b-39f3-4a8e-b57a-5a423b9b82af}" IsUserDefined="0">
                  <labels>
                    <label description="Header" languagecode="1033" />
                  </labels>
                  <rows>
                    <row>
                      <cell id="{b2eadba8-68e3-44c9-a43a-d11b6fd8edbe}" showlabel="true" locklevel="0">
                        <labels>
                          <label description="Status Reason" languagecode="1033" />
                        </labels>
                        <control id="statuscode" classid="{5D68B988-0661-4db2-BC3E-17598AD3BE6C}" datafieldname="statuscode" disabled="false" />
                      </cell>
                      <cell id="{c6cd60dc-bd47-4875-bdb6-b66da1e325e7}" showlabel="true" locklevel="0">
                        <labels>
                          <label description="" languagecode="1033" />
                        </labels>
                      </cell>
                      <cell id="{484c7a46-856c-4f78-ad21-278e3e2e8715}" showlabel="true" locklevel="0">
                        <labels>
                          <label description="" languagecode="1033" />
                        </labels>
                      </cell>
                    </row>
                  </rows>
                </section>
                <section name="CardDetails" showlabel="false" showbar="false" columns="1" id="{b65cbd2f-61fd-48a4-9138-95fd44313b68}" IsUserDefined="0">
                  <labels>
                    <label description="Details" languagecode="1033" />
                  </labels>
                  <rows>
                    <row>
                      <cell id="{782655d0-a09a-e13c-e0a6-3a80d57e9dd7}" showlabel="true" locklevel="0">
                        <labels>
                          <label description="Applicant" languagecode="1033" />
                        </labels>
                        <control id="pfc_applicant" classid="{270BD3DB-D9AF-4782-9025-509E298DEC0A}" datafieldname="pfc_applicant" disabled="false" />
                      </cell>
                    </row>
                    <row>
                      <cell id="{8dd3151e-ae23-49ef-8615-5a2b372f0837}" showlabel="true" locklevel="0">
                        <labels>
                          <label description="School Name" languagecode="1033" />
                        </labels>
                        <control id="pfc_schoolname" classid="{4273EDBD-AC1D-40d3-9FB2-095C621B552D}" datafieldname="pfc_schoolname" disabled="false" />
                      </cell>
                    </row>
                  </rows>
                </section>
                <section name="CardFooter" showlabel="false" columns="1111" showbar="false" id="{c2c1f99b-8900-457d-af93-7b8c4dcaa588}" IsUserDefined="0">
                  <labels>
                    <label description="Footer" languagecode="1033" />
                  </labels>
                  <rows>
                    <row>
                      <cell id="{4f53d359-622c-439f-ad27-0ae639aff8a3}" showlabel="true" locklevel="0">
                        <labels>
                          <label description="Owner" languagecode="1033" />
                        </labels>
                        <control id="ownerid" classid="{270BD3DB-D9AF-4782-9025-509E298DEC0A}" datafieldname="ownerid" disabled="false" />
                      </cell>
                      <cell id="{bd312e4c-2817-409c-8863-9e632b9eff62}" showlabel="true" locklevel="0">
                        <labels>
                          <label description="Created On" languagecode="1033" />
                        </labels>
                        <control id="createdon" classid="{270BD3DB-D9AF-4782-9025-509E298DEC0A}" datafieldname="createdon" disabled="false" />
                      </cell>
                      <cell id="{1c638fa8-f7c5-47a9-8cf3-d6d6f43399ab}" showlabel="true" locklevel="0">
                        <labels>
                          <label description="" languagecode="1033" />
                        </labels>
                      </cell>
                      <cell id="{64a48839-0bae-4f5e-8fe4-9ea40d3b2f1b}" showlabel="true" locklevel="0">
                        <labels>
                          <label description="" languagecode="1033" />
                        </labels>
                      </cell>
                    </row>
                  </rows>
                </section>
              </sections>
            </column>
          </columns>
        </tab>
      </tabs>
    </form>
    <IsCustomizable>1</IsCustomizable>
    <CanBeDeleted>1</CanBeDeleted>
    <LocalizedNames>
      <LocalizedName description="Information" languagecode="1033" />
    </LocalizedNames>
    <Descriptions>
      <Description description="A card form for this entity." languagecode="1033" />
    </Descriptions>
  </systemform>
</forms>