﻿<?xml version="1.0" encoding="utf-8"?>
<forms xmlns:xsi="http://www.w3.org/2001/XMLSchema-instance">
  <systemform>
    <formid>{b584a41e-90ca-ea11-a812-000d3a86a8cf}</formid>
    <IntroducedVersion>1.0.0.0</IntroducedVersion>
    <FormPresentation>1</FormPresentation>
    <FormActivationState>1</FormActivationState>
    <form headerdensity="HighWithControls">
      <tabs>
        <tab name="tab_3" id="75bc99cf-ea52-4bac-b87f-5b5d3178834f" IsUserDefined="0" locklevel="0" showlabel="true" labelid="{b6d2629b-523f-461d-b14e-797301c67e74}">
          <labels>
            <label description="Job Details" languagecode="1033" />
          </labels>
          <columns>
            <column width="34%">
              <sections>
                <section showlabel="true" showbar="false" IsUserDefined="0" id="{88984ce3-21f4-4c75-9577-dfaf8ce46dba}" name="JOB_DETAILS" labelid="{6e8acc0f-28d7-44e3-ba4a-4a8020fe614a}">
                  <labels>
                    <label description="Job Details" languagecode="1033" />
                  </labels>
                  <rows>
                    <row>
                      <cell id="{ffcc7ee1-a391-475c-9921-b8c14129c9db}" labelid="{46938656-975c-4453-82e0-4cd5b3b2a404}">
                        <labels>
                          <label description="Job Ref" languagecode="1033" />
                        </labels>
                        <control id="pfc_jobtitle" classid="{4273EDBD-AC1D-40d3-9FB2-095C621B552D}" datafieldname="pfc_jobtitle" disabled="true" />
                      </cell>
                    </row>
                    <row>
                      <cell id="{04f8e37a-afc4-420d-ba8d-8920ef7cfc56}" locklevel="0">
                        <labels>
                          <label description="Job Title" languagecode="1033" />
                        </labels>
                        <control id="pfc_jobtitles" classid="{3EF39988-22BB-4F0B-BBBE-64B5A3748AEE}" datafieldname="pfc_jobtitles" disabled="false" />
                      </cell>
                    </row>
                    <row>
                      <cell id="{9f51c942-4240-4f5c-a414-371f5aa3414a}" showlabel="true" locklevel="0" labelid="{af2fe272-fb82-4fff-9953-635e41926238}">
                        <labels>
                          <label description="Application Open Date" languagecode="1033" />
                        </labels>
                        <control id="pfc_applicationopendate" classid="{5B773807-9FB2-42DB-97C3-7A91EFF8ADFF}" datafieldname="pfc_applicationopendate" disabled="false" />
                      </cell>
                    </row>
                    <row>
                      <cell id="{f0aa7395-4801-499f-8a52-3804ef26b41f}" showlabel="true" locklevel="0" labelid="{9da55beb-06e3-404f-afd4-9690b7cff9f4}">
                        <labels>
                          <label description="Application Close Date" languagecode="1033" />
                        </labels>
                        <control id="pfc_applicationclosedate" classid="{5B773807-9FB2-42DB-97C3-7A91EFF8ADFF}" datafieldname="pfc_applicationclosedate" disabled="false" />
                      </cell>
                    </row>
                    <row>
                      <cell id="{b3b41ab2-66d8-4e5b-92ea-e69452a103a9}" showlabel="true" locklevel="0" labelid="{1dc2aa98-1581-4b6b-93a5-d2b6b93ba288}">
                        <labels>
                          <label description="Travel Required" languagecode="1033" />
                        </labels>
                        <control id="pfc_travelrequired" classid="{67FAC785-CD58-4F9F-ABB3-4B7DDC6ED5ED}" datafieldname="pfc_travelrequired" disabled="false" />
                      </cell>
                    </row>
                    <row>
                      <cell id="{230cd6cf-c3fb-463f-855a-adb8416abc7d}" showlabel="true" locklevel="0" labelid="{7b6afc1d-e775-4615-9105-223caf7b2fde}">
                        <labels>
                          <label description="Job Description" languagecode="1033" />
                        </labels>
                        <control id="pfc_jobdescription" classid="{E0DECE4B-6FC8-4A8F-A065-082708572369}" datafieldname="pfc_jobdescription" disabled="true" />
                      </cell>
                    </row>
                  </rows>
                </section>
              </sections>
            </column>
            <column width="33%">
              <sections>
                <section name="tab_3_section_5" id="ff0eeee7-b966-4a67-ae76-c7a09dbf53d7" IsUserDefined="0" locklevel="0" showlabel="false" showbar="false" layout="varwidth" celllabelalignment="Left" celllabelposition="Left" columns="1" labelwidth="115" labelid="{24b384c4-230e-4c31-9adf-e6f3d99f45f8}" visible="false">
                  <labels>
                    <label description="New Section" languagecode="1033" />
                  </labels>
                  <rows>
                    <row>
                      <cell showlabel="false" locklevel="0" id="{651dde54-bcf5-4008-af09-3ce4da1ac619}" labelid="{66667f9c-962e-40db-8ccf-aee21318cf02}">
                        <labels>
                          <label description="" languagecode="1033" />
                        </labels>
                      </cell>
                    </row>
                  </rows>
                </section>
              </sections>
            </column>
            <column width="33%">
              <sections>
                <section name="tab_3_section_3" id="4dd14505-5d0d-4d96-ba28-931ec564e554" IsUserDefined="0" locklevel="0" showlabel="false" showbar="false" layout="varwidth" celllabelalignment="Left" celllabelposition="Left" columns="1" labelwidth="115" labelid="{89d01fcf-6d09-4820-bc0d-198da6b9a5ae}" visible="false">
                  <labels>
                    <label description="New Section" languagecode="1033" />
                  </labels>
                  <rows>
                    <row>
                      <cell showlabel="false" locklevel="0" id="{71d197e8-eb71-499a-a889-dd0297443cc8}" labelid="{034da9ee-cb2c-4922-9a7d-06179e06e253}">
                        <labels>
                          <label description="" languagecode="1033" />
                        </labels>
                      </cell>
                    </row>
                  </rows>
                </section>
              </sections>
            </column>
          </columns>
        </tab>
        <tab name="SalaryDetails" id="8f03c25b-8657-416e-9069-77ac8a5d992a" IsUserDefined="0" locklevel="0" showlabel="true" labelid="{6feff179-302d-4e9f-95c1-a35cac82f2dc}">
          <labels>
            <label description="Salary &amp; Contract Details" languagecode="1033" />
          </labels>
          <columns>
            <column width="50%">
              <sections>
                <section name="tab_2_section_1" id="be23fec9-e62a-421b-aeee-31d236fa32ce" IsUserDefined="0" locklevel="0" showlabel="true" showbar="false" layout="varwidth" celllabelalignment="Left" celllabelposition="Left" columns="1" labelwidth="115" labelid="{16b0ef94-b935-4076-9632-811a1b0990ae}">
                  <labels>
                    <label description="Salary Details" languagecode="1033" />
                  </labels>
                  <rows>
                    <row>
                      <cell id="{aa079d73-b958-4891-9dee-2f8d795aa1ce}" showlabel="true" locklevel="0" labelid="{7826deb1-b18a-466d-88e1-3881f00049e6}">
                        <labels>
                          <label description="OTE Amount" languagecode="1033" />
                        </labels>
                        <control id="pfc_oteamount" classid="{533B9E00-756B-4312-95A0-DC888637AC78}" datafieldname="pfc_oteamount" disabled="false" />
                      </cell>
                    </row>
                    <row>
                      <cell id="{f66c8ba8-61e4-47bd-a594-940cb09bf93d}" showlabel="true" locklevel="0" labelid="{026ddc8d-9f39-4b9e-9410-639da1cbbab2}">
                        <labels>
                          <label description="Salary Description" languagecode="1033" />
                        </labels>
                        <control id="pfc_salarydescription" classid="{E0DECE4B-6FC8-4A8F-A065-082708572369}" datafieldname="pfc_salarydescription" disabled="false" />
                      </cell>
                    </row>
                  </rows>
                </section>
                <section name="SalaryDetails_section_4" id="1172ec84-99bb-4713-8563-9d9b7cfad3f3" IsUserDefined="0" locklevel="0" showlabel="true" showbar="false" layout="varwidth" celllabelalignment="Left" celllabelposition="Left" columns="11" labelwidth="115" labelid="{69fcd2bd-1324-412f-8525-c8fa9c17b654}">
                  <labels>
                    <label description="Working Week" languagecode="1033" />
                  </labels>
                  <rows>
                    <row>
                      <cell id="{79573c54-07f1-48d3-b27d-8f897aade7bc}" showlabel="true" locklevel="0" labelid="{4dd60c1e-d1ad-4ab1-8709-b27e903f4538}">
                        <labels>
                          <label description="Monday" languagecode="1033" />
                        </labels>
                        <control id="pfc_monday" classid="{67FAC785-CD58-4F9F-ABB3-4B7DDC6ED5ED}" datafieldname="pfc_monday" disabled="false" />
                      </cell>
                      <cell id="{de8c9c78-86d8-45a5-ab97-176d31f16560}" showlabel="true" locklevel="0" labelid="{7a3ecbb0-3ec3-43ef-b2ae-c4a8bd53e501}">
                        <labels>
                          <label description="Tuesday" languagecode="1033" />
                        </labels>
                        <control id="pfc_tuesday" classid="{67FAC785-CD58-4F9F-ABB3-4B7DDC6ED5ED}" datafieldname="pfc_tuesday" disabled="false" />
                      </cell>
                    </row>
                    <row>
                      <cell id="{a46978c2-66c1-4e86-8f20-af011b99dd05}" showlabel="true" locklevel="0" labelid="{0da4fb4c-5f9e-4247-b827-6101a93fd0be}">
                        <labels>
                          <label description="Wednesday" languagecode="1033" />
                        </labels>
                        <control id="pfc_wednesday" classid="{67FAC785-CD58-4F9F-ABB3-4B7DDC6ED5ED}" datafieldname="pfc_wednesday" disabled="false" />
                      </cell>
                      <cell id="{398ec83e-55b1-4139-a121-e8012b4db84f}" showlabel="true" locklevel="0" labelid="{f9f28b4f-dfc2-41dc-af47-b58b3ec1e4be}">
                        <labels>
                          <label description="Thursday" languagecode="1033" />
                        </labels>
                        <control id="pfc_thursday" classid="{67FAC785-CD58-4F9F-ABB3-4B7DDC6ED5ED}" datafieldname="pfc_thursday" disabled="false" />
                      </cell>
                    </row>
                    <row>
                      <cell id="{eab31066-ed59-4786-9b17-220243f70c0e}" showlabel="true" locklevel="0" labelid="{fb924eb0-6dbb-4eb5-99a4-38cbb142e4bd}">
                        <labels>
                          <label description="Friday" languagecode="1033" />
                        </labels>
                        <control id="pfc_friday" classid="{67FAC785-CD58-4F9F-ABB3-4B7DDC6ED5ED}" datafieldname="pfc_friday" disabled="false" />
                      </cell>
                      <cell id="{a6e78d9c-3281-4fb2-ab86-b7ed6bc08f7b}" showlabel="true" locklevel="0" labelid="{dd7a42f3-4f11-4cd2-a1b8-9d91e472af8e}">
                        <labels>
                          <label description="Saturday" languagecode="1033" />
                        </labels>
                        <control id="pfc_saturday" classid="{67FAC785-CD58-4F9F-ABB3-4B7DDC6ED5ED}" datafieldname="pfc_saturday" disabled="false" />
                      </cell>
                    </row>
                    <row>
                      <cell id="{743ee4bd-3043-4874-a1cf-14592460335a}" showlabel="true" locklevel="0" labelid="{1bc7b395-ab39-4624-94b7-7dd7b661e1e2}">
                        <labels>
                          <label description="Sunday" languagecode="1033" />
                        </labels>
                        <control id="pfc_sunday" classid="{67FAC785-CD58-4F9F-ABB3-4B7DDC6ED5ED}" datafieldname="pfc_sunday" disabled="false" />
                      </cell>
                      <cell showlabel="true" locklevel="0" id="{0cb9d338-a1af-4a6a-9057-b374e4fbc074}" labelid="{382ee6ac-325d-4c3d-bad7-7e58bc6323fb}">
                        <labels>
                          <label description="" languagecode="1033" />
                        </labels>
                      </cell>
                    </row>
                  </rows>
                </section>
              </sections>
            </column>
            <column width="50%">
              <sections>
                <section name="tab_2_section_2" id="8ee0ab83-1b55-415f-936e-1f127b4ad8cc" IsUserDefined="0" locklevel="0" showlabel="true" showbar="false" layout="varwidth" celllabelalignment="Left" celllabelposition="Left" columns="1" labelwidth="115" labelid="{84a4962b-a179-4edc-9f3f-c22bc1315228}">
                  <labels>
                    <label description="Contract Details" languagecode="1033" />
                  </labels>
                  <rows>
                    <row>
                      <cell id="{58559d40-3714-41bc-b421-fda7a4bf9889}" showlabel="true" locklevel="0" labelid="{56ed82f7-857c-4413-999a-08af278e3280}">
                        <labels>
                          <label description="Contract Type" languagecode="1033" />
                        </labels>
                        <control id="pfc_contracttype" classid="{3EF39988-22BB-4F0B-BBBE-64B5A3748AEE}" datafieldname="pfc_contracttype" disabled="false" />
                      </cell>
                    </row>
                    <row>
                      <cell id="{e6bfcb21-c065-4447-8e59-fae1b4215457}" showlabel="true" locklevel="0" labelid="{234c3362-5cce-4bfa-ac95-0c5edd87e03d}">
                        <labels>
                          <label description="Contract Duration" languagecode="1033" />
                        </labels>
                        <control id="pfc_contractduration" classid="{C6D124CA-7EDA-4A60-AEA9-7FB8D318B68F}" datafieldname="pfc_contractduration" disabled="false" />
                      </cell>
                    </row>
                    <row>
                      <cell id="{17ce95c6-7084-410f-b681-456c041449dd}" showlabel="true" locklevel="0" labelid="{4f00d71f-039d-40f0-b2bb-1ecb7e8fd209}">
                        <labels>
                          <label description="Period Units" languagecode="1033" />
                        </labels>
                        <control id="pfc_periodunits" classid="{3EF39988-22BB-4F0B-BBBE-64B5A3748AEE}" datafieldname="pfc_periodunits" disabled="false" />
                      </cell>
                    </row>
                    <row>
                      <cell id="{62ab01d1-54f3-4b27-b558-0137e8390f36}" showlabel="true" locklevel="0" labelid="{2990dc3e-5bd6-4cdf-8d17-ff75b3f067fb}">
                        <labels>
                          <label description="Min Hours" languagecode="1033" />
                        </labels>
                        <control id="pfc_minhours" classid="{C6D124CA-7EDA-4A60-AEA9-7FB8D318B68F}" datafieldname="pfc_minhours" disabled="false" />
                      </cell>
                    </row>
                    <row>
                      <cell id="{41b6e847-eaa9-4e22-a892-b282c7e62038}" showlabel="true" locklevel="0" labelid="{8dbd89da-8f6b-4456-9586-46dcea518b88}">
                        <labels>
                          <label description="Max Hours" languagecode="1033" />
                        </labels>
                        <control id="pfc_maxhours" classid="{C6D124CA-7EDA-4A60-AEA9-7FB8D318B68F}" datafieldname="pfc_maxhours" disabled="false" />
                      </cell>
                    </row>
                    <row>
                      <cell id="{875b563b-1b0c-451f-b46a-34295c394e39}" showlabel="true" locklevel="0" labelid="{74e41f08-e137-4e4a-aaa4-d0c4da3f3b83}">
                        <labels>
                          <label description="Hours Per" languagecode="1033" />
                        </labels>
                        <control id="pfc_hoursper" classid="{3EF39988-22BB-4F0B-BBBE-64B5A3748AEE}" datafieldname="pfc_hoursper" disabled="false" />
                      </cell>
                    </row>
                    <row>
                      <cell id="{4e8152e1-06e6-469d-a59d-737a670a8bef}" showlabel="true" locklevel="0" labelid="{e0dd5969-927e-44ce-be04-b1e3a315d743}">
                        <labels>
                          <label description="Contracted Hours" languagecode="1033" />
                        </labels>
                        <control id="pfc_contractedhours" classid="{3EF39988-22BB-4F0B-BBBE-64B5A3748AEE}" datafieldname="pfc_contractedhours" disabled="false" />
                      </cell>
                    </row>
                    <row>
                      <cell id="{c72be647-6094-4851-964c-19cc4f8c4675}" showlabel="true" locklevel="0" labelid="{06624afc-cbab-41bb-aa88-615e7471a4c5}">
                        <labels>
                          <label description="Hours Description" languagecode="1033" />
                        </labels>
                        <control id="pfc_hoursdescription" classid="{E0DECE4B-6FC8-4A8F-A065-082708572369}" datafieldname="pfc_hoursdescription" disabled="false" />
                      </cell>
                    </row>
                  </rows>
                </section>
              </sections>
            </column>
          </columns>
        </tab>
      </tabs>
      <header id="{fc8dc418-d7f5-48f3-ab9f-c44ef245afdf}" celllabelposition="Top" columns="111" labelwidth="115" celllabelalignment="Left">
        <rows>
          <row>
            <cell id="{6c4c8f19-6be5-4785-ba92-e9d3c82b3cb1}" showlabel="false" labelid="{5e76fc68-78bc-4f7f-acbd-1aa0bc33eef2}">
              <labels>
                <label description="" languagecode="1033" />
              </labels>
            </cell>
            <cell id="{355e46f3-80b0-4c05-a781-c8878f6c7358}" showlabel="false" labelid="{f1dda693-b620-4d01-89a5-2ec3b1510d25}">
              <labels>
                <label description="" languagecode="1033" />
              </labels>
            </cell>
            <cell id="{f5e1bda0-5d79-40cf-815f-b56904c54f6d}" showlabel="false" labelid="{d1fa8437-28ff-49e6-b4ab-043941293e17}">
              <labels>
                <label description="" languagecode="1033" />
              </labels>
            </cell>
            <cell id="{16a6795a-7a9d-4394-90a5-738dfca502cb}" labelid="{5af4d9d3-c789-498f-a956-97f66273040c}">
              <labels>
                <label description="Owner" languagecode="1033" />
              </labels>
              <control id="header_ownerid" classid="{270BD3DB-D9AF-4782-9025-509E298DEC0A}" datafieldname="ownerid" />
            </cell>
          </row>
        </rows>
      </header>
      <footer id="{7e914e6a-ac6c-4518-a187-915aa1b3f8f4}" celllabelposition="Top" columns="111" labelwidth="115" celllabelalignment="Left">
        <rows>
          <row>
            <cell id="{c822b21b-aa1b-4b3d-b817-0239ff00578e}" showlabel="false" labelid="{7c4c3204-1eb7-46d4-b018-029fc25d0e98}">
              <labels>
                <label description="" languagecode="1033" />
              </labels>
            </cell>
            <cell id="{2abff047-23ce-477b-bb98-54e875ac51d5}" showlabel="false" labelid="{337c08da-d550-454c-b573-993967606771}">
              <labels>
                <label description="" languagecode="1033" />
              </labels>
            </cell>
            <cell id="{8e740d6e-dc11-4d60-a558-cfd49afd6618}" showlabel="false" labelid="{54e9ce11-6238-4196-803c-28bbc22695d9}">
              <labels>
                <label description="" languagecode="1033" />
              </labels>
            </cell>
          </row>
        </rows>
      </footer>
      <DisplayConditions Order="1" FallbackForm="true">
        <Role Id="{627090ff-40a3-4053-8790-584edc5be201}" />
        <Role Id="{119f245c-3cc8-4b62-b31c-d1a046ced15d}" />
        <Role Id="{6c7b90a2-04b3-48a1-ad5e-e29dd60111b2}" />
      </DisplayConditions>
      <controlDescriptions />
    </form>
    <IsCustomizable>1</IsCustomizable>
    <CanBeDeleted>1</CanBeDeleted>
    <LocalizedNames>
      <LocalizedName description="Vacancy Web Form" languagecode="1033" />
    </LocalizedNames>
    <Descriptions>
      <Description description="A web form for this entity." languagecode="1033" />
    </Descriptions>
  </systemform>
</forms>