﻿<?xml version="1.0" encoding="utf-8"?>
<forms xmlns:xsi="http://www.w3.org/2001/XMLSchema-instance">
  <systemform>
    <formid>{bec1291d-c814-4daf-8c04-1afb8d7136c7}</formid>
    <IntroducedVersion>1.0.0.0</IntroducedVersion>
    <FormPresentation>1</FormPresentation>
    <FormActivationState>1</FormActivationState>
    <form headerdensity="HighWithControls">
      <tabs>
        <tab name="tab_3" id="75bc99cf-ea52-4bac-b87f-5b5d3178834f" IsUserDefined="0" locklevel="0" showlabel="true">
          <labels>
            <label description="Job Details" languagecode="1033" />
          </labels>
          <columns>
            <column width="34%">
              <sections>
                <section showlabel="true" showbar="false" IsUserDefined="0" id="{88984ce3-21f4-4c75-9577-dfaf8ce46dba}" name="General">
                  <labels>
                    <label description="General" languagecode="1033" />
                  </labels>
                  <rows>
                    <row>
                      <cell id="{ffcc7ee1-a391-475c-9921-b8c14129c9db}">
                        <labels>
                          <label description="Job Ref" languagecode="1033" />
                        </labels>
                        <control id="pfc_jobtitle" classid="{4273EDBD-AC1D-40d3-9FB2-095C621B552D}" datafieldname="pfc_jobtitle" disabled="true" />
                      </cell>
                    </row>
                    <row>
                      <cell id="{8bca726d-dc38-4c07-8a67-25c33e5a6a17}" locklevel="0">
                        <labels>
                          <label description="Date JD, PS &amp; Process checked with Service-Users" languagecode="1033" />
                        </labels>
                        <control id="pfc_datejdpsprocesscheckedwithserviceusers" classid="{5B773807-9FB2-42DB-97C3-7A91EFF8ADFF}" datafieldname="pfc_datejdpsprocesscheckedwithserviceusers" disabled="false" />
                      </cell>
                    </row>
                    <row>
                      <cell id="{d7b303ff-b198-47bb-b8ff-5c595e86fade}" locklevel="0">
                        <labels>
                          <label description="Job" languagecode="1033" />
                        </labels>
                        <control id="pfc_job" classid="{270BD3DB-D9AF-4782-9025-509E298DEC0A}" datafieldname="pfc_job" disabled="false" />
                      </cell>
                    </row>
                    <row>
                      <cell id="{c1ae8254-366d-4a31-935f-122ebbff1a52}" locklevel="0">
                        <labels>
                          <label description="Job Title" languagecode="1033" />
                        </labels>
                        <control id="pfc_jobtitles" classid="{3EF39988-22BB-4F0B-BBBE-64B5A3748AEE}" datafieldname="pfc_jobtitles" disabled="true" />
                      </cell>
                    </row>
                    <row>
                      <cell id="{f0aa7395-4801-499f-8a52-3804ef26b41f}" showlabel="true" locklevel="0">
                        <labels>
                          <label description="Application Close Date" languagecode="1033" />
                        </labels>
                        <control id="pfc_applicationclosedate" classid="{5B773807-9FB2-42DB-97C3-7A91EFF8ADFF}" datafieldname="pfc_applicationclosedate" disabled="false" />
                      </cell>
                    </row>
                    <row>
                      <cell id="{b3b41ab2-66d8-4e5b-92ea-e69452a103a9}" showlabel="true" locklevel="0">
                        <labels>
                          <label description="Travel Required" languagecode="1033" />
                        </labels>
                        <control id="pfc_travelrequired" classid="{F9A8A302-114E-466A-B582-6771B2AE0D92}" datafieldname="pfc_travelrequired" disabled="false" uniqueid="{ffee6bd6-ba63-4624-82b0-3cbb0822f374}" />
                      </cell>
                    </row>
                    <row>
                      <cell id="{5c74d6e1-57a6-4820-8d8d-5fd3b089573d}" locklevel="0">
                        <labels>
                          <label description="Weekend Work Required" languagecode="1033" />
                        </labels>
                        <control id="pfc_someweekendworkrequired" classid="{3EF39988-22BB-4F0B-BBBE-64B5A3748AEE}" datafieldname="pfc_someweekendworkrequired" disabled="false" />
                      </cell>
                    </row>
                    <row>
                      <cell id="{4ffce588-b637-41eb-969f-329f7b9e15b3}" locklevel="0">
                        <labels>
                          <label description="Site" languagecode="1033" />
                        </labels>
                        <control id="pfc_site" classid="{270BD3DB-D9AF-4782-9025-509E298DEC0A}" datafieldname="pfc_site" disabled="false">
                          <parameters>
                            <AvailableViewIds>{C09B2072-B98F-42D2-A74A-47DEAA29F205}</AvailableViewIds>
                          </parameters>
                        </control>
                      </cell>
                    </row>
                    <row>
                      <cell id="{09718612-84a3-4593-b399-e51fb6a32a49}" locklevel="0">
                        <labels>
                          <label description="Reports To" languagecode="1033" />
                        </labels>
                        <control id="pfc_reportsto" classid="{270BD3DB-D9AF-4782-9025-509E298DEC0A}" datafieldname="pfc_reportsto" disabled="false">
                          <parameters>
                            <AvailableViewIds>{E88CA999-0B16-4AE9-B6A9-9EDC840D42D8}</AvailableViewIds>
                            <DisableViewPicker>true</DisableViewPicker>
                          </parameters>
                        </control>
                      </cell>
                    </row>
                    <row>
                      <cell id="{230cd6cf-c3fb-463f-855a-adb8416abc7d}" showlabel="true" locklevel="0" visible="false">
                        <labels>
                          <label description="Job Description" languagecode="1033" />
                        </labels>
                        <control id="pfc_jobdescription" classid="{E0DECE4B-6FC8-4A8F-A065-082708572369}" datafieldname="pfc_jobdescription" disabled="true" />
                      </cell>
                    </row>
                  </rows>
                </section>
              </sections>
            </column>
            <column width="33%">
              <sections>
                <section name="tab_2_section_1" id="be23fec9-e62a-421b-aeee-31d236fa32ce" IsUserDefined="0" locklevel="0" showlabel="true" showbar="false" layout="varwidth" celllabelalignment="Left" celllabelposition="Left" columns="1" labelwidth="115">
                  <labels>
                    <label description="Salary Details" languagecode="1033" />
                  </labels>
                  <rows>
                    <row>
                      <cell id="{1ecd6375-d3e9-4b97-b431-507b453f7695}" locklevel="0">
                        <labels>
                          <label description="Salary From" languagecode="1033" />
                        </labels>
                        <control id="pfc_salaryfrom" classid="{533B9E00-756B-4312-95A0-DC888637AC78}" datafieldname="pfc_salaryfrom" disabled="false" />
                      </cell>
                    </row>
                    <row>
                      <cell id="{352e3f26-f725-481d-b13b-02bfe986fa7f}" locklevel="0">
                        <labels>
                          <label description="Salary To" languagecode="1033" />
                        </labels>
                        <control id="pfc_salaryto" classid="{533B9E00-756B-4312-95A0-DC888637AC78}" datafieldname="pfc_salaryto" disabled="false" />
                      </cell>
                    </row>
                    <row>
                      <cell id="{5a88fad6-ca3c-4705-8fbd-69e57a9bcb98}" showlabel="true" locklevel="0">
                        <labels>
                          <label description="Salary Per" languagecode="1033" />
                        </labels>
                        <control id="pfc_salaryper" classid="{3EF39988-22BB-4F0B-BBBE-64B5A3748AEE}" datafieldname="pfc_salaryper" disabled="false" />
                      </cell>
                    </row>
                    <row>
                      <cell id="{aa079d73-b958-4891-9dee-2f8d795aa1ce}" showlabel="true" locklevel="0">
                        <labels>
                          <label description="OTE Amount" languagecode="1033" />
                        </labels>
                        <control id="pfc_oteamount" classid="{533B9E00-756B-4312-95A0-DC888637AC78}" datafieldname="pfc_oteamount" disabled="false" />
                      </cell>
                    </row>
                  </rows>
                </section>
              </sections>
            </column>
            <column width="33%">
              <sections>
                <section name="tab_2_section_2" id="8ee0ab83-1b55-415f-936e-1f127b4ad8cc" IsUserDefined="0" locklevel="0" showlabel="true" showbar="false" layout="varwidth" celllabelalignment="Left" celllabelposition="Left" columns="1" labelwidth="115">
                  <labels>
                    <label description="Contract Details" languagecode="1033" />
                  </labels>
                  <rows>
                    <row>
                      <cell id="{58559d40-3714-41bc-b421-fda7a4bf9889}" showlabel="true" locklevel="0">
                        <labels>
                          <label description="Contract Type" languagecode="1033" />
                        </labels>
                        <control id="pfc_contracttype" classid="{3EF39988-22BB-4F0B-BBBE-64B5A3748AEE}" datafieldname="pfc_contracttype" disabled="false" />
                      </cell>
                    </row>
                    <row>
                      <cell id="{e6bfcb21-c065-4447-8e59-fae1b4215457}" showlabel="true" locklevel="0">
                        <labels>
                          <label description="Contract Duration" languagecode="1033" />
                        </labels>
                        <control id="pfc_contractduration" classid="{C6D124CA-7EDA-4A60-AEA9-7FB8D318B68F}" datafieldname="pfc_contractduration" disabled="false" />
                      </cell>
                    </row>
                    <row>
                      <cell id="{17ce95c6-7084-410f-b681-456c041449dd}" showlabel="true" locklevel="0">
                        <labels>
                          <label description="Period Units" languagecode="1033" />
                        </labels>
                        <control id="pfc_periodunits" classid="{3EF39988-22BB-4F0B-BBBE-64B5A3748AEE}" datafieldname="pfc_periodunits" disabled="false" />
                      </cell>
                    </row>
                    <row>
                      <cell id="{62ab01d1-54f3-4b27-b558-0137e8390f36}" showlabel="true" locklevel="0">
                        <labels>
                          <label description="Min Hours" languagecode="1033" />
                        </labels>
                        <control id="pfc_minhours" classid="{C6D124CA-7EDA-4A60-AEA9-7FB8D318B68F}" datafieldname="pfc_minhours" disabled="false" />
                      </cell>
                    </row>
                    <row>
                      <cell id="{41b6e847-eaa9-4e22-a892-b282c7e62038}" showlabel="true" locklevel="0">
                        <labels>
                          <label description="Max Hours" languagecode="1033" />
                        </labels>
                        <control id="pfc_maxhours" classid="{C6D124CA-7EDA-4A60-AEA9-7FB8D318B68F}" datafieldname="pfc_maxhours" disabled="false" />
                      </cell>
                    </row>
                    <row>
                      <cell id="{875b563b-1b0c-451f-b46a-34295c394e39}" showlabel="true" locklevel="0">
                        <labels>
                          <label description="Hours Per" languagecode="1033" />
                        </labels>
                        <control id="pfc_hoursper" classid="{3EF39988-22BB-4F0B-BBBE-64B5A3748AEE}" datafieldname="pfc_hoursper" disabled="false" />
                      </cell>
                    </row>
                    <row>
                      <cell id="{4e8152e1-06e6-469d-a59d-737a670a8bef}" showlabel="true" locklevel="0">
                        <labels>
                          <label description="Contracted Hours" languagecode="1033" />
                        </labels>
                        <control id="pfc_contractedhours" classid="{3EF39988-22BB-4F0B-BBBE-64B5A3748AEE}" datafieldname="pfc_contractedhours" disabled="false" />
                      </cell>
                    </row>
                  </rows>
                </section>
              </sections>
            </column>
          </columns>
        </tab>
        <tab name="tab_HTML" id="4f23b0e8-26ac-4b27-bb69-780e2a05bd4e" IsUserDefined="0" locklevel="0" showlabel="true">
          <labels>
            <label description="Job Advert HTML" languagecode="1033" />
          </labels>
          <columns>
            <column width="40%">
              <sections>
                <section name="section_data_entry" id="ceb7506e-1759-469e-b167-130f8a6563f9" IsUserDefined="0" locklevel="0" showlabel="true" showbar="false" layout="varwidth" celllabelalignment="Left" celllabelposition="Top" columns="1" labelwidth="115">
                  <labels>
                    <label description="Job Advert Data" languagecode="1033" />
                  </labels>
                  <rows>
                    <row>
                      <cell id="{02d98fa8-94a8-4f06-9af1-cbdc6f022c38}" locklevel="0">
                        <labels>
                          <label description="Job Title (Text Only)" languagecode="1033" />
                        </labels>
                        <control id="pfc_jobtitletextonly" classid="{4273EDBD-AC1D-40D3-9FB2-095C621B552D}" datafieldname="pfc_jobtitletextonly" disabled="true" />
                      </cell>
                    </row>
                    <row>
                      <cell id="{99b4b99b-3421-4ddf-8345-d80ef74a841e}" locklevel="0" rowspan="4">
                        <labels>
                          <label description="Advert Opportunity" languagecode="1033" />
                        </labels>
                        <control id="pfc_advertopportunity" classid="{E0DECE4B-6FC8-4A8F-A065-082708572369}" datafieldname="pfc_advertopportunity" disabled="false" uniqueid="{4bc45aa5-6674-b2e1-bced-55c637006945}" />
                      </cell>
                    </row>
                    <row />
                    <row />
                    <row />
                    <row>
                      <cell id="{a8ec509b-3ad7-45f1-843e-a43540d92336}" locklevel="0" rowspan="4">
                        <labels>
                          <label description="Advert When" languagecode="1033" />
                        </labels>
                        <control id="pfc_advertwhen" classid="{E0DECE4B-6FC8-4A8F-A065-082708572369}" datafieldname="pfc_advertwhen" disabled="false" />
                      </cell>
                    </row>
                    <row />
                    <row />
                    <row />
                    <row>
                      <cell id="{26b60d36-5219-43b3-8370-3ca0c123d98d}" locklevel="0" rowspan="4">
                        <labels>
                          <label description="Advert Role" languagecode="1033" />
                        </labels>
                        <control id="pfc_advertrole" classid="{E0DECE4B-6FC8-4A8F-A065-082708572369}" datafieldname="pfc_advertrole" disabled="false" />
                      </cell>
                    </row>
                    <row />
                    <row />
                    <row />
                    <row>
                      <cell id="{fc6ce5e2-30a6-43cb-91ea-3750c86af617}" locklevel="0" rowspan="4">
                        <labels>
                          <label description="Advert Requirements" languagecode="1033" />
                        </labels>
                        <control id="pfc_advertrequirements" classid="{E0DECE4B-6FC8-4A8F-A065-082708572369}" datafieldname="pfc_advertrequirements" disabled="false" />
                      </cell>
                    </row>
                    <row />
                    <row />
                    <row />
                    <row>
                      <cell id="{6c760e8a-bf4d-4a52-884f-87817eb9d654}" locklevel="0" rowspan="4">
                        <labels>
                          <label description="Advert Experience" languagecode="1033" />
                        </labels>
                        <control id="pfc_advertexperience" classid="{E0DECE4B-6FC8-4A8F-A065-082708572369}" datafieldname="pfc_advertexperience" disabled="false" />
                      </cell>
                    </row>
                    <row>
                      <cell id="{07735dc8-cd73-47ed-aa2e-f050054d55d6}" locklevel="0" rowspan="4" visible="true">
                        <labels>
                          <label description="Job Advert Token Template" languagecode="1033" />
                        </labels>
                        <control id="pfc_jobadverttokentemplate" classid="{E0DECE4B-6FC8-4A8F-A065-082708572369}" datafieldname="pfc_jobadverttokentemplate" disabled="false" />
                      </cell>
                    </row>
                  </rows>
                </section>
              </sections>
            </column>
            <column width="60%">
              <sections>
                <section name="section_html" id="6de26ba6-183f-449b-bdf8-c721bd77a6e1" IsUserDefined="0" locklevel="0" showlabel="true" showbar="false" layout="varwidth" celllabelalignment="Left" celllabelposition="Left" columns="1" labelwidth="115">
                  <labels>
                    <label description="Job Advert" languagecode="1033" />
                  </labels>
                  <rows>
                    <row>
                      <cell id="{8ef30c0a-0cf6-46da-9446-68eb090e2560}" locklevel="0" showlabel="false">
                        <labels>
                          <label description="Job Description" languagecode="1033" />
                        </labels>
                        <control id="pfc_jobdescription" classid="{F9A8A302-114E-466A-B582-6771B2AE0D92}" datafieldname="pfc_jobdescription" disabled="true" uniqueid="{22160d8d-1c48-cae2-9d97-9cbcb2e7334d}" />
                      </cell>
                    </row>
                  </rows>
                </section>
              </sections>
            </column>
          </columns>
        </tab>
      </tabs>
      <header id="{fc8dc418-d7f5-48f3-ab9f-c44ef245afdf}" celllabelposition="Top" columns="111" labelwidth="115" celllabelalignment="Left">
        <rows>
          <row>
            <cell id="{6c4c8f19-6be5-4785-ba92-e9d3c82b3cb1}" showlabel="false">
              <labels>
                <label description="" languagecode="1033" />
              </labels>
            </cell>
            <cell id="{355e46f3-80b0-4c05-a781-c8878f6c7358}" showlabel="false">
              <labels>
                <label description="" languagecode="1033" />
              </labels>
            </cell>
            <cell id="{f5e1bda0-5d79-40cf-815f-b56904c54f6d}" showlabel="false">
              <labels>
                <label description="" languagecode="1033" />
              </labels>
            </cell>
            <cell id="{16a6795a-7a9d-4394-90a5-738dfca502cb}">
              <labels>
                <label description="Owner" languagecode="1033" />
              </labels>
              <control id="header_ownerid" classid="{270BD3DB-D9AF-4782-9025-509E298DEC0A}" datafieldname="ownerid" />
            </cell>
          </row>
        </rows>
      </header>
      <footer id="{7e914e6a-ac6c-4518-a187-915aa1b3f8f4}" celllabelposition="Top" columns="111" labelwidth="115" celllabelalignment="Left">
        <rows>
          <row>
            <cell id="{c822b21b-aa1b-4b3d-b817-0239ff00578e}" showlabel="false">
              <labels>
                <label description="" languagecode="1033" />
              </labels>
            </cell>
            <cell id="{2abff047-23ce-477b-bb98-54e875ac51d5}" showlabel="false">
              <labels>
                <label description="" languagecode="1033" />
              </labels>
            </cell>
            <cell id="{8e740d6e-dc11-4d60-a558-cfd49afd6618}" showlabel="false">
              <labels>
                <label description="" languagecode="1033" />
              </labels>
            </cell>
          </row>
        </rows>
      </footer>
      <controlDescriptions>
        <controlDescription forControl="{ffee6bd6-ba63-4624-82b0-3cbb0822f374}">
          <customControl id="{67FAC785-CD58-4F9F-ABB3-4B7DDC6ED5ED}">
            <parameters>
              <datafieldname>pfc_travelrequired</datafieldname>
            </parameters>
          </customControl>
          <customControl formFactor="2" name="MscrmControls.FieldControls.ToggleControl">
            <parameters>
              <value>pfc_travelrequired</value>
            </parameters>
          </customControl>
          <customControl formFactor="1" name="MscrmControls.FieldControls.ToggleControl">
            <parameters>
              <value>pfc_travelrequired</value>
            </parameters>
          </customControl>
          <customControl formFactor="0" name="MscrmControls.FieldControls.ToggleControl">
            <parameters>
              <value>pfc_travelrequired</value>
            </parameters>
          </customControl>
        </controlDescription>
        <controlDescription forControl="{f953c17b-ab91-43c1-b016-e37d38d5d688}">
          <customControl id="{67FAC785-CD58-4F9F-ABB3-4B7DDC6ED5ED}">
            <parameters>
              <datafieldname>pfc_monday</datafieldname>
            </parameters>
          </customControl>
          <customControl formFactor="2" name="MscrmControls.FieldControls.ToggleControl">
            <parameters>
              <value>pfc_monday</value>
            </parameters>
          </customControl>
          <customControl formFactor="1" name="MscrmControls.FieldControls.ToggleControl">
            <parameters>
              <value>pfc_monday</value>
            </parameters>
          </customControl>
          <customControl formFactor="0" name="MscrmControls.FieldControls.ToggleControl">
            <parameters>
              <value>pfc_monday</value>
            </parameters>
          </customControl>
        </controlDescription>
        <controlDescription forControl="{c163f8e2-3204-4d00-8ae8-0bccf17ea104}">
          <customControl id="{67FAC785-CD58-4F9F-ABB3-4B7DDC6ED5ED}">
            <parameters>
              <datafieldname>pfc_wednesday</datafieldname>
            </parameters>
          </customControl>
          <customControl formFactor="2" name="MscrmControls.FieldControls.ToggleControl">
            <parameters>
              <value>pfc_wednesday</value>
            </parameters>
          </customControl>
          <customControl formFactor="1" name="MscrmControls.FieldControls.ToggleControl">
            <parameters>
              <value>pfc_wednesday</value>
            </parameters>
          </customControl>
          <customControl formFactor="0" name="MscrmControls.FieldControls.ToggleControl">
            <parameters>
              <value>pfc_wednesday</value>
            </parameters>
          </customControl>
        </controlDescription>
        <controlDescription forControl="{0b80dafb-cc1d-4c1c-be8d-63492b746622}">
          <customControl id="{67FAC785-CD58-4F9F-ABB3-4B7DDC6ED5ED}">
            <parameters>
              <datafieldname>pfc_sunday</datafieldname>
            </parameters>
          </customControl>
          <customControl formFactor="2" name="MscrmControls.FieldControls.ToggleControl">
            <parameters>
              <value>pfc_sunday</value>
            </parameters>
          </customControl>
          <customControl formFactor="1" name="MscrmControls.FieldControls.ToggleControl">
            <parameters>
              <value>pfc_sunday</value>
            </parameters>
          </customControl>
          <customControl formFactor="0" name="MscrmControls.FieldControls.ToggleControl">
            <parameters>
              <value>pfc_sunday</value>
            </parameters>
          </customControl>
        </controlDescription>
        <controlDescription forControl="{277ab609-acb0-4343-88a7-65c08938c83a}">
          <customControl id="{67FAC785-CD58-4F9F-ABB3-4B7DDC6ED5ED}">
            <parameters>
              <datafieldname>pfc_tuesday</datafieldname>
            </parameters>
          </customControl>
          <customControl formFactor="2" name="MscrmControls.FieldControls.ToggleControl">
            <parameters>
              <value>pfc_tuesday</value>
            </parameters>
          </customControl>
          <customControl formFactor="1" name="MscrmControls.FieldControls.ToggleControl">
            <parameters>
              <value>pfc_tuesday</value>
            </parameters>
          </customControl>
          <customControl formFactor="0" name="MscrmControls.FieldControls.ToggleControl">
            <parameters>
              <value>pfc_tuesday</value>
            </parameters>
          </customControl>
        </controlDescription>
        <controlDescription forControl="{42f9c9d6-69c2-47d9-8980-f9e7e692a251}">
          <customControl id="{67FAC785-CD58-4F9F-ABB3-4B7DDC6ED5ED}">
            <parameters>
              <datafieldname>pfc_thursday</datafieldname>
            </parameters>
          </customControl>
          <customControl formFactor="2" name="MscrmControls.FieldControls.ToggleControl">
            <parameters>
              <value>pfc_thursday</value>
            </parameters>
          </customControl>
          <customControl formFactor="1" name="MscrmControls.FieldControls.ToggleControl">
            <parameters>
              <value>pfc_thursday</value>
            </parameters>
          </customControl>
          <customControl formFactor="0" name="MscrmControls.FieldControls.ToggleControl">
            <parameters>
              <value>pfc_thursday</value>
            </parameters>
          </customControl>
        </controlDescription>
        <controlDescription forControl="{bea29a9a-27cc-4a0f-9304-5f34230e1e59}">
          <customControl id="{67FAC785-CD58-4F9F-ABB3-4B7DDC6ED5ED}">
            <parameters>
              <datafieldname>pfc_friday</datafieldname>
            </parameters>
          </customControl>
          <customControl formFactor="2" name="MscrmControls.FieldControls.ToggleControl">
            <parameters>
              <value>pfc_friday</value>
            </parameters>
          </customControl>
          <customControl formFactor="1" name="MscrmControls.FieldControls.ToggleControl">
            <parameters>
              <value>pfc_friday</value>
            </parameters>
          </customControl>
          <customControl formFactor="0" name="MscrmControls.FieldControls.ToggleControl">
            <parameters>
              <value>pfc_friday</value>
            </parameters>
          </customControl>
        </controlDescription>
        <controlDescription forControl="{2b973dee-7335-4f42-8367-358599339d74}">
          <customControl id="{67FAC785-CD58-4F9F-ABB3-4B7DDC6ED5ED}">
            <parameters>
              <datafieldname>pfc_saturday</datafieldname>
            </parameters>
          </customControl>
          <customControl formFactor="2" name="MscrmControls.FieldControls.ToggleControl">
            <parameters>
              <value>pfc_saturday</value>
            </parameters>
          </customControl>
          <customControl formFactor="1" name="MscrmControls.FieldControls.ToggleControl">
            <parameters>
              <value>pfc_saturday</value>
            </parameters>
          </customControl>
          <customControl formFactor="0" name="MscrmControls.FieldControls.ToggleControl">
            <parameters>
              <value>pfc_saturday</value>
            </parameters>
          </customControl>
        </controlDescription>
        <controlDescription forControl="{22160d8d-1c48-cae2-9d97-9cbcb2e7334d}">
          <customControl id="{E0DECE4B-6FC8-4A8F-A065-082708572369}" formFactor="0">
            <parameters>
              <datafieldname>pfc_jobdescription</datafieldname>
            </parameters>
          </customControl>
          <customControl id="{E0DECE4B-6FC8-4A8F-A065-082708572369}" formFactor="1">
            <parameters>
              <datafieldname>pfc_jobdescription</datafieldname>
            </parameters>
          </customControl>
          <customControl formFactor="2" name="pfc_pfc.htmlTemplateEditor">
            <parameters>
              <htmlData>pfc_jobdescription</htmlData>
              <tokenTemplate>pfc_jobadverttokentemplate</tokenTemplate>
              <token1>pfc_jobtitletextonly</token1>
              <token2>pfc_advertopportunity</token2>
              <token3>pfc_advertwhen</token3>
              <token4>pfc_advertrole</token4>
              <token5>pfc_advertrequirements</token5>
              <token6>pfc_advertexperience</token6>
            </parameters>
          </customControl>
        </controlDescription>
      </controlDescriptions>
      <Navigation>
        <NavBar />
        <NavBarAreas>
          <NavBarArea Id="Info">
            <Titles>
              <Title LCID="1033" Text="Common" />
            </Titles>
          </NavBarArea>
          <NavBarArea Id="Sales">
            <Titles>
              <Title LCID="1033" Text="Sales" />
            </Titles>
          </NavBarArea>
          <NavBarArea Id="Service">
            <Titles>
              <Title LCID="1033" Text="Service" />
            </Titles>
          </NavBarArea>
          <NavBarArea Id="Marketing">
            <Titles>
              <Title LCID="1033" Text="Marketing" />
            </Titles>
          </NavBarArea>
          <NavBarArea Id="ProcessCenter">
            <Titles>
              <Title LCID="1033" Text="Process Sessions" />
            </Titles>
          </NavBarArea>
        </NavBarAreas>
      </Navigation>
      <DisplayConditions Order="0" FallbackForm="true">
        <Everyone />
      </DisplayConditions>
      <formLibraries>
        <Library name="pfc_vacancyscripts" libraryUniqueId="{c38825e4-c471-4a28-aa6a-8cc87a90c121}" />
      </formLibraries>
      <events>
        <event name="onchange" application="true" active="true" attribute="pfc_job">
          <Handlers>
            <Handler functionName="Vacancy.getLookupName" libraryName="pfc_vacancyscripts" handlerUniqueId="{fbff4ccc-6f87-4b68-a3a5-326cd9917004}" enabled="true" parameters="" passExecutionContext="true" />
          </Handlers>
        </event>
      </events>
    </form>
    <IsCustomizable>1</IsCustomizable>
    <CanBeDeleted>1</CanBeDeleted>
    <LocalizedNames>
      <LocalizedName description="Vacancy Main Form" languagecode="1033" />
    </LocalizedNames>
    <Descriptions>
      <Description description="A form for this entity." languagecode="1033" />
    </Descriptions>
  </systemform>
</forms>