﻿<?xml version="1.0" encoding="utf-8"?>
<savedqueries xmlns:xsi="http://www.w3.org/2001/XMLSchema-instance">
  <savedquery>
    <IsCustomizable>1</IsCustomizable>
    <CanBeDeleted>0</CanBeDeleted>
    <isquickfindquery>0</isquickfindquery>
    <isprivate>0</isprivate>
    <isdefault>1</isdefault>
    <savedqueryid>{9ef5aead-0f2e-4c1b-b43d-52b6178c3328}</savedqueryid>
    <layoutxml>
      <grid name="resultset" jump="pfc_name" select="1" icon="1" preview="1">
        <row name="result" id="pfc_refereeid">
          <cell name="pfc_name" width="300" />
          <cell name="createdon" width="125" />
        </row>
      </grid>
    </layoutxml>
    <querytype>1</querytype>
    <fetchxml>
      <fetch version="1.0" mapping="logical">
        <entity name="pfc_referee">
          <attribute name="pfc_refereeid" />
          <attribute name="pfc_name" />
          <attribute name="createdon" />
          <order attribute="pfc_name" descending="false" />
        </entity>
      </fetch>
    </fetchxml>
    <IntroducedVersion>1.0.0.0</IntroducedVersion>
    <LocalizedNames>
      <LocalizedName description="Referee Advanced Find View" languagecode="1033" />
    </LocalizedNames>
  </savedquery>
</savedqueries>