﻿<?xml version="1.0" encoding="utf-8"?>
<visualization xmlns:xsi="http://www.w3.org/2001/XMLSchema-instance">
  <savedqueryvisualizationid>{5AE0AD05-8DA6-EB11-9442-0022480018C6}</savedqueryvisualizationid>
  <datadescription>
    <datadefinition>
      <fetchcollection>
        <fetch mapping="logical" aggregate="true">
          <entity name="pfc_enquiry">
            <attribute name="ownerid" groupby="true" alias="_CRMAutoGen_groupby_column_Num_0" />
            <attribute name="pfc_referrerfirstname" aggregate="count" alias="_CRMAutoGen_aggregate_column_Num_0" />
          </entity>
        </fetch>
      </fetchcollection>
      <categorycollection>
        <category alias="_CRMAutoGen_groupby_column_Num_0">
          <measurecollection>
            <measure alias="_CRMAutoGen_aggregate_column_Num_0" />
          </measurecollection>
        </category>
      </categorycollection>
    </datadefinition>
  </datadescription>
  <presentationdescription>
    <Chart>
      <Series>
        <Series IsValueShownAsLabel="True" Color="91, 151, 213" BackSecondaryColor="41, 88, 145" Font="{0}, 9.5px" LabelForeColor="59, 59, 59" ChartType="Tag" CustomProperties="PointWidth=0.75, MaxPixelPointWidth=40">
          <SmartLabelStyle Enabled="True" />
          <Points />
        </Series>
      </Series>
      <ChartAreas>
        <ChartArea BorderColor="White" BorderDashStyle="Solid">
          <AxisY LabelAutoFitMinFontSize="8" TitleForeColor="59, 59, 59" TitleFont="{0}, 10.5px" LineColor="165, 172, 181">
            <MajorGrid LineColor="239, 242, 246" />
            <MajorTickMark LineColor="165, 172, 181" />
            <LabelStyle Font="{0}, 10.5px" ForeColor="59, 59, 59" />
          </AxisY>
          <AxisX LabelAutoFitMinFontSize="8" TitleForeColor="59, 59, 59" TitleFont="{0}, 10.5px" LineColor="165, 172, 181">
            <MajorGrid Enabled="False" />
            <MajorTickMark Enabled="False" />
            <LabelStyle Font="{0}, 10.5px" ForeColor="59, 59, 59" />
          </AxisX>
        </ChartArea>
      </ChartAreas>
      <Titles>
        <Title Alignment="TopLeft" DockingOffset="-3" Font="{0}, 13px" ForeColor="59, 59, 59" />
      </Titles>
      <Image>/_imgs/case_mix_by_product.png</Image>
    </Chart>
  </presentationdescription>
  <isdefault>0</isdefault>
  <LocalizedNames>
    <LocalizedName description="Leads by Owner (Tag Chart)" languagecode="1033" />
  </LocalizedNames>
  <Descriptions>
    <Description description="Shows the number of enquiries by individual owners." languagecode="1033" />
  </Descriptions>
  <IsCustomizable>1</IsCustomizable>
  <IntroducedVersion>1.0.0.191</IntroducedVersion>
  <CanBeDeleted>1</CanBeDeleted>
</visualization>