﻿<?xml version="1.0" encoding="utf-8"?>
<forms xmlns:xsi="http://www.w3.org/2001/XMLSchema-instance">
  <systemform>
    <formid>{8448b78f-8f42-454e-8e2a-f8196b0419af}</formid>
    <IntroducedVersion>1.0.0.0</IntroducedVersion>
    <FormPresentation>1</FormPresentation>
    <FormActivationState>1</FormActivationState>
    <form headerdensity="HighWithControls" solutionaction="Modified">
      <tabs>
        <tab name="SUMMARY_TAB" id="{3b0b63a9-d379-689a-0ec3-e71eb4c6a841}" IsUserDefined="0" showlabel="true" expanded="true" locklevel="0" ordinalvalue="0">
          <columns>
            <column width="33%" id="0">
              <sections>
                <section name="ACCOUNT_INFORMATION" showlabel="true" showbar="false" id="{0eb92e6c-bcb8-0d52-a188-d81543ddb7cd}" IsUserDefined="0" layout="varwidth" columns="1" labelwidth="115" celllabelposition="Left" ordinalvalue="0">
                  <rows>
                    <row>
                      <cell id="{b0e82a7e-5683-d90c-308a-0d779377ea8a}" showlabel="true" ordinalvalue="10000">
                        <labels>
                          <label description="Account Name" languagecode="1033" solutionaction="Added" />
                        </labels>
                      </cell>
                    </row>
                    <row>
                      <cell id="{8b98a55e-a345-b20e-d46e-801e79d5c1c1}" showlabel="true" ordinalvalue="10002" solutionaction="Removed" />
                    </row>
                    <row>
                      <cell id="{e6441984-4343-813a-aa7e-e2747ad35390}" showlabel="true" ordinalvalue="10002" solutionaction="Modified">
                        <labels>
                          <label description="Website" languagecode="1033" solutionaction="Added" />
                        </labels>
                      </cell>
                    </row>
                    <row>
                      <cell id="{87DE203E-B03C-44CC-8B06-438202B82553}" ordinalvalue="10003" solutionaction="Modified">
                        <labels>
                          <label description="Parent Account" languagecode="1033" solutionaction="Added" />
                        </labels>
                      </cell>
                    </row>
                    <row>
                      <cell id="{5f38af3a-3307-47dc-b36d-d9a5de525e6e}" showlabel="true" ordinalvalue="10005" solutionaction="Removed" />
                    </row>
                  </rows>
                </section>
                <section name="ADDRESS" showlabel="true" locklevel="0" showbar="false" id="{cc0fe06e-4b5f-4648-A62d-84d1514e1fc5}" IsUserDefined="0" layout="varwidth" columns="1" labelwidth="115" celllabelposition="Left" ordinalvalue="1">
                  <rows>
                    <row>
                      <cell id="{4913500e-605a-809b-e99e-69e2710d09bd}" showlabel="true" locklevel="0" ordinalvalue="10000">
                        <labels>
                          <label description="Address 1" languagecode="1033" solutionaction="Added" />
                        </labels>
                      </cell>
                    </row>
                  </rows>
                </section>
                <section name="MapSection" showlabel="false" showbar="false" id="{e1c565b8-7db7-4a44-b4e7-281614ff849b}" IsUserDefined="0" layout="varwidth" columns="1" labelwidth="115" celllabelposition="Left" ordinalvalue="2" solutionaction="Removed" />
              </sections>
            </column>
            <column width="25%" id="2">
              <sections>
                <section name="Summary_section_6" showlabel="false" showbar="false" locklevel="0" id="{ea3bb0a6-b9dc-1b0e-5e7d-74a380ee79a3}" IsUserDefined="0" layout="varwidth" columns="1" labelwidth="115" ordinalvalue="0" solutionaction="Removed" />
                <section name="SUMMARY_TAB_section_6" showlabel="false" showbar="false" locklevel="0" id="{d4c3ee9c-ba71-5cdb-31be-2aa505750472}" IsUserDefined="0" layout="varwidth" columns="1" labelwidth="115" celllabelalignment="Left" celllabelposition="Top" ordinalvalue="0" solutionaction="Modified">
                  <rows>
                    <row>
                      <cell id="{b187688c-8410-5990-16ec-e153968ab583}" showlabel="true" locklevel="0" ordinalvalue="10000">
                        <labels>
                          <label description="Primary Contact" languagecode="1033" solutionaction="Added" />
                        </labels>
                      </cell>
                    </row>
                    <row>
                      <cell id="{0F664FFF-E39E-4676-9191-CBA16972B21D}" colspan="1" showlabel="false" ordinalvalue="10001">
                        <labels>
                          <label description="Primary Contact" languagecode="1033" solutionaction="Added" />
                        </labels>
                      </cell>
                    </row>
                    <row>
                      <cell id="{8e24c7e3-6a40-5abb-eadb-254eba5478e2}" showlabel="true" colspan="1" auto="false" rowspan="7" ordinalvalue="10002">
                        <control id="Contacts" classid="{E7A81278-8635-4d9e-8D4D-59480B391C5B}">
                          <parameters>
                            <ViewId solutionaction="Modified">{C2FA66A0-9276-EB11-A812-0022481A6366}</ViewId>
                            <ViewIds solutionaction="Modified">{62FB3605-E4C1-EA11-A812-000D3A86A8CF},{00000000-0000-0000-00AA-000010001004},{C2FA66A0-9276-EB11-A812-0022481A6366},{80F93A8D-DAF8-EA11-A815-002248005E55},{FBFE239F-7F09-EB11-A813-000D3A86AD30},{0650F382-93D1-EA11-A813-002248005E55},{CB384CDB-AB5C-EB11-A812-000D3A0CC44C},{04A54C44-5877-EB11-A812-0022481A6366}</ViewIds>
                            <VisualizationId />
                          </parameters>
                        </control>
                      </cell>
                    </row>
                    <row>
                      <cell id="{245158ED-C47A-4BB5-AAC7-E8C96A655801}" showlabel="true" rowspan="8" colspan="1" auto="false" ordinalvalue="10003" solutionaction="Removed" />
                    </row>
                    <row>
                      <cell id="{3E27EE84-1A25-418B-85F5-CDCC7CD5918D}" showlabel="true" rowspan="8" colspan="1" auto="false" ordinalvalue="10004" solutionaction="Removed" />
                    </row>
                    <row>
                      <cell id="{2c745e48-587d-beb8-297d-055b604013b2}" showlabel="true" colspan="1" auto="false" rowspan="7" ordinalvalue="10005" solutionaction="Removed" />
                    </row>
                  </rows>
                </section>
              </sections>
            </column>
          </columns>
        </tab>
        <tab name="DETAILS_TAB" id="{11a42c72-9ded-ea04-253d-2143e731b795}" IsUserDefined="0" showlabel="true" expanded="true" ordinalvalue="1">
          <columns>
            <column width="34%" id="0">
              <sections>
                <section name="COMPANY_PROFILE" showlabel="true" showbar="false" id="{ca8587c5-18c0-cac1-7c34-6c639eade090}" IsUserDefined="0" layout="varwidth" columns="1" labelwidth="115" celllabelposition="Left" ordinalvalue="0">
                  <rows>
                    <row>
                      <cell id="{59782911-4d1a-38dc-ce49-7dae620dbc51}" showlabel="true" ordinalvalue="10000">
                        <labels>
                          <label description="Industry" languagecode="1033" solutionaction="Added" />
                        </labels>
                      </cell>
                    </row>
                    <row>
                      <cell id="{930beba3-d531-0808-c403-de95e2ac3e62}" showlabel="true" ordinalvalue="10001">
                        <labels>
                          <label description="SIC Code" languagecode="1033" solutionaction="Added" />
                        </labels>
                      </cell>
                    </row>
                    <row>
                      <cell id="{1c33ad89-92a1-8433-2378-306259eb57c0}" showlabel="true" ordinalvalue="10002">
                        <labels>
                          <label description="Ownership" languagecode="1033" solutionaction="Added" />
                        </labels>
                      </cell>
                    </row>
                  </rows>
                </section>
                <section name="DETAILS_TAB_section_6" showlabel="true" showbar="false" locklevel="0" id="{e201b9ce-c3d5-c922-dba5-528c25066940}" IsUserDefined="0" layout="varwidth" columns="1" labelwidth="115" celllabelalignment="Left" celllabelposition="Top" height="auto" ordinalvalue="1">
                  <rows>
                    <row>
                      <cell id="{a4a726a2-8e3e-79d0-02c3-0a04a6b71089}" showlabel="false" locklevel="0" rowspan="3" auto="true" ordinalvalue="10000">
                        <labels>
                          <label description="Description" languagecode="1033" solutionaction="Added" />
                        </labels>
                      </cell>
                    </row>
                  </rows>
                </section>
              </sections>
            </column>
            <column width="33%" id="1">
              <sections>
                <section name="MARKETING" showlabel="true" locklevel="0" showbar="false" id="{767ab9cb-cb99-45f4-bd68-32742a864c7c}" IsUserDefined="0" layout="varheight" columns="1" labelwidth="115" celllabelposition="Left" ordinalvalue="0" solutionaction="Removed" />
                <section name="CONTACT_PREFERENCES" showlabel="true" showbar="false" id="{2787a122-55d5-4c8d-9b21-c8d4ec8cc3fc}" IsUserDefined="0" columns="1" labelwidth="115" celllabelposition="Left" ordinalvalue="0" solutionaction="Modified" />
              </sections>
            </column>
            <column width="33%" id="2">
              <sections>
                <section name="BILLING" showlabel="true" showbar="false" id="{910de80a-a17e-092a-255d-44d775cb4207}" IsUserDefined="0" layout="varwidth" columns="1" labelwidth="115" celllabelposition="Left" locklevel="0" celllabelalignment="Left" ordinalvalue="0" solutionaction="Removed" />
                <section name="SHIPPING" showlabel="true" showbar="false" id="{d61ba33b-9648-d541-459d-ae145a6854db}" IsUserDefined="0" layout="varwidth" columns="1" labelwidth="115" celllabelposition="Left" locklevel="0" celllabelalignment="Left" ordinalvalue="1" solutionaction="Removed" />
                <section name="ChildAccounts" showlabel="true" showbar="false" locklevel="0" id="{1e0e4517-ba6b-1540-53a9-09647d67443a}" IsUserDefined="0" layout="varwidth" columns="1" labelwidth="115" celllabelalignment="Left" celllabelposition="Left" ordinalvalue="0" solutionaction="Modified" />
              </sections>
            </column>
          </columns>
        </tab>
        <tab name="AssetsAndLocationsTab" id="{9d2b89a1-bec3-0b60-b2a7-d459b760e832}" IsUserDefined="0" locklevel="0" showlabel="true" expanded="true" ordinalvalue="2" solutionaction="Removed" />
        <tab name="documents_sharepoint" id="{5240e6be-ed06-8050-7115-ba225c7a4a13}" IsUserDefined="0" locklevel="0" showlabel="true" expanded="true" ordinalvalue="2" solutionaction="Modified" />
      </tabs>
      <header id="{d5a03552-1183-4347-a237-1f894ba449eb}" columns="111" celllabelposition="Top" labelwidth="115">
        <rows>
          <row>
            <cell id="{d3e19d4e-b2ae-409f-9b4e-5976527c6c83}" ordinalvalue="10000">
              <labels>
                <label description="Annual Revenue" languagecode="1033" solutionaction="Added" />
              </labels>
            </cell>
            <cell id="{2adb5a52-604d-5aad-ba6a-2bbab6c33594}" showlabel="true" ordinalvalue="20001">
              <labels>
                <label description="Number of Employees" languagecode="1033" solutionaction="Added" />
              </labels>
            </cell>
            <cell id="{54b2d0a2-eb77-b3cd-b60a-03ea6944e98e}" showlabel="true" locklevel="1" ordinalvalue="30002">
              <labels>
                <label description="Owner" languagecode="1033" solutionaction="Added" />
              </labels>
            </cell>
          </row>
        </rows>
      </header>
      <DisplayConditions FallbackForm="true" Order="2" solutionaction="Modified" />
      <footer id="{9d9366a9-9698-4163-a91f-21e294378b5f}" celllabelposition="Top" columns="111" labelwidth="115" celllabelalignment="Left" solutionaction="Added">
        <rows>
          <row>
            <cell id="{70c230bb-4c73-41d1-b643-95e52f7ec6db}" showlabel="false" ordinalvalue="10000">
              <labels>
                <label description="" languagecode="1033" />
              </labels>
            </cell>
            <cell id="{f138b792-00dd-40b5-92ea-70e47dd4473a}" showlabel="false" ordinalvalue="20001">
              <labels>
                <label description="" languagecode="1033" />
              </labels>
            </cell>
            <cell id="{578bc0d0-f163-4aaa-a1a9-69613f7731a5}" showlabel="false" ordinalvalue="30002">
              <labels>
                <label description="" languagecode="1033" />
              </labels>
            </cell>
          </row>
        </rows>
      </footer>
    </form>
    <LocalizedNames>
      <LocalizedName description="Account" languagecode="1033" />
    </LocalizedNames>
    <Descriptions>
      <Description description="Updated default Account form." languagecode="1033" />
    </Descriptions>
  </systemform>
</forms>