﻿<?xml version="1.0" encoding="utf-8"?>
<forms xmlns:xsi="http://www.w3.org/2001/XMLSchema-instance">
  <systemform>
    <formid>{b053a39a-041a-4356-acef-ddf00182762b}</formid>
    <IntroducedVersion>5.0.0.0</IntroducedVersion>
    <FormPresentation>0</FormPresentation>
    <FormActivationState>0</FormActivationState>
    <form>
      <tabs>
        <tab name="general" verticallayout="true" id="{13b0fbf2-e596-4dc5-919b-7a0aea72598b}" IsUserDefined="0" ordinalvalue="1" solutionaction="Modified">
          <columns>
            <column width="100%" id="0">
              <sections>
                <section name="account information" showlabel="false" showbar="false" id="{407c4e29-b766-4efb-986c-f4c1d9be75ce}" IsUserDefined="0" ordinalvalue="0">
                  <rows>
                    <row>
                      <cell id="{ea0b806e-b8ff-474e-a676-962a67ec191d}" ordinalvalue="10000">
                        <labels>
                          <label description="Account Name" languagecode="1033" solutionaction="Added" />
                        </labels>
                      </cell>
                      <cell id="{10b26e53-bc30-481a-982e-3f70c476cd6a}" ordinalvalue="20001">
                        <labels>
                          <label description="Main Phone" languagecode="1033" solutionaction="Added" />
                        </labels>
                      </cell>
                    </row>
                    <row>
                      <cell id="{414469ee-8334-476e-ae58-8ac4692d03eb}" ordinalvalue="10002">
                        <labels>
                          <label description="Primary Contact" languagecode="1033" solutionaction="Added" />
                        </labels>
                      </cell>
                      <cell id="{6ad12b41-f944-4536-b710-0223a9cd0e25}" ordinalvalue="20003">
                        <labels>
                          <label description="Other Phone" languagecode="1033" solutionaction="Added" />
                        </labels>
                      </cell>
                    </row>
                    <row>
                      <cell id="{4c14f897-986a-40dc-a7ba-df7801d13f01}" ordinalvalue="10004">
                        <labels>
                          <label description="Account Number" languagecode="1033" solutionaction="Added" />
                        </labels>
                      </cell>
                      <cell id="{c5fd4d12-00d0-45d1-9e60-595d27c4f4fc}" ordinalvalue="20005">
                        <labels>
                          <label description="Fax" languagecode="1033" solutionaction="Added" />
                        </labels>
                      </cell>
                    </row>
                    <row>
                      <cell id="{a8a9ce07-fda7-4329-8c1f-abf5cf028319}" ordinalvalue="10006">
                        <labels>
                          <label description="Parent Account" languagecode="1033" solutionaction="Added" />
                        </labels>
                      </cell>
                      <cell id="{b0d69ad5-9803-48bd-b7ff-145ace4093e5}" ordinalvalue="20007">
                        <labels>
                          <label description="Website" languagecode="1033" solutionaction="Added" />
                        </labels>
                      </cell>
                    </row>
                    <row>
                      <cell id="{dd9cfe1d-a28a-4626-b56c-a247b5c7b759}" ordinalvalue="10008">
                        <labels>
                          <label description="Email" languagecode="1033" solutionaction="Added" />
                        </labels>
                      </cell>
                    </row>
                  </rows>
                </section>
                <section name="description" showlabel="true" showbar="true" id="{371fc62b-6e62-4cad-9f70-76da338b39a3}" IsUserDefined="0" height="auto" ordinalvalue="3">
                  <rows>
                    <row>
                      <cell colspan="2" showlabel="false" rowspan="5" auto="true" id="{679a0c59-4a19-4383-95a6-0df4d8b7dafa}" ordinalvalue="10000">
                        <labels>
                          <label description="Description" languagecode="1033" solutionaction="Added" />
                        </labels>
                      </cell>
                    </row>
                  </rows>
                </section>
              </sections>
            </column>
          </columns>
        </tab>
        <tab name="details" id="{e8642bdb-3b0b-4ce4-bcca-646d04e856cb}" IsUserDefined="0" ordinalvalue="2" solutionaction="Modified">
          <columns>
            <column width="100%" id="0">
              <sections>
                <section name="professional information" showlabel="true" showbar="true" id="{2bb37cd5-2d02-47cc-8464-27e5aa1c400d}" IsUserDefined="0" ordinalvalue="0">
                  <rows>
                    <row>
                      <cell colspan="2" id="{cc9400cb-5058-460d-a8e3-8ca46fe1b00c}" ordinalvalue="10000">
                        <labels>
                          <label description="Industry" languagecode="1033" solutionaction="Added" />
                        </labels>
                      </cell>
                    </row>
                    <row>
                      <cell id="{b0dd608d-2913-43dc-9f37-386239b8c8ca}" ordinalvalue="10001">
                        <labels>
                          <label description="Annual Revenue" languagecode="1033" solutionaction="Added" />
                        </labels>
                      </cell>
                      <cell id="{27022de3-5e5e-4d79-a540-0e99c54f2ea4}" ordinalvalue="20002">
                        <labels>
                          <label description="Ownership" languagecode="1033" solutionaction="Added" />
                        </labels>
                      </cell>
                    </row>
                    <row>
                      <cell id="{20355ff9-a398-4f97-8fc9-86ad60b4de78}" ordinalvalue="10003">
                        <labels>
                          <label description="Number of Employees" languagecode="1033" solutionaction="Added" />
                        </labels>
                      </cell>
                      <cell id="{ca60d618-c7f6-4dff-86bb-c80a4bf4383f}" ordinalvalue="20004">
                        <labels>
                          <label description="Ticker Symbol" languagecode="1033" solutionaction="Added" />
                        </labels>
                      </cell>
                    </row>
                    <row>
                      <cell id="{cec04501-3f93-40ab-afb3-3fba3bd15547}" ordinalvalue="10005">
                        <labels>
                          <label description="SIC Code" languagecode="1033" solutionaction="Added" />
                        </labels>
                      </cell>
                    </row>
                  </rows>
                </section>
                <section name="description" id="{22c54202-b263-46e5-9676-47112c3be47d}" ordinalvalue="1">
                  <rows>
                    <row>
                      <cell id="{2f4ffee8-4252-4343-8657-76ad64a3c0a0}" ordinalvalue="10000">
                        <labels>
                          <label description="Territory" languagecode="1033" solutionaction="Added" />
                        </labels>
                      </cell>
                    </row>
                    <row>
                      <cell id="{e869b293-84be-4743-a71a-fe6eca532aad}" ordinalvalue="10002">
                        <labels>
                          <label description="Category" languagecode="1033" solutionaction="Added" />
                        </labels>
                      </cell>
                    </row>
                    <row>
                      <cell id="{75231669-b6e4-42c1-98fa-ed1fd2d4091b}" ordinalvalue="10004">
                        <labels>
                          <label description="Relationship Type" languagecode="1033" solutionaction="Added" />
                        </labels>
                      </cell>
                    </row>
                  </rows>
                </section>
                <section name="billing information" id="{0243b19c-f88a-410c-9d90-0862142c56e2}" ordinalvalue="2">
                  <rows>
                    <row>
                      <cell id="{33b5e3cb-6765-4cea-b1a6-b7fa071e942f}" ordinalvalue="10000">
                        <labels>
                          <label description="Currency" languagecode="1033" solutionaction="Added" />
                        </labels>
                      </cell>
                      <cell id="{98872a67-595f-4a39-93fc-628a0d4aec4e}" ordinalvalue="20001">
                        <labels>
                          <label description="Payment Terms" languagecode="1033" solutionaction="Added" />
                        </labels>
                      </cell>
                    </row>
                    <row>
                      <cell id="{b978afe4-1145-4d11-b73d-2d3a75674628}" ordinalvalue="10002">
                        <labels>
                          <label description="Credit Limit" languagecode="1033" solutionaction="Added" />
                        </labels>
                      </cell>
                    </row>
                    <row>
                      <cell id="{1eefa848-c48d-47c9-8ff4-796403c5a51a}" ordinalvalue="10004">
                        <labels>
                          <label description="Price List" languagecode="1033" solutionaction="Added" />
                        </labels>
                      </cell>
                    </row>
                    <row>
                      <cell id="{88b1eb8d-6cb7-4172-a2e9-68d7f702a941}" ordinalvalue="10006">
                        <labels>
                          <label description="Credit Hold" languagecode="1033" solutionaction="Added" />
                        </labels>
                      </cell>
                    </row>
                  </rows>
                </section>
              </sections>
            </column>
          </columns>
        </tab>
        <tab name="contacts" id="{52c46fc3-c588-42d2-b24a-764536e3ce79}" IsUserDefined="0" ordinalvalue="3" solutionaction="Modified" />
        <tab name="notes and activities" id="{61710424-A7C1-4db5-9489-788BCDCF267A}" IsUserDefined="0" expanded="false" ordinalvalue="4" solutionaction="Modified" />
        <tab name="administration" id="{5b8906be-c80f-4c26-8ba2-b07f45cb2936}" IsUserDefined="0" ordinalvalue="5" solutionaction="Modified">
          <columns>
            <column width="100%" id="0">
              <sections>
                <section name="internal information" showlabel="false" showbar="false" id="{e40e4201-ddc0-4384-bb7a-44dd8be88ec6}" IsUserDefined="0" ordinalvalue="0">
                  <rows>
                    <row>
                      <cell id="{670dc25c-ddd3-422a-9981-e3cd3d977948}" ordinalvalue="10000">
                        <labels>
                          <label description="Owner" languagecode="1033" solutionaction="Added" />
                        </labels>
                      </cell>
                    </row>
                  </rows>
                </section>
                <section name="marketing information" showlabel="true" showbar="true" locklevel="0" id="{7f86a255-fe14-4b3a-89ba-e1265712c006}" IsUserDefined="0" layout="varheight" columns="11" ordinalvalue="2">
                  <rows>
                    <row>
                      <cell id="{5d977a22-6ea8-4b46-90ed-092755c9eb08}" ordinalvalue="10000">
                        <labels>
                          <label description="Originating Lead" languagecode="1033" solutionaction="Added" />
                        </labels>
                      </cell>
                      <cell auto="false" showlabel="true" locklevel="0" rowspan="1" colspan="1" id="{5f0552ba-6db6-4da0-b2a7-b388d3c8d280}" ordinalvalue="20001">
                        <labels>
                          <label description="Last Date Included in Campaign" languagecode="1033" solutionaction="Added" />
                        </labels>
                      </cell>
                    </row>
                    <row>
                      <cell auto="false" showlabel="true" locklevel="0" rowspan="1" colspan="1" id="{edbbf74d-9d9b-4646-9972-e104503c87e8}" ordinalvalue="10002">
                        <labels>
                          <label description="Send Marketing Materials" languagecode="1033" solutionaction="Added" />
                        </labels>
                      </cell>
                    </row>
                  </rows>
                </section>
                <section name="service preferences" showlabel="true" showbar="true" id="{DFF21ED1-106A-46FA-9C23-739C909FC16C}" IsUserDefined="0" ordinalvalue="3">
                  <rows>
                    <row>
                      <cell id="{ad68a13b-fc81-48a0-ae32-b73c15f44c2d}" ordinalvalue="10000">
                        <labels>
                          <label description="Preferred Day" languagecode="1033" solutionaction="Added" />
                        </labels>
                      </cell>
                      <cell id="{8143f220-03cc-4174-95e1-6ddda80316fc}" ordinalvalue="20001">
                        <labels>
                          <label description="Preferred Time" languagecode="1033" solutionaction="Added" />
                        </labels>
                      </cell>
                    </row>
                    <row>
                      <cell id="{c0894e23-3db1-4bcb-b0f9-450ed1584b0c}" ordinalvalue="10002">
                        <labels>
                          <label description="Preferred User" languagecode="1033" solutionaction="Added" />
                        </labels>
                      </cell>
                    </row>
                  </rows>
                </section>
              </sections>
            </column>
          </columns>
        </tab>
        <tab name="tab_recordwall" id="{e94e6ac4-12db-bc8c-ec81-8b20c5987655}" IsUserDefined="0" locklevel="0" showlabel="true" expanded="false" labelid="{cf8860a8-ebea-4692-817f-169c4c11244a}" ordinalvalue="0" solutionaction="Added">
          <labels>
            <label description="What's New" languagecode="1033" />
          </labels>
          <columns>
            <column width="100%" id="0">
              <sections>
                <section name="tab_recordwall_section_1" showlabel="false" showbar="false" locklevel="0" id="{ac0addcc-a626-6c98-40ee-b11edac36204}" IsUserDefined="0" layout="varwidth" columns="1" labelwidth="115" celllabelalignment="Left" celllabelposition="Left" labelid="{cc080423-0f19-435e-bc3b-6ec86fbe55ae}" ordinalvalue="0">
                  <labels>
                    <label description="Section" languagecode="1033" />
                  </labels>
                  <rows>
                    <row>
                      <cell id="{be13b312-b6ac-83d7-34e1-e90dc1ecbec7}" showlabel="false" colspan="1" auto="false" rowspan="15" labelid="{aacae4e4-9045-4bf2-bc8b-8f62b4f7df93}" ordinalvalue="10000">
                        <labels>
                          <label description="RecordWall" languagecode="1033" />
                        </labels>
                        <control id="WebResource_RecordWall" classid="{9FDF5F91-88B1-47f4-AD53-C11EFC01A01D}">
                          <parameters>
                            <Url>msdyn_/RecordWall.htm</Url>
                            <PassParameters>true</PassParameters>
                            <Security>false</Security>
                            <Scrolling>auto</Scrolling>
                            <Border>false</Border>
                          </parameters>
                        </control>
                        <events>
                          <event name="onload" application="0">
                            <dependencies />
                          </event>
                        </events>
                      </cell>
                    </row>
                    <row />
                    <row />
                    <row />
                    <row />
                    <row />
                    <row />
                    <row />
                    <row />
                    <row />
                    <row />
                    <row />
                    <row />
                    <row />
                    <row />
                  </rows>
                </section>
              </sections>
            </column>
          </columns>
          <events>
            <event name="tabstatechange" application="false" active="false">
              <Handlers>
                <Handler functionName="ActivityFeeds.Form.CustomizationUtils.updateRecordWallRenderingState" libraryName="msdyn_/ActivityFeeds.Form.js" handlerUniqueId="{9beb6ce6-2666-8033-a406-3d68d44b9592}" enabled="true" parameters="" passExecutionContext="true" ordinalvalue="0" />
              </Handlers>
            </event>
          </events>
        </tab>
      </tabs>
      <header id="{2b89aa75-b991-4875-88b0-d7ed40d2aaf3}" celllabelposition="Top">
        <rows>
          <row>
            <cell id="{d7deb60b-a95d-5a1a-5c0b-3600cda8743c}" ordinalvalue="10000">
              <labels>
                <label description="Primary Contact" languagecode="1033" solutionaction="Added" />
              </labels>
            </cell>
            <cell id="{b8d5b412-13ce-83b0-15e5-e13754c73da7}" ordinalvalue="20001">
              <labels>
                <label description="Preferred Method of Contact" languagecode="1033" solutionaction="Added" />
              </labels>
            </cell>
            <cell id="{5e00a0b1-b693-1603-3bd9-612d1b3da9a0}" ordinalvalue="30002">
              <labels>
                <label description="Owner" languagecode="1033" solutionaction="Added" />
              </labels>
            </cell>
          </row>
          <row>
            <cell id="{4d0995d9-05d8-4b10-7e31-3631128e4163}" ordinalvalue="10003">
              <labels>
                <label description="Credit Limit" languagecode="1033" solutionaction="Added" />
              </labels>
            </cell>
            <cell id="{ca66c1d0-7d7a-1e71-c030-57125acd1474}" ordinalvalue="20004">
              <labels>
                <label description="Annual Revenue" languagecode="1033" solutionaction="Added" />
              </labels>
            </cell>
          </row>
        </rows>
      </header>
      <DisplayConditions FallbackForm="true" Order="4" solutionaction="Modified" />
      <formLibraries solutionaction="Added">
        <Library name="msdyn_/ActivityFeeds.Form.js" libraryUniqueId="{4181da4c-6d13-ba3c-c859-be404e4ee2e3}" />
      </formLibraries>
    </form>
    <LocalizedNames>
      <LocalizedName description="Information" languagecode="1033" />
    </LocalizedNames>
    <Descriptions>
      <Description description="A form for this entity." languagecode="1033" />
    </Descriptions>
  </systemform>
</forms>