﻿<?xml version="1.0" encoding="utf-8"?>
<forms xmlns:xsi="http://www.w3.org/2001/XMLSchema-instance">
  <systemform>
    <formid>{cb430327-bcc1-416d-959d-db7592e685af}</formid>
    <IntroducedVersion>1.0</IntroducedVersion>
    <FormPresentation>1</FormPresentation>
    <FormActivationState>1</FormActivationState>
    <form showImage="true" headerdensity="HighWithControls" solutionaction="Modified">
      <tabs>
        <tab name="SUMMARY_TAB" id="{3b0b63a9-d379-689a-0ec3-e71eb4c6a841}" IsUserDefined="0" showlabel="true" expanded="true" locklevel="0" labelid="{6de6d0f0-412f-48cf-aa8a-3606d4fcecc2}" ordinalvalue="0">
          <columns>
            <column width="33%" id="0">
              <sections>
                <section name="ACCOUNT_INFORMATION" showlabel="true" showbar="false" id="{0eb92e6c-bcb8-0d52-a188-d81543ddb7cd}" IsUserDefined="0" layout="varwidth" columns="1" labelwidth="115" celllabelposition="Left" labelid="{e8494b09-d31c-4dac-8f01-a257b2e9a6ac}" ordinalvalue="0">
                  <rows>
                    <row>
                      <cell id="{b0e82a7e-5683-d90c-308a-0d779377ea8a}" showlabel="true" labelid="{9f7e000b-69a1-4144-a84d-7d6006da91a1}" ordinalvalue="10000">
                        <labels>
                          <label description="Account Name" languagecode="1033" solutionaction="Added" />
                        </labels>
                      </cell>
                    </row>
                    <row>
                      <cell id="{8b98a55e-a345-b20e-d46e-801e79d5c1c1}" showlabel="true" labelid="{2abc3319-3f3c-4be0-beb6-8611e1a4f8b2}" ordinalvalue="10002">
                        <labels>
                          <label description="Fax" languagecode="1033" solutionaction="Added" />
                        </labels>
                      </cell>
                    </row>
                    <row>
                      <cell id="{e6441984-4343-813a-aa7e-e2747ad35390}" showlabel="true" labelid="{e2e6c31a-f9ad-4d0f-867e-309f0f693218}" ordinalvalue="10003">
                        <labels>
                          <label description="Website" languagecode="1033" solutionaction="Added" />
                        </labels>
                      </cell>
                    </row>
                    <row>
                      <cell id="{87DE203E-B03C-44CC-8B06-438202B82553}" labelid="{35266ee0-1207-40d1-9e6c-39bba304e7ad}" ordinalvalue="10004">
                        <labels>
                          <label description="Parent Account" languagecode="1033" solutionaction="Added" />
                        </labels>
                      </cell>
                    </row>
                    <row>
                      <cell id="{5f38af3a-3307-47dc-b36d-d9a5de525e6e}" showlabel="true" labelid="{739478d0-70d7-426c-8343-4d737560608c}" ordinalvalue="10005">
                        <labels>
                          <label description="Ticker Symbol" languagecode="1033" solutionaction="Added" />
                        </labels>
                      </cell>
                    </row>
                  </rows>
                </section>
                <section name="ADDRESS" showlabel="true" locklevel="0" showbar="false" id="{cc0fe06e-4b5f-4648-A62d-84d1514e1fc5}" IsUserDefined="0" layout="varwidth" columns="1" labelwidth="115" celllabelposition="Left" labelid="{f6a9cca4-73c6-44f6-bc67-4aa85f1a76ed}" ordinalvalue="1">
                  <rows>
                    <row>
                      <cell id="{4913500e-605a-809b-e99e-69e2710d09bd}" showlabel="false" locklevel="0" labelid="{ccdfff85-ff0b-4b54-b93f-f35199a3baf3}" ordinalvalue="10000">
                        <labels>
                          <label description="Address 1" languagecode="1033" solutionaction="Added" />
                        </labels>
                      </cell>
                    </row>
                  </rows>
                </section>
              </sections>
            </column>
            <column width="25%" id="2">
              <sections>
                <section name="Summary_section_6" showlabel="false" showbar="false" locklevel="0" id="{ea3bb0a6-b9dc-1b0e-5e7d-74a380ee79a3}" IsUserDefined="0" layout="varwidth" columns="1" labelwidth="115" labelid="{418b708b-add2-4663-b95b-e8370946886f}" ordinalvalue="0" solutionaction="Removed" />
                <section name="SUMMARY_TAB_section_6" showlabel="false" showbar="false" locklevel="0" id="{d4c3ee9c-ba71-5cdb-31be-2aa505750472}" IsUserDefined="0" layout="varwidth" columns="1" labelwidth="115" celllabelalignment="Left" celllabelposition="Top" labelid="{736d36dd-b409-45de-9211-4496fdfd4de4}" ordinalvalue="0" solutionaction="Modified">
                  <rows>
                    <row>
                      <cell id="{b187688c-8410-5990-16ec-e153968ab583}" showlabel="true" locklevel="0" labelid="{df73585e-cd87-4f0c-86b9-f69575117959}" ordinalvalue="10000">
                        <labels>
                          <label description="Primary Contact" languagecode="1033" solutionaction="Added" />
                        </labels>
                      </cell>
                    </row>
                    <row>
                      <cell id="{0F664FFF-E39E-4676-9191-CBA16972B21D}" colspan="1" showlabel="false" labelid="{5b77b8cb-62cf-4bcb-b0e9-5d026ca3f300}" ordinalvalue="10001">
                        <labels>
                          <label description="Primary Contact" languagecode="1033" solutionaction="Added" />
                        </labels>
                      </cell>
                    </row>
                    <row>
                      <cell id="{8e24c7e3-6a40-5abb-eadb-254eba5478e2}" showlabel="true" colspan="1" auto="false" rowspan="7" labelid="{1ed8b7a6-7ee8-4ea9-a567-63fb3fa2171c}" ordinalvalue="10002">
                        <control id="Contacts" classid="{E7A81278-8635-4d9e-8D4D-59480B391C5B}">
                          <parameters>
                            <ViewId solutionaction="Modified">{00000000-0000-0000-00AA-000010001004}</ViewId>
                            <ViewIds solutionaction="Modified">{62FB3605-E4C1-EA11-A812-000D3A86A8CF},{00000000-0000-0000-00AA-000010001004},{C2FA66A0-9276-EB11-A812-0022481A6366},{80F93A8D-DAF8-EA11-A815-002248005E55},{FBFE239F-7F09-EB11-A813-000D3A86AD30},{0650F382-93D1-EA11-A813-002248005E55},{CB384CDB-AB5C-EB11-A812-000D3A0CC44C},{04A54C44-5877-EB11-A812-0022481A6366}</ViewIds>
                            <RecordsPerPage solutionaction="Modified">5</RecordsPerPage>
                          </parameters>
                        </control>
                      </cell>
                    </row>
                    <row>
                      <cell id="{245158ED-C47A-4BB5-AAC7-E8C96A655801}" showlabel="true" rowspan="8" colspan="1" auto="false" labelid="{7c0d560d-e028-4361-be5f-77ca6330c1d6}" ordinalvalue="10003">
                        <labels>
                          <label description="RECENT ENQUIRIES" languagecode="1033" solutionaction="Modified" />
                        </labels>
                        <control id="accountopportunitiesgrid" classid="{E7A81278-8635-4d9e-8D4D-59480B391C5B}" solutionaction="Removed" />
                        <control id="accountenquiriesgrid" classid="{E7A81278-8635-4d9e-8D4D-59480B391C5B}" solutionaction="Added">
                          <parameters>
                            <ViewId>{DF5206D2-B74C-42AA-8556-1B87C2FB0CDA}</ViewId>
                            <RelationshipName>pfc_enquiry_parent_account</RelationshipName>
                            <TargetEntityType>pfc_enquiry</TargetEntityType>
                            <AutoExpand>Fixed</AutoExpand>
                            <EnableQuickFind>false</EnableQuickFind>
                            <EnableViewPicker>false</EnableViewPicker>
                            <EnableJumpBar>false</EnableJumpBar>
                            <EnableChartPicker>false</EnableChartPicker>
                            <RecordsPerPage>5</RecordsPerPage>
                            <IsUserView>false</IsUserView>
                            <ViewIds>{DF5206D2-B74C-42AA-8556-1B87C2FB0CDA}</ViewIds>
                            <ChartGridMode>Grid</ChartGridMode>
                            <VisualizationId>{8BC5FB18-48F2-4782-9E16-3D452FA4DDCE}</VisualizationId>
                            <IsUserChart>false</IsUserChart>
                          </parameters>
                        </control>
                      </cell>
                    </row>
                    <row>
                      <cell locklevel="0" id="{9401f56e-7a1d-4957-a5fa-6f7eb1582b25}" rowspan="1" colspan="1" ordinalvalue="10004" solutionaction="Added">
                        <labels>
                          <label description="RECENT REFERRALS" languagecode="1033" />
                        </labels>
                        <control id="accountreferralsgrid" classid="{E7A81278-8635-4D9E-8D4D-59480B391C5B}" indicationOfSubgrid="true">
                          <parameters>
                            <TargetEntityType>pfc_referral</TargetEntityType>
                            <ViewId>{E6429A52-BB44-4875-8D0E-9232D5469A88}</ViewId>
                            <ViewIds>{E6429A52-BB44-4875-8D0E-9232D5469A88}</ViewIds>
                            <EnableViewPicker>false</EnableViewPicker>
                            <RelationshipName>pfc_referral_parent_account</RelationshipName>
                            <RecordsPerPage>5</RecordsPerPage>
                          </parameters>
                        </control>
                      </cell>
                    </row>
                  </rows>
                </section>
              </sections>
            </column>
          </columns>
        </tab>
        <tab name="DETAILS_TAB" id="{11a42c72-9ded-ea04-253d-2143e731b795}" IsUserDefined="0" showlabel="true" expanded="true" labelid="{95739619-b676-466c-b201-d1959061e30b}" ordinalvalue="1">
          <columns>
            <column width="34%" id="0">
              <sections>
                <section name="COMPANY_PROFILE" showlabel="true" showbar="false" id="{ca8587c5-18c0-cac1-7c34-6c639eade090}" IsUserDefined="0" layout="varwidth" columns="1" labelwidth="115" celllabelposition="Left" labelid="{56e12f20-fa01-440f-9984-d15fd7aee7af}" ordinalvalue="0">
                  <rows>
                    <row>
                      <cell id="{59782911-4d1a-38dc-ce49-7dae620dbc51}" showlabel="true" labelid="{cae4507c-d3f6-4dfa-8aa7-5309c7ef0002}" ordinalvalue="10000">
                        <labels>
                          <label description="Industry" languagecode="1033" solutionaction="Added" />
                        </labels>
                      </cell>
                    </row>
                    <row>
                      <cell id="{930beba3-d531-0808-c403-de95e2ac3e62}" showlabel="true" labelid="{4750e2e8-dd7c-4040-a0e9-69909b090a16}" ordinalvalue="10001">
                        <labels>
                          <label description="SIC Code" languagecode="1033" solutionaction="Added" />
                        </labels>
                      </cell>
                    </row>
                    <row>
                      <cell id="{1c33ad89-92a1-8433-2378-306259eb57c0}" showlabel="true" labelid="{d7103180-f6f7-41f0-a497-f84c026d6fa5}" ordinalvalue="10002">
                        <labels>
                          <label description="Ownership" languagecode="1033" solutionaction="Added" />
                        </labels>
                      </cell>
                    </row>
                  </rows>
                </section>
                <section name="DETAILS_TAB_section_6" showlabel="true" showbar="false" locklevel="0" id="{e201b9ce-c3d5-c922-dba5-528c25066940}" IsUserDefined="0" layout="varwidth" columns="1" labelwidth="115" celllabelalignment="Left" celllabelposition="Top" height="auto" labelid="{2e6b3fbc-539d-4f13-9401-546cb560ec08}" ordinalvalue="1">
                  <rows>
                    <row>
                      <cell id="{a4a726a2-8e3e-79d0-02c3-0a04a6b71089}" showlabel="false" locklevel="0" rowspan="3" auto="true" labelid="{9cb06237-82bd-4bec-9622-b3e70e334bb0}" ordinalvalue="10000">
                        <labels>
                          <label description="Description" languagecode="1033" solutionaction="Added" />
                        </labels>
                      </cell>
                    </row>
                  </rows>
                </section>
              </sections>
            </column>
            <column width="33%" id="1">
              <sections>
                <section name="MARKETING" showlabel="true" locklevel="0" showbar="false" id="{767ab9cb-cb99-45f4-bd68-32742a864c7c}" IsUserDefined="0" layout="varheight" columns="1" labelwidth="115" celllabelposition="Left" labelid="{b3a41305-a1cb-4532-a50f-f56388ed8341}" ordinalvalue="0">
                  <rows>
                    <row>
                      <cell id="{b9c3d8fd-12a2-4474-b937-43da8Be00e6f}" labelid="{6deb9c9d-c3fe-4436-a6c1-5fe6fae7861e}" ordinalvalue="10000">
                        <labels>
                          <label description="Originating Lead" languagecode="1033" solutionaction="Added" />
                        </labels>
                      </cell>
                    </row>
                  </rows>
                </section>
              </sections>
            </column>
            <column width="33%" id="2">
              <sections>
                <section name="BILLING" showlabel="true" showbar="false" id="{910de80a-a17e-092a-255d-44d775cb4207}" IsUserDefined="0" layout="varwidth" columns="1" labelwidth="115" celllabelposition="Left" locklevel="0" celllabelalignment="Left" labelid="{9c068be4-dc16-447f-81cd-cc7b23dd5ba9}" ordinalvalue="0">
                  <rows>
                    <row>
                      <cell id="{7cd2b88c-b25c-4729-9c27-f59ebb5a1538}" labelid="{f30c5c8e-9f3a-47d6-96cf-25c0c1b16fe5}" ordinalvalue="10000">
                        <labels>
                          <label description="Currency" languagecode="1033" solutionaction="Added" />
                        </labels>
                      </cell>
                    </row>
                    <row>
                      <cell id="{0125719c-a5b0-4230-9817-3fba5d6ebfaf}" labelid="{3c7d2250-7e08-4883-9b64-9bd081877a76}" ordinalvalue="10001">
                        <labels>
                          <label description="Credit Limit" languagecode="1033" solutionaction="Added" />
                        </labels>
                      </cell>
                    </row>
                    <row>
                      <cell id="{abc2c862-bcd4-4a4b-ac51-c311d4e66d5b}" labelid="{ce5fe7b0-f83b-4b24-8d60-7c96213c28ee}" ordinalvalue="10002">
                        <labels>
                          <label description="Credit Hold" languagecode="1033" solutionaction="Added" />
                        </labels>
                      </cell>
                    </row>
                    <row>
                      <cell id="{0bab9157-d14e-441f-969d-80460634c15e}" labelid="{15cb7304-4c16-4481-ae34-d194080fc2c8}" ordinalvalue="10003">
                        <labels>
                          <label description="Payment Terms" languagecode="1033" solutionaction="Added" />
                        </labels>
                      </cell>
                    </row>
                  </rows>
                </section>
              </sections>
            </column>
          </columns>
        </tab>
      </tabs>
      <header id="{d5a03552-1183-4347-a237-1f894ba449eb}" columns="111" celllabelposition="Top" labelwidth="115">
        <rows>
          <row>
            <cell id="{d3e19d4e-b2ae-409f-9b4e-5976527c6c83}" labelid="{ce125bd2-cdca-4058-a5dc-7e443d98441e}" ordinalvalue="10000">
              <labels>
                <label description="Annual Revenue" languagecode="1033" solutionaction="Added" />
              </labels>
            </cell>
            <cell id="{2adb5a52-604d-5aad-ba6a-2bbab6c33594}" showlabel="true" labelid="{7b3f9a8d-18c1-4489-b8f0-eeb92f840795}" ordinalvalue="20001">
              <labels>
                <label description="Number of Employees" languagecode="1033" solutionaction="Added" />
              </labels>
            </cell>
            <cell id="{54b2d0a2-eb77-b3cd-b60a-03ea6944e98e}" showlabel="true" locklevel="1" labelid="{84a77176-7a72-40a3-8d1b-be8a68f37b8c}" ordinalvalue="30002">
              <labels>
                <label description="Owner" languagecode="1033" solutionaction="Added" />
              </labels>
            </cell>
          </row>
        </rows>
      </header>
      <DisplayConditions FallbackForm="true" Order="1" solutionaction="Modified">
        <Everyone solutionaction="Removed" />
        <Role Id="{B3954DAE-FECC-EB11-BACC-00224800FB38}" solutionaction="Added" />
        <Role Id="{627090ff-40a3-4053-8790-584edc5be201}" solutionaction="Added" />
        <Role Id="{119f245c-3cc8-4b62-b31c-d1a046ced15d}" solutionaction="Added" />
      </DisplayConditions>
      <footer id="{d1894421-f2e7-44ac-a2ea-0ca54cbccc91}" celllabelposition="Top" columns="111" labelwidth="115" celllabelalignment="Left" solutionaction="Added">
        <rows></rows>
      </footer>
    </form>
    <LocalizedNames>
      <LocalizedName description="Sales Insights" languagecode="1033" />
    </LocalizedNames>
    <Descriptions>
      <Description description="Updated default Account form." languagecode="1033" />
    </Descriptions>
  </systemform>
</forms>