﻿<?xml version="1.0" encoding="utf-8"?>
<forms xmlns:xsi="http://www.w3.org/2001/XMLSchema-instance">
  <systemform>
    <formid>{face3aa6-99c4-4b7e-af07-55f121cdca86}</formid>
    <IntroducedVersion>1.0</IntroducedVersion>
    <FormPresentation>1</FormPresentation>
    <FormActivationState>1</FormActivationState>
    <form>
      <tabs>
        <tab name="Summary" id="{3b0b63a9-d379-689a-0ec3-e71eb4c6a841}" IsUserDefined="0" showlabel="true" expanded="true" locklevel="0" labelid="{c32e0e16-4bdb-4aa0-a6e9-4a66cdbb025c}" ordinalvalue="0">
          <columns>
            <column width="100%" id="0">
              <sections>
                <section name="Summary_recentopportunities" showlabel="true" showbar="true" locklevel="0" id="{76347c12-e683-4211-89b2-484b2db35ae3}" IsUserDefined="0" layout="varwidth" columns="1" labelwidth="115" celllabelalignment="Left" celllabelposition="Left" ordinalvalue="2">
                  <rows>
                    <row>
                      <cell id="{45f660b8-cedd-412d-96fc-6e46898f0392}" showlabel="false" ordinalvalue="10000" solutionaction="Removed" />
                    </row>
                  </rows>
                </section>
                <section name="Summary_collaboration" showlabel="true" showbar="true" locklevel="0" id="{003345a8-aec0-1dd9-cda4-ece15dbabd16}" IsUserDefined="0" layout="varwidth" columns="1" labelwidth="115" celllabelalignment="Left" celllabelposition="Left" ordinalvalue="3">
                  <rows>
                    <row>
                      <cell id="{7adb0476-1c63-0ccd-4a90-467066933cba}" showlabel="false" ordinalvalue="10000" solutionaction="Removed" />
                    </row>
                  </rows>
                </section>
                <section name="Summary_notes" showlabel="true" showbar="true" locklevel="0" id="{3ed4c05d-4181-e257-edb3-2455e411693a}" IsUserDefined="0" layout="varwidth" columns="1" labelwidth="115" celllabelalignment="Left" celllabelposition="Left" ordinalvalue="4">
                  <rows>
                    <row>
                      <cell id="{c85eda37-293b-9437-e26b-9ab1239c3a1d}" showlabel="false" ordinalvalue="10000" solutionaction="Removed" />
                    </row>
                  </rows>
                </section>
                <section name="Summary_tasks" showlabel="true" showbar="true" locklevel="0" id="{4e208b93-a533-0b67-cb70-499c5eb14366}" IsUserDefined="0" layout="varwidth" columns="1" labelwidth="115" celllabelalignment="Left" celllabelposition="Left" ordinalvalue="5">
                  <rows>
                    <row>
                      <cell id="{c8bc5a26-4239-679d-6887-27ccc4a147d5}" showlabel="false" ordinalvalue="10000" solutionaction="Removed" />
                    </row>
                  </rows>
                </section>
              </sections>
            </column>
          </columns>
        </tab>
        <tab name="Activity" id="{11a42c72-9ded-ea04-253d-2143e731b795}" IsUserDefined="0" showlabel="true" expanded="false" labelid="{744f11ba-491f-403c-af18-53ebbb968e5d}" locklevel="0" ordinalvalue="1">
          <columns>
            <column width="100%" id="0">
              <sections>
                <section id="{757038c9-9ab4-41ee-acdd-2240e58bd7f5}" name="Activity_column_2_section_1" columns="11" showlabel="false" showbar="false" IsUserDefined="0" ordinalvalue="0">
                  <rows>
                    <row>
                      <cell id="{68eb657f-081d-4721-a3e3-935de6aaa44a}" ordinalvalue="10000" solutionaction="Removed" />
                      <cell id="{90e8c5e3-fd56-4af9-835c-6c922e32589a}" ordinalvalue="20001" solutionaction="Removed" />
                    </row>
                  </rows>
                </section>
              </sections>
            </column>
          </columns>
        </tab>
      </tabs>
      <DisplayConditions FallbackForm="true" Order="5" solutionaction="Modified" />
    </form>
    <LocalizedNames>
      <LocalizedName description="In Context Form" languagecode="1033" />
    </LocalizedNames>
    <Descriptions>
      <Description description="Updated default Account form." languagecode="1033" />
    </Descriptions>
  </systemform>
</forms>