﻿<?xml version="1.0" encoding="utf-8"?>
<forms xmlns:xsi="http://www.w3.org/2001/XMLSchema-instance">
  <systemform>
    <formid>{ff49442f-8c60-4877-bdae-8fe51e6f4636}</formid>
    <IntroducedVersion>1.0</IntroducedVersion>
    <FormPresentation>0</FormPresentation>
    <FormActivationState>1</FormActivationState>
    <form>
      <DisplayConditions FallbackForm="true" Order="6" solutionaction="Modified" />
    </form>
    <LocalizedNames>
      <LocalizedName description="Account for Multisession experience" languagecode="1033" />
    </LocalizedNames>
    <Descriptions>
      <Description description="Default Multisession experience Account form." languagecode="1033" />
    </Descriptions>
  </systemform>
</forms>