﻿<?xml version="1.0" encoding="utf-8"?>
<Role id="{b3954dae-fecc-eb11-bacc-00224800fb38}" name="PFC Referrals and Assessments Manager" isinherited="1" xmlns:xsi="http://www.w3.org/2001/XMLSchema-instance">
  <IsCustomizable>1</IsCustomizable>
  <RolePrivileges>
    <RolePrivilege name="prvAppendnew_enquirytoreferralprocess" level="Global" />
    <RolePrivilege name="prvAppendpfc_Enquiry" level="Local" />
    <RolePrivilege name="prvAppendpfc_Referral" level="Local" />
    <RolePrivilege name="prvAppendQueue" level="Local" />
    <RolePrivilege name="prvAppendTonew_enquirytoreferralprocess" level="Global" />
    <RolePrivilege name="prvAppendTopfc_Enquiry" level="Local" />
    <RolePrivilege name="prvAppendTopfc_Referral" level="Local" />
    <RolePrivilege name="prvAppendToQueue" level="Local" />
    <RolePrivilege name="prvAssignpfc_Enquiry" level="Local" />
    <RolePrivilege name="prvAssignpfc_Referral" level="Local" />
    <RolePrivilege name="prvAssignQueue" level="Local" />
    <RolePrivilege name="prvCreatenew_enquirytoreferralprocess" level="Global" />
    <RolePrivilege name="prvCreatepfc_Enquiry" level="Local" />
    <RolePrivilege name="prvCreatepfc_Referral" level="Local" />
    <RolePrivilege name="prvCreateSharePointData" level="Global" />
    <RolePrivilege name="prvReadAppModule" level="Global" />
    <RolePrivilege name="prvReadMailbox" level="Local" />
    <RolePrivilege name="prvReadMailboxTrackingFolder" level="Local" />
    <RolePrivilege name="prvReadnew_enquirytoreferralprocess" level="Global" />
    <RolePrivilege name="prvReadpfc_Enquiry" level="Local" />
    <RolePrivilege name="prvReadpfc_Referral" level="Local" />
    <RolePrivilege name="prvReadPluginAssembly" level="Global" />
    <RolePrivilege name="prvReadPluginType" level="Global" />
    <RolePrivilege name="prvReadQueue" level="Local" />
    <RolePrivilege name="prvReadSdkMessage" level="Global" />
    <RolePrivilege name="prvReadSdkMessageProcessingStep" level="Global" />
    <RolePrivilege name="prvReadSdkMessageProcessingStepImage" level="Global" />
    <RolePrivilege name="prvReadSharePointData" level="Global" />
    <RolePrivilege name="prvReadSharePointDocument" level="Global" />
    <RolePrivilege name="prvSharepfc_Enquiry" level="Local" />
    <RolePrivilege name="prvSharepfc_Referral" level="Local" />
    <RolePrivilege name="prvShareQueue" level="Local" />
    <RolePrivilege name="prvWritenew_enquirytoreferralprocess" level="Global" />
    <RolePrivilege name="prvWritepfc_Enquiry" level="Local" />
    <RolePrivilege name="prvWritepfc_Referral" level="Local" />
    <RolePrivilege name="prvWriteQueue" level="Local" />
    <RolePrivilege name="prvWriteSharePointData" level="Global" />
  </RolePrivileges>
</Role>