﻿<?xml version="1.0" encoding="utf-8"?>
<Role id="{1c5f6ea8-874e-eb11-a812-000d3a870884}" name="PFC Recruitment User" isinherited="1" xmlns:xsi="http://www.w3.org/2001/XMLSchema-instance">
  <IsCustomizable>1</IsCustomizable>
  <RolePrivileges>
    <RolePrivilege name="prvAppendActionCard" level="Global" />
    <RolePrivilege name="prvAppendActivity" level="Global" />
    <RolePrivilege name="prvAppendAppModule" level="Global" />
    <RolePrivilege name="prvAppendContact" level="Global" />
    <RolePrivilege name="prvAppendCustomerOpportunityRole" level="Basic" />
    <RolePrivilege name="prvAppendflowsession" level="Global" />
    <RolePrivilege name="prvAppendmsdyn_flow_approval" level="Global" />
    <RolePrivilege name="prvAppendmsdyn_flow_approvalrequest" level="Global" />
    <RolePrivilege name="prvAppendmsdyn_flow_approvalresponse" level="Global" />
    <RolePrivilege name="prvAppendmsdyn_flow_awaitallactionapprovalmodel" level="Global" />
    <RolePrivilege name="prvAppendmsdyn_flow_awaitallapprovalmodel" level="Global" />
    <RolePrivilege name="prvAppendmsdyn_flow_basicapprovalmodel" level="Global" />
    <RolePrivilege name="prvAppendmsdyn_flow_flowapproval" level="Global" />
    <RolePrivilege name="prvAppendnew_joboffertoemployee" level="Global" />
    <RolePrivilege name="prvAppendnew_recruitmenttracker" level="Global" />
    <RolePrivilege name="prvAppendNote" level="Global" />
    <RolePrivilege name="prvAppendpfc_EducationandTraining" level="Global" />
    <RolePrivilege name="prvAppendpfc_EmploymentHistory" level="Global" />
    <RolePrivilege name="prvAppendpfc_Job" level="Global" />
    <RolePrivilege name="prvAppendpfc_Referee" level="Global" />
    <RolePrivilege name="prvAppendpfc_Relatives" level="Global" />
    <RolePrivilege name="prvAppendpfc_Vacancy" level="Global" />
    <RolePrivilege name="prvAppendpfc_VacancyApplication" level="Global" />
    <RolePrivilege name="prvAppendprocessstageparameter" level="Global" />
    <RolePrivilege name="prvAppendQueue" level="Global" />
    <RolePrivilege name="prvAppendSharePointDocumentLocation" level="Global" />
    <RolePrivilege name="prvAppendSharePointSite" level="Global" />
    <RolePrivilege name="prvAppendToActionCard" level="Global" />
    <RolePrivilege name="prvAppendToActivity" level="Global" />
    <RolePrivilege name="prvAppendToAppModule" level="Global" />
    <RolePrivilege name="prvAppendToContact" level="Global" />
    <RolePrivilege name="prvAppendToCustomerOpportunityRole" level="Basic" />
    <RolePrivilege name="prvAppendToflowsession" level="Global" />
    <RolePrivilege name="prvAppendTomsdyn_flow_approval" level="Global" />
    <RolePrivilege name="prvAppendTomsdyn_flow_approvalrequest" level="Global" />
    <RolePrivilege name="prvAppendTomsdyn_flow_approvalresponse" level="Global" />
    <RolePrivilege name="prvAppendTomsdyn_flow_awaitallactionapprovalmodel" level="Global" />
    <RolePrivilege name="prvAppendTomsdyn_flow_awaitallapprovalmodel" level="Global" />
    <RolePrivilege name="prvAppendTomsdyn_flow_basicapprovalmodel" level="Global" />
    <RolePrivilege name="prvAppendTomsdyn_flow_flowapproval" level="Global" />
    <RolePrivilege name="prvAppendTonew_joboffertoemployee" level="Global" />
    <RolePrivilege name="prvAppendTonew_recruitmenttracker" level="Global" />
    <RolePrivilege name="prvAppendToNote" level="Global" />
    <RolePrivilege name="prvAppendTopfc_EducationandTraining" level="Global" />
    <RolePrivilege name="prvAppendTopfc_EmploymentHistory" level="Global" />
    <RolePrivilege name="prvAppendTopfc_Job" level="Global" />
    <RolePrivilege name="prvAppendTopfc_Referee" level="Global" />
    <RolePrivilege name="prvAppendTopfc_Relatives" level="Global" />
    <RolePrivilege name="prvAppendTopfc_Vacancy" level="Global" />
    <RolePrivilege name="prvAppendTopfc_VacancyApplication" level="Global" />
    <RolePrivilege name="prvAppendToprocessstageparameter" level="Global" />
    <RolePrivilege name="prvAppendToQueue" level="Global" />
    <RolePrivilege name="prvAppendToSharePointSite" level="Global" />
    <RolePrivilege name="prvAppendToSite" level="Global" />
    <RolePrivilege name="prvAppendToUser" level="Global" />
    <RolePrivilege name="prvAppendToWorkflow" level="Global" />
    <RolePrivilege name="prvAppendToWorkflowSession" level="Global" />
    <RolePrivilege name="prvAppendWorkflow" level="Global" />
    <RolePrivilege name="prvAppendWorkflowSession" level="Global" />
    <RolePrivilege name="prvAssignActionCard" level="Global" />
    <RolePrivilege name="prvAssignActivity" level="Deep" />
    <RolePrivilege name="prvAssignContact" level="Global" />
    <RolePrivilege name="prvAssignCustomerOpportunityRole" level="Basic" />
    <RolePrivilege name="prvAssignflowsession" level="Global" />
    <RolePrivilege name="prvAssignmsdyn_flow_approval" level="Global" />
    <RolePrivilege name="prvAssignmsdyn_flow_approvalrequest" level="Global" />
    <RolePrivilege name="prvAssignmsdyn_flow_approvalresponse" level="Global" />
    <RolePrivilege name="prvAssignmsdyn_flow_awaitallactionapprovalmodel" level="Global" />
    <RolePrivilege name="prvAssignmsdyn_flow_awaitallapprovalmodel" level="Global" />
    <RolePrivilege name="prvAssignmsdyn_flow_basicapprovalmodel" level="Global" />
    <RolePrivilege name="prvAssignmsdyn_flow_flowapproval" level="Global" />
    <RolePrivilege name="prvAssignNote" level="Global" />
    <RolePrivilege name="prvAssignpfc_EducationandTraining" level="Global" />
    <RolePrivilege name="prvAssignpfc_EmploymentHistory" level="Global" />
    <RolePrivilege name="prvAssignpfc_Referee" level="Global" />
    <RolePrivilege name="prvAssignpfc_Relatives" level="Global" />
    <RolePrivilege name="prvAssignpfc_Vacancy" level="Global" />
    <RolePrivilege name="prvAssignpfc_VacancyApplication" level="Global" />
    <RolePrivilege name="prvAssignprocessstageparameter" level="Global" />
    <RolePrivilege name="prvAssignQueue" level="Global" />
    <RolePrivilege name="prvAssignSharePointSite" level="Global" />
    <RolePrivilege name="prvAssignUserEntityInstanceData" level="Basic" />
    <RolePrivilege name="prvAssignWorkflow" level="Global" />
    <RolePrivilege name="prvAssignWorkflowSession" level="Global" />
    <RolePrivilege name="prvConfigureSharePoint" level="Global" />
    <RolePrivilege name="prvCreateActionCard" level="Global" />
    <RolePrivilege name="prvCreateActivity" level="Global" />
    <RolePrivilege name="prvCreateAsyncOperation" level="Global" />
    <RolePrivilege name="prvCreateCallbackRegistration" level="Basic" />
    <RolePrivilege name="prvCreateContact" level="Global" />
    <RolePrivilege name="prvCreateCustomerOpportunityRole" level="Basic" />
    <RolePrivilege name="prvCreateExchangeSyncIdMapping" level="Basic" />
    <RolePrivilege name="prvCreateflowsession" level="Global" />
    <RolePrivilege name="prvCreatemsdyn_flow_approval" level="Global" />
    <RolePrivilege name="prvCreatemsdyn_flow_approvalrequest" level="Global" />
    <RolePrivilege name="prvCreatemsdyn_flow_approvalresponse" level="Global" />
    <RolePrivilege name="prvCreatemsdyn_flow_awaitallactionapprovalmodel" level="Global" />
    <RolePrivilege name="prvCreatemsdyn_flow_awaitallapprovalmodel" level="Global" />
    <RolePrivilege name="prvCreatemsdyn_flow_basicapprovalmodel" level="Global" />
    <RolePrivilege name="prvCreatemsdyn_flow_flowapproval" level="Global" />
    <RolePrivilege name="prvCreatenew_joboffertoemployee" level="Global" />
    <RolePrivilege name="prvCreatenew_recruitmenttracker" level="Global" />
    <RolePrivilege name="prvCreateNote" level="Global" />
    <RolePrivilege name="prvCreatepfc_Vacancy" level="Global" />
    <RolePrivilege name="prvCreatepfc_VacancyApplication" level="Global" />
    <RolePrivilege name="prvCreateprocessstageparameter" level="Global" />
    <RolePrivilege name="prvCreateQueue" level="Global" />
    <RolePrivilege name="prvCreateSharePointData" level="Global" />
    <RolePrivilege name="prvCreateUserEntityInstanceData" level="Basic" />
    <RolePrivilege name="prvCreateUserEntityUISettings" level="Basic" />
    <RolePrivilege name="prvCreateWorkflowSession" level="Global" />
    <RolePrivilege name="prvDeleteCustomerOpportunityRole" level="Basic" />
    <RolePrivilege name="prvDeleteExchangeSyncIdMapping" level="Basic" />
    <RolePrivilege name="prvDeleteNote" level="Global" />
    <RolePrivilege name="prvDeleteUserEntityInstanceData" level="Basic" />
    <RolePrivilege name="prvDeleteUserEntityUISettings" level="Basic" />
    <RolePrivilege name="prvDocumentGeneration" level="Global" />
    <RolePrivilege name="prvExportToExcel" level="Global" />
    <RolePrivilege name="prvFlow" level="Global" />
    <RolePrivilege name="prvReadActionCard" level="Global" />
    <RolePrivilege name="prvReadActivity" level="Deep" />
    <RolePrivilege name="prvReadAppModule" level="Global" />
    <RolePrivilege name="prvReadAsyncOperation" level="Global" />
    <RolePrivilege name="prvReadAttribute" level="Global" />
    <RolePrivilege name="prvReadCallbackRegistration" level="Basic" />
    <RolePrivilege name="prvReadComplexControl" level="Global" />
    <RolePrivilege name="prvReadContact" level="Global" />
    <RolePrivilege name="prvReadCustomerOpportunityRole" level="Basic" />
    <RolePrivilege name="prvReadDuplicateRule" level="Global" />
    <RolePrivilege name="prvReadEntity" level="Global" />
    <RolePrivilege name="prvReadExchangeSyncIdMapping" level="Basic" />
    <RolePrivilege name="prvReadflowsession" level="Global" />
    <RolePrivilege name="prvReadmsdyn_flow_approval" level="Global" />
    <RolePrivilege name="prvReadmsdyn_flow_approvalrequest" level="Global" />
    <RolePrivilege name="prvReadmsdyn_flow_approvalresponse" level="Global" />
    <RolePrivilege name="prvReadmsdyn_flow_awaitallactionapprovalmodel" level="Global" />
    <RolePrivilege name="prvReadmsdyn_flow_awaitallapprovalmodel" level="Global" />
    <RolePrivilege name="prvReadmsdyn_flow_basicapprovalmodel" level="Global" />
    <RolePrivilege name="prvReadmsdyn_flow_flowapproval" level="Global" />
    <RolePrivilege name="prvReadnew_joboffertoemployee" level="Global" />
    <RolePrivilege name="prvReadnew_recruitmenttracker" level="Global" />
    <RolePrivilege name="prvReadNote" level="Global" />
    <RolePrivilege name="prvReadOptionSet" level="Global" />
    <RolePrivilege name="prvReadpfc_EducationandTraining" level="Global" />
    <RolePrivilege name="prvReadpfc_EmploymentHistory" level="Global" />
    <RolePrivilege name="prvReadpfc_Job" level="Global" />
    <RolePrivilege name="prvReadpfc_Referee" level="Global" />
    <RolePrivilege name="prvReadpfc_Relatives" level="Global" />
    <RolePrivilege name="prvReadpfc_Vacancy" level="Global" />
    <RolePrivilege name="prvReadpfc_VacancyApplication" level="Global" />
    <RolePrivilege name="prvReadPluginAssembly" level="Global" />
    <RolePrivilege name="prvReadPluginType" level="Global" />
    <RolePrivilege name="prvReadprocessstageparameter" level="Global" />
    <RolePrivilege name="prvReadQuery" level="Global" />
    <RolePrivilege name="prvReadQueue" level="Global" />
    <RolePrivilege name="prvReadReport" level="Global" />
    <RolePrivilege name="prvReadSavedQueryVisualizations" level="Global" />
    <RolePrivilege name="prvReadSdkMessage" level="Global" />
    <RolePrivilege name="prvReadSdkMessageProcessingStep" level="Global" />
    <RolePrivilege name="prvReadSdkMessageProcessingStepImage" level="Global" />
    <RolePrivilege name="prvReadSharePointData" level="Global" />
    <RolePrivilege name="prvReadSharePointDocument" level="Global" />
    <RolePrivilege name="prvReadSharePointDocumentLocation" level="Global" />
    <RolePrivilege name="prvReadSharePointSite" level="Global" />
    <RolePrivilege name="prvReadSite" level="Global" />
    <RolePrivilege name="prvReadSolution" level="Global" />
    <RolePrivilege name="prvReadSystemForm" level="Global" />
    <RolePrivilege name="prvReadUser" level="Local" />
    <RolePrivilege name="prvReadUserEntityInstanceData" level="Basic" />
    <RolePrivilege name="prvReadUserEntityUISettings" level="Basic" />
    <RolePrivilege name="prvReadUserForm" level="Basic" />
    <RolePrivilege name="prvReadUserMapping" level="Global" />
    <RolePrivilege name="prvReadUserQuery" level="Basic" />
    <RolePrivilege name="prvReadUserQueryVisualizations" level="Basic" />
    <RolePrivilege name="prvReadWorkflow" level="Global" />
    <RolePrivilege name="prvReadWorkflowSession" level="Global" />
    <RolePrivilege name="prvSendInviteForLive" level="Global" />
    <RolePrivilege name="prvShareActivity" level="Deep" />
    <RolePrivilege name="prvShareContact" level="Global" />
    <RolePrivilege name="prvShareCustomerOpportunityRole" level="Basic" />
    <RolePrivilege name="prvShareflowsession" level="Global" />
    <RolePrivilege name="prvSharemsdyn_flow_approval" level="Global" />
    <RolePrivilege name="prvSharemsdyn_flow_approvalrequest" level="Global" />
    <RolePrivilege name="prvSharemsdyn_flow_approvalresponse" level="Global" />
    <RolePrivilege name="prvSharemsdyn_flow_awaitallactionapprovalmodel" level="Global" />
    <RolePrivilege name="prvSharemsdyn_flow_awaitallapprovalmodel" level="Global" />
    <RolePrivilege name="prvSharemsdyn_flow_basicapprovalmodel" level="Global" />
    <RolePrivilege name="prvSharemsdyn_flow_flowapproval" level="Global" />
    <RolePrivilege name="prvShareNote" level="Global" />
    <RolePrivilege name="prvSharepfc_EducationandTraining" level="Global" />
    <RolePrivilege name="prvSharepfc_EmploymentHistory" level="Global" />
    <RolePrivilege name="prvSharepfc_Referee" level="Global" />
    <RolePrivilege name="prvSharepfc_Relatives" level="Global" />
    <RolePrivilege name="prvSharepfc_Vacancy" level="Global" />
    <RolePrivilege name="prvSharepfc_VacancyApplication" level="Global" />
    <RolePrivilege name="prvShareprocessstageparameter" level="Global" />
    <RolePrivilege name="prvShareQueue" level="Global" />
    <RolePrivilege name="prvShareSharePointSite" level="Global" />
    <RolePrivilege name="prvShareUserEntityInstanceData" level="Basic" />
    <RolePrivilege name="prvShareUserEntityUISettings" level="Basic" />
    <RolePrivilege name="prvShareWorkflow" level="Global" />
    <RolePrivilege name="prvShareWorkflowSession" level="Global" />
    <RolePrivilege name="prvSyncToOutlook" level="Global" />
    <RolePrivilege name="prvUseOfficeApps" level="Global" />
    <RolePrivilege name="prvUseTabletApp" level="Global" />
    <RolePrivilege name="prvWorkflowExecution" level="Global" />
    <RolePrivilege name="prvWriteActionCard" level="Global" />
    <RolePrivilege name="prvWriteActivity" level="Global" />
    <RolePrivilege name="prvWriteAppModule" level="Global" />
    <RolePrivilege name="prvWriteAsyncOperation" level="Global" />
    <RolePrivilege name="prvWriteAttribute" level="Global" />
    <RolePrivilege name="prvWriteCallbackRegistration" level="Basic" />
    <RolePrivilege name="prvWriteComplexControl" level="Global" />
    <RolePrivilege name="prvWriteContact" level="Global" />
    <RolePrivilege name="prvWriteCustomerOpportunityRole" level="Basic" />
    <RolePrivilege name="prvWriteEntity" level="Global" />
    <RolePrivilege name="prvWriteExchangeSyncIdMapping" level="Basic" />
    <RolePrivilege name="prvWriteflowsession" level="Global" />
    <RolePrivilege name="prvWritemsdyn_flow_approval" level="Global" />
    <RolePrivilege name="prvWritemsdyn_flow_approvalrequest" level="Global" />
    <RolePrivilege name="prvWritemsdyn_flow_approvalresponse" level="Global" />
    <RolePrivilege name="prvWritemsdyn_flow_awaitallactionapprovalmodel" level="Global" />
    <RolePrivilege name="prvWritemsdyn_flow_awaitallapprovalmodel" level="Global" />
    <RolePrivilege name="prvWritemsdyn_flow_basicapprovalmodel" level="Global" />
    <RolePrivilege name="prvWritemsdyn_flow_flowapproval" level="Global" />
    <RolePrivilege name="prvWritenew_joboffertoemployee" level="Global" />
    <RolePrivilege name="prvWritenew_recruitmenttracker" level="Global" />
    <RolePrivilege name="prvWriteNote" level="Global" />
    <RolePrivilege name="prvWriteOptionSet" level="Global" />
    <RolePrivilege name="prvWritepfc_EducationandTraining" level="Global" />
    <RolePrivilege name="prvWritepfc_EmploymentHistory" level="Global" />
    <RolePrivilege name="prvWritepfc_Vacancy" level="Global" />
    <RolePrivilege name="prvWritepfc_VacancyApplication" level="Global" />
    <RolePrivilege name="prvWriteprocessstageparameter" level="Global" />
    <RolePrivilege name="prvWriteQuery" level="Global" />
    <RolePrivilege name="prvWriteQueue" level="Global" />
    <RolePrivilege name="prvWriteSharePointData" level="Global" />
    <RolePrivilege name="prvWriteSharePointSite" level="Global" />
    <RolePrivilege name="prvWriteSystemForm" level="Global" />
    <RolePrivilege name="prvWriteUserEntityInstanceData" level="Basic" />
    <RolePrivilege name="prvWriteUserEntityUISettings" level="Basic" />
    <RolePrivilege name="prvWriteWorkflow" level="Global" />
    <RolePrivilege name="prvWriteWorkflowSession" level="Global" />
  </RolePrivileges>
</Role>