﻿<?xml version="1.0" encoding="utf-8"?>
<Role id="{b9154c24-f3a8-eb11-9442-002248001b2f}" name="PFC Standard CRM User" isinherited="0" xmlns:xsi="http://www.w3.org/2001/XMLSchema-instance">
  <IsCustomizable>1</IsCustomizable>
  <RolePrivileges>
    <RolePrivilege name="prvActivateSynchronousWorkflow" level="Basic" />
    <RolePrivilege name="prvAddressBook" level="Global" />
    <RolePrivilege name="prvAppendAccount" level="Local" />
    <RolePrivilege name="prvAppendActivity" level="Local" />
    <RolePrivilege name="prvAppendContact" level="Local" />
    <RolePrivilege name="prvAppendNewProcess" level="Global" />
    <RolePrivilege name="prvAppendNote" level="Local" />
    <RolePrivilege name="prvAppendSharePointDocumentLocation" level="Global" />
    <RolePrivilege name="prvAppendToAccount" level="Local" />
    <RolePrivilege name="prvAppendToActivity" level="Local" />
    <RolePrivilege name="prvAppendToAsyncOperation" level="Basic" />
    <RolePrivilege name="prvAppendToContact" level="Local" />
    <RolePrivilege name="prvAppendToNewProcess" level="Global" />
    <RolePrivilege name="prvAppendToNote" level="Local" />
    <RolePrivilege name="prvAppendToSharePointDocumentLocation" level="Global" />
    <RolePrivilege name="prvAppendToSharePointSite" level="Global" />
    <RolePrivilege name="prvAppendToTranslationProcess" level="Global" />
    <RolePrivilege name="prvAppendToWorkflow" level="Global" />
    <RolePrivilege name="prvAppendToWorkflowSession" level="Basic" />
    <RolePrivilege name="prvAppendTranslationProcess" level="Global" />
    <RolePrivilege name="prvAppendWorkflow" level="Basic" />
    <RolePrivilege name="prvAppendWorkflowSession" level="Basic" />
    <RolePrivilege name="prvAssignAccount" level="Local" />
    <RolePrivilege name="prvAssignActivity" level="Local" />
    <RolePrivilege name="prvAssignAsyncOperation" level="Basic" />
    <RolePrivilege name="prvAssignContact" level="Local" />
    <RolePrivilege name="prvAssignNote" level="Local" />
    <RolePrivilege name="prvAssignSharePointSite" level="Global" />
    <RolePrivilege name="prvAssignWorkflow" level="Basic" />
    <RolePrivilege name="prvAssignWorkflowSession" level="Basic" />
    <RolePrivilege name="prvConfigureSharePoint" level="Global" />
    <RolePrivilege name="prvCreateAccount" level="Basic" />
    <RolePrivilege name="prvCreateActivity" level="Basic" />
    <RolePrivilege name="prvCreateContact" level="Basic" />
    <RolePrivilege name="prvCreateExchangeSyncIdMapping" level="Basic" />
    <RolePrivilege name="prvCreateNewProcess" level="Global" />
    <RolePrivilege name="prvCreateNote" level="Basic" />
    <RolePrivilege name="prvCreateSharePointData" level="Global" />
    <RolePrivilege name="prvCreateTranslationProcess" level="Global" />
    <RolePrivilege name="prvCreateUserApplicationMetadata" level="Basic" />
    <RolePrivilege name="prvCreateUserEntityUISettings" level="Basic" />
    <RolePrivilege name="prvCreateWorkflow" level="Basic" />
    <RolePrivilege name="prvCreateWorkflowSession" level="Basic" />
    <RolePrivilege name="prvDeleteExchangeSyncIdMapping" level="Basic" />
    <RolePrivilege name="prvDeleteNewProcess" level="Global" />
    <RolePrivilege name="prvDeleteTranslationProcess" level="Global" />
    <RolePrivilege name="prvDeleteUserApplicationMetadata" level="Basic" />
    <RolePrivilege name="prvDeleteUserEntityUISettings" level="Basic" />
    <RolePrivilege name="prvDeleteWorkflow" level="Basic" />
    <RolePrivilege name="prvDeleteWorkflowSession" level="Basic" />
    <RolePrivilege name="prvDocumentGeneration" level="Global" />
    <RolePrivilege name="prvFlow" level="Global" />
    <RolePrivilege name="prvMailMerge" level="Global" />
    <RolePrivilege name="prvReadAccount" level="Local" />
    <RolePrivilege name="prvReadActivity" level="Local" />
    <RolePrivilege name="prvReadAppConfigMaster" level="Global" />
    <RolePrivilege name="prvReadAppModule" level="Global" />
    <RolePrivilege name="prvReadAsyncOperation" level="Basic" />
    <RolePrivilege name="prvReadAttribute" level="Global" />
    <RolePrivilege name="prvReadAttributeMap" level="Global" />
    <RolePrivilege name="prvReadBusinessUnit" level="Global" />
    <RolePrivilege name="prvReadComplexControl" level="Global" />
    <RolePrivilege name="prvReadContact" level="Local" />
    <RolePrivilege name="prvReadCustomization" level="Global" />
    <RolePrivilege name="prvReadEntity" level="Global" />
    <RolePrivilege name="prvReadEntityKey" level="Global" />
    <RolePrivilege name="prvReadEntityMap" level="Global" />
    <RolePrivilege name="prvReadExchangeSyncIdMapping" level="Basic" />
    <RolePrivilege name="prvReadHierarchyRule" level="Global" />
    <RolePrivilege name="prvReadNewProcess" level="Global" />
    <RolePrivilege name="prvReadNote" level="Local" />
    <RolePrivilege name="prvReadOptionSet" level="Global" />
    <RolePrivilege name="prvReadOrganization" level="Global" />
    <RolePrivilege name="prvReadPluginAssembly" level="Global" />
    <RolePrivilege name="prvReadPluginTraceLog" level="Global" />
    <RolePrivilege name="prvReadPluginType" level="Global" />
    <RolePrivilege name="prvReadQuery" level="Global" />
    <RolePrivilege name="prvReadRecommendedDocument" level="Global" />
    <RolePrivilege name="prvReadRelationship" level="Global" />
    <RolePrivilege name="prvReadReport" level="Basic" />
    <RolePrivilege name="prvReadRole" level="Global" />
    <RolePrivilege name="prvReadSavedQueryVisualizations" level="Global" />
    <RolePrivilege name="prvReadSdkMessage" level="Global" />
    <RolePrivilege name="prvReadSdkMessageProcessingStep" level="Global" />
    <RolePrivilege name="prvReadSdkMessageProcessingStepImage" level="Global" />
    <RolePrivilege name="prvReadSharePointData" level="Global" />
    <RolePrivilege name="prvReadSharePointDocument" level="Global" />
    <RolePrivilege name="prvReadSharePointDocumentLocation" level="Global" />
    <RolePrivilege name="prvReadSharePointSite" level="Global" />
    <RolePrivilege name="prvReadSystemApplicationMetadata" level="Global" />
    <RolePrivilege name="prvReadSystemForm" level="Global" />
    <RolePrivilege name="prvReadTeam" level="Global" />
    <RolePrivilege name="prvReadTraceLog" level="Global" />
    <RolePrivilege name="prvReadTransactionCurrency" level="Global" />
    <RolePrivilege name="prvReadTranslationProcess" level="Global" />
    <RolePrivilege name="prvReadUser" level="Global" />
    <RolePrivilege name="prvReadUserApplicationMetadata" level="Basic" />
    <RolePrivilege name="prvReadUserEntityUISettings" level="Basic" />
    <RolePrivilege name="prvReadUserQuery" level="Basic" />
    <RolePrivilege name="prvReadUserSettings" level="Global" />
    <RolePrivilege name="prvReadWebResource" level="Global" />
    <RolePrivilege name="prvReadWorkflow" level="Global" />
    <RolePrivilege name="prvReadWorkflowSession" level="Global" />
    <RolePrivilege name="prvShareAccount" level="Local" />
    <RolePrivilege name="prvShareActivity" level="Local" />
    <RolePrivilege name="prvShareContact" level="Local" />
    <RolePrivilege name="prvShareNote" level="Local" />
    <RolePrivilege name="prvShareSharePointSite" level="Global" />
    <RolePrivilege name="prvShareUserEntityUISettings" level="Basic" />
    <RolePrivilege name="prvShareWorkflow" level="Basic" />
    <RolePrivilege name="prvShareWorkflowSession" level="Basic" />
    <RolePrivilege name="prvSyncToOutlook" level="Global" />
    <RolePrivilege name="prvUseOfficeApps" level="Global" />
    <RolePrivilege name="prvWorkflowExecution" level="Global" />
    <RolePrivilege name="prvWriteAccount" level="Local" />
    <RolePrivilege name="prvWriteActivity" level="Local" />
    <RolePrivilege name="prvWriteAsyncOperation" level="Basic" />
    <RolePrivilege name="prvWriteContact" level="Local" />
    <RolePrivilege name="prvWriteExchangeSyncIdMapping" level="Basic" />
    <RolePrivilege name="prvWriteNewProcess" level="Global" />
    <RolePrivilege name="prvWriteNote" level="Local" />
    <RolePrivilege name="prvWriteSharePointData" level="Global" />
    <RolePrivilege name="prvWriteSharePointDocumentLocation" level="Global" />
    <RolePrivilege name="prvWriteSharePointSite" level="Global" />
    <RolePrivilege name="prvWriteTranslationProcess" level="Global" />
    <RolePrivilege name="prvWriteUserApplicationMetadata" level="Basic" />
    <RolePrivilege name="prvWriteUserEntityUISettings" level="Basic" />
    <RolePrivilege name="prvWriteWorkflow" level="Basic" />
    <RolePrivilege name="prvWriteWorkflowSession" level="Basic" />
  </RolePrivileges>
</Role>