﻿<?xml version="1.0" encoding="utf-8"?>
<savedqueries xmlns:xsi="http://www.w3.org/2001/XMLSchema-instance">
  <savedquery>
    <IsCustomizable>1</IsCustomizable>
    <CanBeDeleted>1</CanBeDeleted>
    <isquickfindquery>0</isquickfindquery>
    <isprivate>0</isprivate>
    <isdefault>0</isdefault>
    <savedqueryid>{07ba74dd-8ea6-eb11-9442-0022480018c6}</savedqueryid>
    <layoutxml>
      <grid name="resultset" jump="pfc_name" select="1" icon="1" preview="1">
        <row name="result" id="pfc_enquiryid">
          <cell name="pfc_referrerfirstname" width="100" />
          <cell name="pfc_referrerlastname" width="100" />
          <cell name="ownerid" width="100" />
          <cell name="statuscode" width="100" />
          <cell name="createdon" width="100" />
        </row>
      </grid>
    </layoutxml>
    <querytype>0</querytype>
    <fetchxml>
      <fetch version="1.0" output-format="xml-platform" mapping="logical">
        <entity name="pfc_enquiry">
          <attribute name="pfc_enquiryid" />
          <attribute name="pfc_referrerfirstname" />
          <attribute name="pfc_referrerlastname" />
          <attribute name="ownerid" />
          <attribute name="statuscode" />
          <attribute name="createdon" />
          <order attribute="createdon" descending="true" />
        </entity>
      </fetch>
    </fetchxml>
    <IntroducedVersion>1.0.0.191</IntroducedVersion>
    <LocalizedNames>
      <LocalizedName description="All Enquiries" languagecode="1033" />
    </LocalizedNames>
  </savedquery>
</savedqueries>