﻿<?xml version="1.0" encoding="utf-8"?>
<savedqueries xmlns:xsi="http://www.w3.org/2001/XMLSchema-instance">
  <savedquery>
    <IsCustomizable>1</IsCustomizable>
    <CanBeDeleted>0</CanBeDeleted>
    <isquickfindquery>0</isquickfindquery>
    <isprivate>0</isprivate>
    <isdefault>1</isdefault>
    <savedqueryid>{b4e9d40e-97a0-41a8-b7a5-3001a0b359e6}</savedqueryid>
    <layoutxml>
      <grid name="resultset" jump="pfc_name" select="1" icon="1" preview="1">
        <row name="result" id="pfc_enquiryid">
          <cell name="pfc_name" width="300" />
          <cell name="createdon" width="125" />
        </row>
      </grid>
    </layoutxml>
    <querytype>1</querytype>
    <fetchxml>
      <fetch version="1.0" mapping="logical">
        <entity name="pfc_enquiry">
          <attribute name="pfc_enquiryid" />
          <attribute name="pfc_name" />
          <attribute name="createdon" />
          <order attribute="pfc_name" descending="false" />
        </entity>
      </fetch>
    </fetchxml>
    <IntroducedVersion>1.0.0.191</IntroducedVersion>
    <LocalizedNames>
      <LocalizedName description="Enquiry Advanced Find View" languagecode="1033" />
    </LocalizedNames>
  </savedquery>
</savedqueries>