﻿<?xml version="1.0" encoding="utf-8"?>
<savedqueries xmlns:xsi="http://www.w3.org/2001/XMLSchema-instance">
  <savedquery>
    <IsCustomizable>1</IsCustomizable>
    <CanBeDeleted>1</CanBeDeleted>
    <isquickfindquery>0</isquickfindquery>
    <isprivate>0</isprivate>
    <isdefault>1</isdefault>
    <savedqueryid>{f6aa5796-e38a-eb11-b1ac-0022481a97c0}</savedqueryid>
    <querytype>8192</querytype>
    <fetchxml>
      <fetch version="1.0" mapping="logical" output-format="xml-platform">
        <entity name="pfc_enquiry">
          <attribute name="pfc_enquiryid" />
          <filter type="and">
            <condition attribute="statecode" operator="eq" value="0" />
            <condition attribute="ownerid" operator="eq-userid" />
          </filter>
        </entity>
      </fetch>
    </fetchxml>
    <IntroducedVersion>1.0.0.191</IntroducedVersion>
    <LocalizedNames>
      <LocalizedName description="My Enquiries" languagecode="1033" />
    </LocalizedNames>
    <Descriptions>
      <Description description="Active Enquiries owned by me" languagecode="1033" />
    </Descriptions>
  </savedquery>
</savedqueries>